FREQ,BORROWERS_CTY,DSR_BORROWERS,TIME_PERIOD,OBS_VALUE
Q,GB,H,2007-Q1,12.9
Q,GB,H,2007-Q2,13.0
Q,GB,H,2007-Q3,13.3
Q,GB,H,2007-Q4,13.3
Q,GB,H,2008-Q1,13.2
Q,GB,H,2008-Q2,13.1
Q,GB,H,2008-Q3,13.3
Q,GB,H,2008-Q4,13.0
Q,GB,H,2009-Q1,12.1
Q,GB,H,2009-Q2,11.7
Q,GB,H,2009-Q3,11.7
Q,GB,H,2009-Q4,11.6
Q,GB,H,2010-Q1,11.4
Q,GB,H,2010-Q2,11.3
Q,GB,H,2010-Q3,11.2
Q,GB,H,2010-Q4,11.1
Q,GB,H,2011-Q1,11.1
Q,GB,H,2011-Q2,11.0
Q,GB,H,2011-Q3,10.9
Q,GB,H,2011-Q4,10.8
Q,GB,H,2012-Q1,10.7
Q,GB,H,2012-Q2,10.6
Q,GB,H,2012-Q3,10.6
Q,GB,H,2012-Q4,10.6
Q,GB,H,2013-Q1,10.5
Q,GB,H,2013-Q2,10.5
Q,GB,H,2013-Q3,10.4
Q,GB,H,2013-Q4,10.3
Q,GB,H,2014-Q1,10.1
Q,GB,H,2014-Q2,10.0
Q,GB,H,2014-Q3,10.0
Q,GB,H,2014-Q4,10.0
Q,GB,H,2015-Q1,9.9
Q,GB,H,2015-Q2,9.8
Q,GB,H,2015-Q3,9.7
Q,GB,H,2015-Q4,9.6
Q,GB,H,2016-Q1,9.5
Q,GB,H,2016-Q2,9.5
Q,GB,H,2016-Q3,9.6
Q,GB,H,2016-Q4,9.6
Q,GB,H,2017-Q1,9.6
Q,GB,H,2017-Q2,9.6
Q,GB,H,2017-Q3,9.6
Q,GB,H,2017-Q4,9.5
Q,GB,H,2018-Q1,9.4
Q,GB,H,2018-Q2,9.4
Q,GB,H,2018-Q3,9.4
Q,GB,H,2018-Q4,9.4
Q,GB,H,2019-Q1,9.3
Q,GB,H,2019-Q2,9.3
Q,GB,H,2019-Q3,9.3
Q,GB,H,2019-Q4,9.3
Q,GB,H,2020-Q1,9.3
Q,GB,H,2020-Q2,9.2
Q,GB,H,2020-Q3,9.2
Q,GB,H,2020-Q4,9.3
Q,GB,H,2021-Q1,9.2
Q,GB,H,2021-Q2,9.2
Q,GB,H,2021-Q3,9.1
Q,GB,H,2021-Q4,9.0
Q,GB,H,2022-Q1,9.0
Q,GB,H,2022-Q2,9.0
Q,GB,H,2022-Q3,9.0
Q,GB,H,2022-Q4,8.9
Q,GB,H,2023-Q1,8.9
Q,GB,H,2023-Q2,8.9
Q,GB,H,2023-Q3,9.0
Q,GB,H,2023-Q4,9.0
Q,GB,H,2024-Q1,9.0
Q,GB,H,2024-Q2,9.0
Q,GB,H,2024-Q3,9.0
Q,GB,H,2024-Q4,8.9
Q,GB,H,2025-Q1,8.8
Q,GB,H,2025-Q2,8.7
Q,IT,N,2007-Q1,33.4
Q,IT,N,2007-Q2,34.5
Q,IT,N,2007-Q3,35.7
Q,IT,N,2007-Q4,38.6
Q,IT,N,2008-Q1,40.3
Q,IT,N,2008-Q2,40.2
Q,IT,N,2008-Q3,41.1
Q,IT,N,2008-Q4,41.2
Q,IT,N,2009-Q1,41.5
Q,IT,N,2009-Q2,43.3
Q,IT,N,2009-Q3,42.4
Q,IT,N,2009-Q4,40.9
Q,IT,N,2010-Q1,40.4
Q,IT,N,2010-Q2,40.3
Q,IT,N,2010-Q3,40.1
Q,IT,N,2010-Q4,40.0
Q,IT,N,2011-Q1,39.8
Q,IT,N,2011-Q2,39.8
Q,IT,N,2011-Q3,39.8
Q,IT,N,2011-Q4,40.1
Q,IT,N,2012-Q1,40.7
Q,IT,N,2012-Q2,41.2
Q,IT,N,2012-Q3,41.6
Q,IT,N,2012-Q4,42.1
Q,IT,N,2013-Q1,42.0
Q,IT,N,2013-Q2,42.9
Q,IT,N,2013-Q3,42.1
Q,IT,N,2013-Q4,41.0
Q,IT,N,2014-Q1,40.8
Q,IT,N,2014-Q2,40.3
Q,IT,N,2014-Q3,40.4
Q,IT,N,2014-Q4,39.5
Q,IT,N,2015-Q1,39.5
Q,IT,N,2015-Q2,39.1
Q,IT,N,2015-Q3,38.6
Q,IT,N,2015-Q4,37.4
Q,IT,N,2016-Q1,36.4
Q,IT,N,2016-Q2,35.1
Q,IT,N,2016-Q3,34.2
Q,IT,N,2016-Q4,32.7
Q,IT,N,2017-Q1,32.3
Q,IT,N,2017-Q2,31.6
Q,IT,N,2017-Q3,31.0
Q,IT,N,2017-Q4,30.6
Q,IT,N,2018-Q1,30.3
Q,IT,N,2018-Q2,30.1
Q,IT,N,2018-Q3,29.6
Q,IT,N,2018-Q4,29.4
Q,IT,N,2019-Q1,29.0
Q,IT,N,2019-Q2,29.1
Q,IT,N,2019-Q3,28.9
Q,IT,N,2019-Q4,28.7
Q,IT,N,2020-Q1,29.7
Q,IT,N,2020-Q2,32.6
Q,IT,N,2020-Q3,33.5
Q,IT,N,2020-Q4,33.7
Q,IT,N,2021-Q1,32.8
Q,IT,N,2021-Q2,30.0
Q,IT,N,2021-Q3,28.6
Q,IT,N,2021-Q4,28.0
Q,IT,N,2022-Q1,27.0
Q,IT,N,2022-Q2,26.3
Q,IT,N,2022-Q3,25.8
Q,IT,N,2022-Q4,26.1
Q,IT,N,2023-Q1,25.2
Q,IT,N,2023-Q2,25.3
Q,IT,N,2023-Q3,25.0
Q,IT,N,2023-Q4,25.5
Q,IT,N,2024-Q1,25.2
Q,IT,N,2024-Q2,25.5
Q,IT,N,2024-Q3,25.1
Q,IT,N,2024-Q4,25.5
Q,IT,N,2025-Q1,25.8
Q,IT,N,2025-Q2,25.9
Q,IT,P,2007-Q1,11.8
Q,IT,P,2007-Q2,12.0
Q,IT,P,2007-Q3,12.4
Q,IT,P,2007-Q4,13.2
Q,IT,P,2008-Q1,13.5
Q,IT,P,2008-Q2,13.5
Q,IT,P,2008-Q3,13.8
Q,IT,P,2008-Q4,13.6
Q,IT,P,2009-Q1,13.1
Q,IT,P,2009-Q2,13.1
Q,IT,P,2009-Q3,12.8
Q,IT,P,2009-Q4,12.6
Q,IT,P,2010-Q1,12.7
Q,IT,P,2010-Q2,12.7
Q,IT,P,2010-Q3,12.8
Q,IT,P,2010-Q4,12.9
Q,IT,P,2011-Q1,12.9
Q,IT,P,2011-Q2,13.0
Q,IT,P,2011-Q3,13.1
Q,IT,P,2011-Q4,13.2
Q,IT,P,2012-Q1,13.2
Q,IT,P,2012-Q2,13.1
Q,IT,P,2012-Q3,13.1
Q,IT,P,2012-Q4,13.1
Q,IT,P,2013-Q1,13.0
Q,IT,P,2013-Q2,12.9
Q,IT,P,2013-Q3,12.7
Q,IT,P,2013-Q4,12.5
Q,IT,P,2014-Q1,12.5
Q,IT,P,2014-Q2,12.3
Q,IT,P,2014-Q3,12.3
Q,IT,P,2014-Q4,12.0
Q,IT,P,2015-Q1,11.8
Q,IT,P,2015-Q2,11.6
Q,IT,P,2015-Q3,11.5
Q,IT,P,2015-Q4,11.3
Q,IT,P,2016-Q1,11.2
Q,IT,P,2016-Q2,11.1
Q,IT,P,2016-Q3,11.0
Q,IT,P,2016-Q4,10.7
Q,IT,P,2017-Q1,10.6
Q,IT,P,2017-Q2,10.4
Q,IT,P,2017-Q3,10.2
Q,IT,P,2017-Q4,10.1
Q,IT,P,2018-Q1,10.0
Q,IT,P,2018-Q2,10.0
Q,IT,P,2018-Q3,9.9
Q,IT,P,2018-Q4,9.8
Q,IT,P,2019-Q1,9.7
Q,IT,P,2019-Q2,9.9
Q,IT,P,2019-Q3,9.8
Q,IT,P,2019-Q4,9.8
Q,IT,P,2020-Q1,9.9
Q,IT,P,2020-Q2,10.3
Q,IT,P,2020-Q3,10.4
Q,IT,P,2020-Q4,10.4
Q,IT,P,2021-Q1,10.4
Q,IT,P,2021-Q2,10.2
Q,IT,P,2021-Q3,9.9
Q,IT,P,2021-Q4,9.8
Q,IT,P,2022-Q1,9.7
Q,IT,P,2022-Q2,9.6
Q,IT,P,2022-Q3,9.6
Q,IT,P,2022-Q4,9.8
Q,IT,P,2023-Q1,9.6
Q,IT,P,2023-Q2,9.8
Q,IT,P,2023-Q3,9.7
Q,IT,P,2023-Q4,9.8
Q,IT,P,2024-Q1,9.6
Q,IT,P,2024-Q2,9.6
Q,IT,P,2024-Q3,9.4
Q,IT,P,2024-Q4,9.3
Q,IT,P,2025-Q1,9.3
Q,IT,P,2025-Q2,9.2
Q,CN,P,2007-Q1,12.2
Q,CN,P,2007-Q2,12.3
Q,CN,P,2007-Q3,12.7
Q,CN,P,2007-Q4,12.5
Q,CN,P,2008-Q1,12.6
Q,CN,P,2008-Q2,12.5
Q,CN,P,2008-Q3,12.3
Q,CN,P,2008-Q4,10.9
Q,CN,P,2009-Q1,12.2
Q,CN,P,2009-Q2,13.1
Q,CN,P,2009-Q3,13.5
Q,CN,P,2009-Q4,13.6
Q,CN,P,2010-Q1,13.9
Q,CN,P,2010-Q2,14.1
Q,CN,P,2010-Q3,14.1
Q,CN,P,2010-Q4,14.4
Q,CN,P,2011-Q1,14.7
Q,CN,P,2011-Q2,14.9
Q,CN,P,2011-Q3,15.0
Q,CN,P,2011-Q4,15.1
Q,CN,P,2012-Q1,15.5
Q,CN,P,2012-Q2,15.5
Q,CN,P,2012-Q3,15.6
Q,CN,P,2012-Q4,15.8
Q,CN,P,2013-Q1,16.5
Q,CN,P,2013-Q2,16.8
Q,CN,P,2013-Q3,17.1
Q,CN,P,2013-Q4,17.1
Q,CN,P,2014-Q1,17.6
Q,CN,P,2014-Q2,18.0
Q,CN,P,2014-Q3,18.0
Q,CN,P,2014-Q4,17.7
Q,CN,P,2015-Q1,17.9
Q,CN,P,2015-Q2,17.7
Q,CN,P,2015-Q3,17.7
Q,CN,P,2015-Q4,17.8
Q,CN,P,2016-Q1,18.3
Q,CN,P,2016-Q2,18.1
Q,CN,P,2016-Q3,18.0
Q,CN,P,2016-Q4,17.9
Q,CN,P,2017-Q1,17.9
Q,CN,P,2017-Q2,17.7
Q,CN,P,2017-Q3,17.5
Q,CN,P,2017-Q4,17.2
Q,CN,P,2018-Q1,17.2
Q,CN,P,2018-Q2,17.0
Q,CN,P,2018-Q3,16.8
Q,CN,P,2018-Q4,16.6
Q,CN,P,2019-Q1,16.9
Q,CN,P,2019-Q2,16.9
Q,CN,P,2019-Q3,16.9
Q,CN,P,2019-Q4,16.8
Q,CN,P,2020-Q1,17.7
Q,CN,P,2020-Q2,18.1
Q,CN,P,2020-Q3,18.2
Q,CN,P,2020-Q4,17.9
Q,CN,P,2021-Q1,17.8
Q,CN,P,2021-Q2,17.6
Q,CN,P,2021-Q3,17.4
Q,CN,P,2021-Q4,17.1
Q,CN,P,2022-Q1,17.4
Q,CN,P,2022-Q2,17.6
Q,CN,P,2022-Q3,17.6
Q,CN,P,2022-Q4,17.6
Q,CN,P,2023-Q1,18.2
Q,CN,P,2023-Q2,18.2
Q,CN,P,2023-Q3,18.3
Q,CN,P,2023-Q4,18.2
Q,CN,P,2024-Q1,18.6
Q,CN,P,2024-Q2,18.6
Q,CN,P,2024-Q3,18.6
Q,CN,P,2024-Q4,18.5
Q,CN,P,2025-Q1,18.9
Q,CN,P,2025-Q2,18.8
Q,US,N,2007-Q1,42.1
Q,US,N,2007-Q2,42.8
Q,US,N,2007-Q3,43.6
Q,US,N,2007-Q4,44.2
Q,US,N,2008-Q1,44.4
Q,US,N,2008-Q2,44.6
Q,US,N,2008-Q3,44.3
Q,US,N,2008-Q4,43.7
Q,US,N,2009-Q1,43.0
Q,US,N,2009-Q2,42.8
Q,US,N,2009-Q3,42.6
Q,US,N,2009-Q4,42.0
Q,US,N,2010-Q1,41.4
Q,US,N,2010-Q2,40.3
Q,US,N,2010-Q3,39.3
Q,US,N,2010-Q4,38.5
Q,US,N,2011-Q1,38.3
Q,US,N,2011-Q2,38.1
Q,US,N,2011-Q3,38.1
Q,US,N,2011-Q4,38.0
Q,US,N,2012-Q1,37.7
Q,US,N,2012-Q2,37.6
Q,US,N,2012-Q3,37.6
Q,US,N,2012-Q4,37.6
Q,US,N,2013-Q1,37.3
Q,US,N,2013-Q2,37.3
Q,US,N,2013-Q3,37.3
Q,US,N,2013-Q4,37.3
Q,US,N,2014-Q1,37.6
Q,US,N,2014-Q2,37.8
Q,US,N,2014-Q3,37.8
Q,US,N,2014-Q4,37.9
Q,US,N,2015-Q1,37.9
Q,US,N,2015-Q2,38.2
Q,US,N,2015-Q3,38.5
Q,US,N,2015-Q4,39.0
Q,US,N,2016-Q1,39.6
Q,US,N,2016-Q2,40.1
Q,US,N,2016-Q3,40.7
Q,US,N,2016-Q4,40.8
Q,US,N,2017-Q1,41.2
Q,US,N,2017-Q2,41.4
Q,US,N,2017-Q3,41.3
Q,US,N,2017-Q4,41.1
Q,US,N,2018-Q1,40.3
Q,US,N,2018-Q2,39.8
Q,US,N,2018-Q3,39.0
Q,US,N,2018-Q4,38.7
Q,US,N,2019-Q1,39.3
Q,US,N,2019-Q2,39.9
Q,US,N,2019-Q3,40.4
Q,US,N,2019-Q4,40.7
Q,US,N,2020-Q1,41.9
Q,US,N,2020-Q2,43.1
Q,US,N,2020-Q3,42.5
Q,US,N,2020-Q4,42.4
Q,US,N,2021-Q1,42.2
Q,US,N,2021-Q2,41.3
Q,US,N,2021-Q3,40.9
Q,US,N,2021-Q4,40.7
Q,US,N,2022-Q1,40.9
Q,US,N,2022-Q2,40.8
Q,US,N,2022-Q3,40.5
Q,US,N,2022-Q4,40.1
Q,US,N,2023-Q1,39.8
Q,US,N,2023-Q2,39.3
Q,US,N,2023-Q3,38.9
Q,US,N,2023-Q4,38.4
Q,US,N,2024-Q1,38.6
Q,US,N,2024-Q2,38.6
Q,US,N,2024-Q3,38.6
Q,US,N,2024-Q4,38.1
Q,US,N,2025-Q1,37.9
Q,US,N,2025-Q2,37.6
Q,US,P,2007-Q1,18.1
Q,US,P,2007-Q2,18.3
Q,US,P,2007-Q3,18.5
Q,US,P,2007-Q4,18.5
Q,US,P,2008-Q1,18.4
Q,US,P,2008-Q2,18.1
Q,US,P,2008-Q3,17.9
Q,US,P,2008-Q4,17.5
Q,US,P,2009-Q1,17.2
Q,US,P,2009-Q2,17.0
Q,US,P,2009-Q3,16.9
Q,US,P,2009-Q4,16.7
Q,US,P,2010-Q1,16.5
Q,US,P,2010-Q2,16.2
Q,US,P,2010-Q3,15.9
Q,US,P,2010-Q4,15.6
Q,US,P,2011-Q1,15.4
Q,US,P,2011-Q2,15.2
Q,US,P,2011-Q3,15.0
Q,US,P,2011-Q4,14.9
Q,US,P,2012-Q1,14.8
Q,US,P,2012-Q2,14.6
Q,US,P,2012-Q3,14.6
Q,US,P,2012-Q4,14.4
Q,US,P,2013-Q1,14.3
Q,US,P,2013-Q2,14.4
Q,US,P,2013-Q3,14.4
Q,US,P,2013-Q4,14.5
Q,US,P,2014-Q1,14.5
Q,US,P,2014-Q2,14.5
Q,US,P,2014-Q3,14.5
Q,US,P,2014-Q4,14.4
Q,US,P,2015-Q1,14.4
Q,US,P,2015-Q2,14.4
Q,US,P,2015-Q3,14.5
Q,US,P,2015-Q4,14.5
Q,US,P,2016-Q1,14.6
Q,US,P,2016-Q2,14.7
Q,US,P,2016-Q3,14.8
Q,US,P,2016-Q4,14.8
Q,US,P,2017-Q1,14.9
Q,US,P,2017-Q2,14.9
Q,US,P,2017-Q3,14.9
Q,US,P,2017-Q4,14.9
Q,US,P,2018-Q1,14.8
Q,US,P,2018-Q2,14.8
Q,US,P,2018-Q3,14.7
Q,US,P,2018-Q4,14.7
Q,US,P,2019-Q1,14.7
Q,US,P,2019-Q2,14.8
Q,US,P,2019-Q3,14.8
Q,US,P,2019-Q4,14.8
Q,US,P,2020-Q1,14.8
Q,US,P,2020-Q2,14.6
Q,US,P,2020-Q3,14.3
Q,US,P,2020-Q4,14.2
Q,US,P,2021-Q1,13.8
Q,US,P,2021-Q2,13.9
Q,US,P,2021-Q3,13.9
Q,US,P,2021-Q4,13.9
Q,US,P,2022-Q1,14.3
Q,US,P,2022-Q2,14.6
Q,US,P,2022-Q3,14.7
Q,US,P,2022-Q4,14.8
Q,US,P,2023-Q1,14.8
Q,US,P,2023-Q2,14.8
Q,US,P,2023-Q3,14.7
Q,US,P,2023-Q4,14.6
Q,US,P,2024-Q1,14.6
Q,US,P,2024-Q2,14.6
Q,US,P,2024-Q3,14.7
Q,US,P,2024-Q4,14.5
Q,US,P,2025-Q1,14.3
Q,US,P,2025-Q2,14.3
Q,IT,H,2007-Q1,4.9
Q,IT,H,2007-Q2,4.9
Q,IT,H,2007-Q3,5.0
Q,IT,H,2007-Q4,5.2
Q,IT,H,2008-Q1,5.1
Q,IT,H,2008-Q2,5.2
Q,IT,H,2008-Q3,5.3
Q,IT,H,2008-Q4,5.1
Q,IT,H,2009-Q1,5.0
Q,IT,H,2009-Q2,5.0
Q,IT,H,2009-Q3,4.9
Q,IT,H,2009-Q4,4.9
Q,IT,H,2010-Q1,5.0
Q,IT,H,2010-Q2,5.0
Q,IT,H,2010-Q3,5.1
Q,IT,H,2010-Q4,5.1
Q,IT,H,2011-Q1,5.2
Q,IT,H,2011-Q2,5.3
Q,IT,H,2011-Q3,5.3
Q,IT,H,2011-Q4,5.3
Q,IT,H,2012-Q1,5.3
Q,IT,H,2012-Q2,5.3
Q,IT,H,2012-Q3,5.2
Q,IT,H,2012-Q4,5.1
Q,IT,H,2013-Q1,5.0
Q,IT,H,2013-Q2,4.9
Q,IT,H,2013-Q3,4.8
Q,IT,H,2013-Q4,4.7
Q,IT,H,2014-Q1,4.8
Q,IT,H,2014-Q2,4.8
Q,IT,H,2014-Q3,4.7
Q,IT,H,2014-Q4,4.6
Q,IT,H,2015-Q1,4.5
Q,IT,H,2015-Q2,4.5
Q,IT,H,2015-Q3,4.5
Q,IT,H,2015-Q4,4.4
Q,IT,H,2016-Q1,4.5
Q,IT,H,2016-Q2,4.5
Q,IT,H,2016-Q3,4.5
Q,IT,H,2016-Q4,4.4
Q,IT,H,2017-Q1,4.4
Q,IT,H,2017-Q2,4.3
Q,IT,H,2017-Q3,4.3
Q,IT,H,2017-Q4,4.3
Q,IT,H,2018-Q1,4.2
Q,IT,H,2018-Q2,4.3
Q,IT,H,2018-Q3,4.3
Q,IT,H,2018-Q4,4.2
Q,IT,H,2019-Q1,4.2
Q,IT,H,2019-Q2,4.3
Q,IT,H,2019-Q3,4.3
Q,IT,H,2019-Q4,4.3
Q,IT,H,2020-Q1,4.3
Q,IT,H,2020-Q2,4.4
Q,IT,H,2020-Q3,4.4
Q,IT,H,2020-Q4,4.4
Q,IT,H,2021-Q1,4.4
Q,IT,H,2021-Q2,4.4
Q,IT,H,2021-Q3,4.3
Q,IT,H,2021-Q4,4.3
Q,IT,H,2022-Q1,4.2
Q,IT,H,2022-Q2,4.3
Q,IT,H,2022-Q3,4.3
Q,IT,H,2022-Q4,4.4
Q,IT,H,2023-Q1,4.4
Q,IT,H,2023-Q2,4.5
Q,IT,H,2023-Q3,4.5
Q,IT,H,2023-Q4,4.5
Q,IT,H,2024-Q1,4.4
Q,IT,H,2024-Q2,4.4
Q,IT,H,2024-Q3,4.3
Q,IT,H,2024-Q4,4.3
Q,IT,H,2025-Q1,4.2
Q,IT,H,2025-Q2,4.2
Q,JP,N,2007-Q1,36.5
Q,JP,N,2007-Q2,35.5
Q,JP,N,2007-Q3,35.7
Q,JP,N,2007-Q4,36.1
Q,JP,N,2008-Q1,35.5
Q,JP,N,2008-Q2,36.3
Q,JP,N,2008-Q3,36.5
Q,JP,N,2008-Q4,38.0
Q,JP,N,2009-Q1,38.9
Q,JP,N,2009-Q2,39.5
Q,JP,N,2009-Q3,40.0
Q,JP,N,2009-Q4,40.0
Q,JP,N,2010-Q1,38.0
Q,JP,N,2010-Q2,36.5
Q,JP,N,2010-Q3,35.1
Q,JP,N,2010-Q4,34.3
Q,JP,N,2011-Q1,34.1
Q,JP,N,2011-Q2,34.6
Q,JP,N,2011-Q3,35.4
Q,JP,N,2011-Q4,35.8
Q,JP,N,2012-Q1,35.5
Q,JP,N,2012-Q2,34.3
Q,JP,N,2012-Q3,34.5
Q,JP,N,2012-Q4,34.6
Q,JP,N,2013-Q1,34.3
Q,JP,N,2013-Q2,33.4
Q,JP,N,2013-Q3,33.0
Q,JP,N,2013-Q4,32.9
Q,JP,N,2014-Q1,32.7
Q,JP,N,2014-Q2,32.5
Q,JP,N,2014-Q3,32.9
Q,JP,N,2014-Q4,33.0
Q,JP,N,2015-Q1,32.1
Q,JP,N,2015-Q2,30.7
Q,JP,N,2015-Q3,29.9
Q,JP,N,2015-Q4,29.5
Q,JP,N,2016-Q1,29.1
Q,JP,N,2016-Q2,29.3
Q,JP,N,2016-Q3,29.8
Q,JP,N,2016-Q4,30.3
Q,JP,N,2017-Q1,30.5
Q,JP,N,2017-Q2,30.1
Q,JP,N,2017-Q3,29.9
Q,JP,N,2017-Q4,29.7
Q,JP,N,2018-Q1,29.4
Q,JP,N,2018-Q2,29.7
Q,JP,N,2018-Q3,30.2
Q,JP,N,2018-Q4,30.9
Q,JP,N,2019-Q1,31.5
Q,JP,N,2019-Q2,32.0
Q,JP,N,2019-Q3,32.7
Q,JP,N,2019-Q4,33.5
Q,JP,N,2020-Q1,34.0
Q,JP,N,2020-Q2,37.9
Q,JP,N,2020-Q3,38.8
Q,JP,N,2020-Q4,38.8
Q,JP,N,2021-Q1,38.6
Q,JP,N,2021-Q2,36.9
Q,JP,N,2021-Q3,36.4
Q,JP,N,2021-Q4,36.5
Q,JP,N,2022-Q1,36.5
Q,JP,N,2022-Q2,37.0
Q,JP,N,2022-Q3,37.4
Q,JP,N,2022-Q4,37.8
Q,JP,N,2023-Q1,37.3
Q,JP,N,2023-Q2,36.8
Q,JP,N,2023-Q3,36.2
Q,JP,N,2023-Q4,35.8
Q,JP,N,2024-Q1,35.9
Q,JP,N,2024-Q2,35.8
Q,JP,N,2024-Q3,35.4
Q,JP,N,2024-Q4,35.8
Q,JP,N,2025-Q1,35.4
Q,JP,N,2025-Q2,35.3
Q,JP,P,2007-Q1,15.6
Q,JP,P,2007-Q2,15.4
Q,JP,P,2007-Q3,15.4
Q,JP,P,2007-Q4,15.5
Q,JP,P,2008-Q1,15.3
Q,JP,P,2008-Q2,15.4
Q,JP,P,2008-Q3,15.4
Q,JP,P,2008-Q4,15.7
Q,JP,P,2009-Q1,15.7
Q,JP,P,2009-Q2,15.7
Q,JP,P,2009-Q3,15.7
Q,JP,P,2009-Q4,15.6
Q,JP,P,2010-Q1,15.2
Q,JP,P,2010-Q2,15.0
Q,JP,P,2010-Q3,14.8
Q,JP,P,2010-Q4,14.6
Q,JP,P,2011-Q1,14.5
Q,JP,P,2011-Q2,14.5
Q,JP,P,2011-Q3,14.6
Q,JP,P,2011-Q4,14.6
Q,JP,P,2012-Q1,14.5
Q,JP,P,2012-Q2,14.3
Q,JP,P,2012-Q3,14.3
Q,JP,P,2012-Q4,14.4
Q,JP,P,2013-Q1,14.3
Q,JP,P,2013-Q2,14.1
Q,JP,P,2013-Q3,14.1
Q,JP,P,2013-Q4,14.2
Q,JP,P,2014-Q1,14.2
Q,JP,P,2014-Q2,14.1
Q,JP,P,2014-Q3,14.2
Q,JP,P,2014-Q4,14.3
Q,JP,P,2015-Q1,14.2
Q,JP,P,2015-Q2,13.9
Q,JP,P,2015-Q3,13.8
Q,JP,P,2015-Q4,13.7
Q,JP,P,2016-Q1,13.6
Q,JP,P,2016-Q2,13.6
Q,JP,P,2016-Q3,13.7
Q,JP,P,2016-Q4,13.9
Q,JP,P,2017-Q1,13.9
Q,JP,P,2017-Q2,13.9
Q,JP,P,2017-Q3,13.8
Q,JP,P,2017-Q4,13.9
Q,JP,P,2018-Q1,13.9
Q,JP,P,2018-Q2,13.9
Q,JP,P,2018-Q3,14.1
Q,JP,P,2018-Q4,14.2
Q,JP,P,2019-Q1,14.3
Q,JP,P,2019-Q2,14.4
Q,JP,P,2019-Q3,14.5
Q,JP,P,2019-Q4,14.7
Q,JP,P,2020-Q1,14.8
Q,JP,P,2020-Q2,15.3
Q,JP,P,2020-Q3,15.4
Q,JP,P,2020-Q4,15.5
Q,JP,P,2021-Q1,15.5
Q,JP,P,2021-Q2,15.6
Q,JP,P,2021-Q3,15.6
Q,JP,P,2021-Q4,15.8
Q,JP,P,2022-Q1,15.7
Q,JP,P,2022-Q2,15.9
Q,JP,P,2022-Q3,15.9
Q,JP,P,2022-Q4,16.0
Q,JP,P,2023-Q1,16.0
Q,JP,P,2023-Q2,16.0
Q,JP,P,2023-Q3,16.1
Q,JP,P,2023-Q4,16.1
Q,JP,P,2024-Q1,16.1
Q,JP,P,2024-Q2,16.1
Q,JP,P,2024-Q3,16.0
Q,JP,P,2024-Q4,16.1
Q,JP,P,2025-Q1,16.0
Q,JP,P,2025-Q2,16.0
Q,US,H,2007-Q1,11.5
Q,US,H,2007-Q2,11.6
Q,US,H,2007-Q3,11.6
Q,US,H,2007-Q4,11.6
Q,US,H,2008-Q1,11.4
Q,US,H,2008-Q2,11.2
Q,US,H,2008-Q3,11.0
Q,US,H,2008-Q4,10.8
Q,US,H,2009-Q1,10.6
Q,US,H,2009-Q2,10.6
Q,US,H,2009-Q3,10.5
Q,US,H,2009-Q4,10.4
Q,US,H,2010-Q1,10.3
Q,US,H,2010-Q2,10.1
Q,US,H,2010-Q3,9.9
Q,US,H,2010-Q4,9.7
Q,US,H,2011-Q1,9.5
Q,US,H,2011-Q2,9.3
Q,US,H,2011-Q3,9.2
Q,US,H,2011-Q4,9.0
Q,US,H,2012-Q1,8.9
Q,US,H,2012-Q2,8.8
Q,US,H,2012-Q3,8.7
Q,US,H,2012-Q4,8.5
Q,US,H,2013-Q1,8.5
Q,US,H,2013-Q2,8.4
Q,US,H,2013-Q3,8.4
Q,US,H,2013-Q4,8.5
Q,US,H,2014-Q1,8.5
Q,US,H,2014-Q2,8.4
Q,US,H,2014-Q3,8.3
Q,US,H,2014-Q4,8.3
Q,US,H,2015-Q1,8.2
Q,US,H,2015-Q2,8.2
Q,US,H,2015-Q3,8.2
Q,US,H,2015-Q4,8.1
Q,US,H,2016-Q1,8.1
Q,US,H,2016-Q2,8.1
Q,US,H,2016-Q3,8.2
Q,US,H,2016-Q4,8.2
Q,US,H,2017-Q1,8.1
Q,US,H,2017-Q2,8.1
Q,US,H,2017-Q3,8.1
Q,US,H,2017-Q4,8.1
Q,US,H,2018-Q1,8.1
Q,US,H,2018-Q2,8.1
Q,US,H,2018-Q3,8.1
Q,US,H,2018-Q4,8.1
Q,US,H,2019-Q1,8.0
Q,US,H,2019-Q2,8.0
Q,US,H,2019-Q3,8.0
Q,US,H,2019-Q4,7.9
Q,US,H,2020-Q1,7.8
Q,US,H,2020-Q2,7.5
Q,US,H,2020-Q3,7.4
Q,US,H,2020-Q4,7.4
Q,US,H,2021-Q1,7.1
Q,US,H,2021-Q2,7.3
Q,US,H,2021-Q3,7.3
Q,US,H,2021-Q4,7.3
Q,US,H,2022-Q1,7.6
Q,US,H,2022-Q2,7.7
Q,US,H,2022-Q3,7.9
Q,US,H,2022-Q4,8.1
Q,US,H,2023-Q1,8.2
Q,US,H,2023-Q2,8.2
Q,US,H,2023-Q3,8.2
Q,US,H,2023-Q4,8.2
Q,US,H,2024-Q1,8.1
Q,US,H,2024-Q2,8.1
Q,US,H,2024-Q3,8.1
Q,US,H,2024-Q4,8.0
Q,US,H,2025-Q1,8.0
Q,US,H,2025-Q2,8.0
Q,JP,H,2007-Q1,7.9
Q,JP,H,2007-Q2,7.9
Q,JP,H,2007-Q3,7.8
Q,JP,H,2007-Q4,7.8
Q,JP,H,2008-Q1,7.8
Q,JP,H,2008-Q2,7.7
Q,JP,H,2008-Q3,7.6
Q,JP,H,2008-Q4,7.6
Q,JP,H,2009-Q1,7.5
Q,JP,H,2009-Q2,7.4
Q,JP,H,2009-Q3,7.4
Q,JP,H,2009-Q4,7.4
Q,JP,H,2010-Q1,7.3
Q,JP,H,2010-Q2,7.2
Q,JP,H,2010-Q3,7.2
Q,JP,H,2010-Q4,7.2
Q,JP,H,2011-Q1,7.1
Q,JP,H,2011-Q2,7.1
Q,JP,H,2011-Q3,7.0
Q,JP,H,2011-Q4,7.0
Q,JP,H,2012-Q1,7.0
Q,JP,H,2012-Q2,7.0
Q,JP,H,2012-Q3,7.0
Q,JP,H,2012-Q4,7.0
Q,JP,H,2013-Q1,7.0
Q,JP,H,2013-Q2,7.0
Q,JP,H,2013-Q3,7.0
Q,JP,H,2013-Q4,7.0
Q,JP,H,2014-Q1,7.0
Q,JP,H,2014-Q2,7.1
Q,JP,H,2014-Q3,7.1
Q,JP,H,2014-Q4,7.1
Q,JP,H,2015-Q1,7.1
Q,JP,H,2015-Q2,7.1
Q,JP,H,2015-Q3,7.1
Q,JP,H,2015-Q4,7.0
Q,JP,H,2016-Q1,7.0
Q,JP,H,2016-Q2,7.0
Q,JP,H,2016-Q3,7.0
Q,JP,H,2016-Q4,7.0
Q,JP,H,2017-Q1,7.0
Q,JP,H,2017-Q2,7.0
Q,JP,H,2017-Q3,7.1
Q,JP,H,2017-Q4,7.1
Q,JP,H,2018-Q1,7.1
Q,JP,H,2018-Q2,7.2
Q,JP,H,2018-Q3,7.2
Q,JP,H,2018-Q4,7.2
Q,JP,H,2019-Q1,7.2
Q,JP,H,2019-Q2,7.2
Q,JP,H,2019-Q3,7.2
Q,JP,H,2019-Q4,7.3
Q,JP,H,2020-Q1,7.3
Q,JP,H,2020-Q2,7.1
Q,JP,H,2020-Q3,7.1
Q,JP,H,2020-Q4,7.2
Q,JP,H,2021-Q1,7.2
Q,JP,H,2021-Q2,7.4
Q,JP,H,2021-Q3,7.5
Q,JP,H,2021-Q4,7.5
Q,JP,H,2022-Q1,7.5
Q,JP,H,2022-Q2,7.5
Q,JP,H,2022-Q3,7.5
Q,JP,H,2022-Q4,7.5
Q,JP,H,2023-Q1,7.6
Q,JP,H,2023-Q2,7.6
Q,JP,H,2023-Q3,7.6
Q,JP,H,2023-Q4,7.7
Q,JP,H,2024-Q1,7.7
Q,JP,H,2024-Q2,7.7
Q,JP,H,2024-Q3,7.7
Q,JP,H,2024-Q4,7.7
Q,JP,H,2025-Q1,7.7
Q,JP,H,2025-Q2,7.7
Q,AU,N,2007-Q1,48.4
Q,AU,N,2007-Q2,48.5
Q,AU,N,2007-Q3,50.1
Q,AU,N,2007-Q4,51.6
Q,AU,N,2008-Q1,53.3
Q,AU,N,2008-Q2,53.6
Q,AU,N,2008-Q3,52.7
Q,AU,N,2008-Q4,50.7
Q,AU,N,2009-Q1,47.2
Q,AU,N,2009-Q2,44.2
Q,AU,N,2009-Q3,43.4
Q,AU,N,2009-Q4,43.2
Q,AU,N,2010-Q1,43.5
Q,AU,N,2010-Q2,42.5
Q,AU,N,2010-Q3,42.0
Q,AU,N,2010-Q4,40.8
Q,AU,N,2011-Q1,40.5
Q,AU,N,2011-Q2,40.1
Q,AU,N,2011-Q3,39.8
Q,AU,N,2011-Q4,38.9
Q,AU,N,2012-Q1,38.4
Q,AU,N,2012-Q2,37.8
Q,AU,N,2012-Q3,38.1
Q,AU,N,2012-Q4,38.8
Q,AU,N,2013-Q1,39.0
Q,AU,N,2013-Q2,39.8
Q,AU,N,2013-Q3,39.8
Q,AU,N,2013-Q4,40.3
Q,AU,N,2014-Q1,40.0
Q,AU,N,2014-Q2,40.6
Q,AU,N,2014-Q3,42.0
Q,AU,N,2014-Q4,43.1
Q,AU,N,2015-Q1,45.1
Q,AU,N,2015-Q2,46.7
Q,AU,N,2015-Q3,49.1
Q,AU,N,2015-Q4,50.9
Q,AU,N,2016-Q1,52.3
Q,AU,N,2016-Q2,53.3
Q,AU,N,2016-Q3,52.5
Q,AU,N,2016-Q4,51.0
Q,AU,N,2017-Q1,48.1
Q,AU,N,2017-Q2,46.5
Q,AU,N,2017-Q3,45.1
Q,AU,N,2017-Q4,45.0
Q,AU,N,2018-Q1,45.8
Q,AU,N,2018-Q2,45.8
Q,AU,N,2018-Q3,46.1
Q,AU,N,2018-Q4,45.1
Q,AU,N,2019-Q1,44.0
Q,AU,N,2019-Q2,42.7
Q,AU,N,2019-Q3,41.5
Q,AU,N,2019-Q4,40.1
Q,AU,N,2020-Q1,41.0
Q,AU,N,2020-Q2,37.5
Q,AU,N,2020-Q3,34.0
Q,AU,N,2020-Q4,32.1
Q,AU,N,2021-Q1,31.2
Q,AU,N,2021-Q2,31.9
Q,AU,N,2021-Q3,33.2
Q,AU,N,2021-Q4,33.5
Q,AU,N,2022-Q1,32.8
Q,AU,N,2022-Q2,32.0
Q,AU,N,2022-Q3,32.4
Q,AU,N,2022-Q4,31.7
Q,AU,N,2023-Q1,31.7
Q,AU,N,2023-Q2,32.3
Q,AU,N,2023-Q3,33.6
Q,AU,N,2023-Q4,34.4
Q,AU,N,2024-Q1,35.6
Q,AU,N,2024-Q2,36.4
Q,AU,N,2024-Q3,36.6
Q,AU,N,2024-Q4,37.9
Q,AU,N,2025-Q1,38.5
Q,AU,N,2025-Q2,39.1
Q,KR,N,2007-Q1,34.9
Q,KR,N,2007-Q2,35.2
Q,KR,N,2007-Q3,35.4
Q,KR,N,2007-Q4,35.6
Q,KR,N,2008-Q1,36.7
Q,KR,N,2008-Q2,37.5
Q,KR,N,2008-Q3,38.8
Q,KR,N,2008-Q4,40.0
Q,KR,N,2009-Q1,40.4
Q,KR,N,2009-Q2,40.4
Q,KR,N,2009-Q3,40.5
Q,KR,N,2009-Q4,39.8
Q,KR,N,2010-Q1,38.3
Q,KR,N,2010-Q2,36.9
Q,KR,N,2010-Q3,35.6
Q,KR,N,2010-Q4,34.4
Q,KR,N,2011-Q1,34.5
Q,KR,N,2011-Q2,34.8
Q,KR,N,2011-Q3,35.6
Q,KR,N,2011-Q4,35.4
Q,KR,N,2012-Q1,35.6
Q,KR,N,2012-Q2,35.8
Q,KR,N,2012-Q3,35.9
Q,KR,N,2012-Q4,35.1
Q,KR,N,2013-Q1,36.4
Q,KR,N,2013-Q2,36.1
Q,KR,N,2013-Q3,35.8
Q,KR,N,2013-Q4,35.2
Q,KR,N,2014-Q1,35.3
Q,KR,N,2014-Q2,35.3
Q,KR,N,2014-Q3,35.5
Q,KR,N,2014-Q4,35.4
Q,KR,N,2015-Q1,35.3
Q,KR,N,2015-Q2,34.9
Q,KR,N,2015-Q3,34.8
Q,KR,N,2015-Q4,34.5
Q,KR,N,2016-Q1,34.3
Q,KR,N,2016-Q2,33.9
Q,KR,N,2016-Q3,33.3
Q,KR,N,2016-Q4,32.6
Q,KR,N,2017-Q1,32.0
Q,KR,N,2017-Q2,31.8
Q,KR,N,2017-Q3,31.3
Q,KR,N,2017-Q4,30.9
Q,KR,N,2018-Q1,31.2
Q,KR,N,2018-Q2,31.7
Q,KR,N,2018-Q3,32.4
Q,KR,N,2018-Q4,32.9
Q,KR,N,2019-Q1,33.6
Q,KR,N,2019-Q2,34.4
Q,KR,N,2019-Q3,34.9
Q,KR,N,2019-Q4,35.1
Q,KR,N,2020-Q1,35.8
Q,KR,N,2020-Q2,36.3
Q,KR,N,2020-Q3,36.3
Q,KR,N,2020-Q4,35.8
Q,KR,N,2021-Q1,35.3
Q,KR,N,2021-Q2,34.7
Q,KR,N,2021-Q3,34.4
Q,KR,N,2021-Q4,34.5
Q,KR,N,2022-Q1,35.0
Q,KR,N,2022-Q2,36.3
Q,KR,N,2022-Q3,38.2
Q,KR,N,2022-Q4,39.8
Q,KR,N,2023-Q1,41.4
Q,KR,N,2023-Q2,41.7
Q,KR,N,2023-Q3,41.8
Q,KR,N,2023-Q4,41.0
Q,KR,N,2024-Q1,40.2
Q,KR,N,2024-Q2,39.4
Q,KR,N,2024-Q3,38.7
Q,KR,N,2024-Q4,38.0
Q,KR,N,2025-Q1,38.1
Q,KR,N,2025-Q2,37.7
Q,AU,P,2007-Q1,22.8
Q,AU,P,2007-Q2,23.0
Q,AU,P,2007-Q3,23.6
Q,AU,P,2007-Q4,24.1
Q,AU,P,2008-Q1,24.6
Q,AU,P,2008-Q2,25.0
Q,AU,P,2008-Q3,24.4
Q,AU,P,2008-Q4,23.4
Q,AU,P,2009-Q1,22.4
Q,AU,P,2009-Q2,21.3
Q,AU,P,2009-Q3,21.2
Q,AU,P,2009-Q4,21.4
Q,AU,P,2010-Q1,21.6
Q,AU,P,2010-Q2,21.9
Q,AU,P,2010-Q3,21.7
Q,AU,P,2010-Q4,21.6
Q,AU,P,2011-Q1,21.4
Q,AU,P,2011-Q2,21.3
Q,AU,P,2011-Q3,21.2
Q,AU,P,2011-Q4,20.7
Q,AU,P,2012-Q1,20.7
Q,AU,P,2012-Q2,20.4
Q,AU,P,2012-Q3,20.3
Q,AU,P,2012-Q4,20.1
Q,AU,P,2013-Q1,20.0
Q,AU,P,2013-Q2,20.1
Q,AU,P,2013-Q3,19.9
Q,AU,P,2013-Q4,19.9
Q,AU,P,2014-Q1,19.8
Q,AU,P,2014-Q2,19.9
Q,AU,P,2014-Q3,19.9
Q,AU,P,2014-Q4,20.0
Q,AU,P,2015-Q1,20.2
Q,AU,P,2015-Q2,20.3
Q,AU,P,2015-Q3,20.5
Q,AU,P,2015-Q4,20.8
Q,AU,P,2016-Q1,21.0
Q,AU,P,2016-Q2,21.1
Q,AU,P,2016-Q3,20.9
Q,AU,P,2016-Q4,20.9
Q,AU,P,2017-Q1,20.7
Q,AU,P,2017-Q2,20.6
Q,AU,P,2017-Q3,20.5
Q,AU,P,2017-Q4,20.5
Q,AU,P,2018-Q1,20.7
Q,AU,P,2018-Q2,20.7
Q,AU,P,2018-Q3,20.7
Q,AU,P,2018-Q4,20.6
Q,AU,P,2019-Q1,20.5
Q,AU,P,2019-Q2,20.2
Q,AU,P,2019-Q3,19.8
Q,AU,P,2019-Q4,19.5
Q,AU,P,2020-Q1,19.6
Q,AU,P,2020-Q2,18.6
Q,AU,P,2020-Q3,17.8
Q,AU,P,2020-Q4,17.3
Q,AU,P,2021-Q1,17.0
Q,AU,P,2021-Q2,17.2
Q,AU,P,2021-Q3,17.3
Q,AU,P,2021-Q4,17.3
Q,AU,P,2022-Q1,17.1
Q,AU,P,2022-Q2,17.3
Q,AU,P,2022-Q3,18.1
Q,AU,P,2022-Q4,18.6
Q,AU,P,2023-Q1,18.9
Q,AU,P,2023-Q2,19.4
Q,AU,P,2023-Q3,19.9
Q,AU,P,2023-Q4,20.2
Q,AU,P,2024-Q1,20.5
Q,AU,P,2024-Q2,20.8
Q,AU,P,2024-Q3,20.8
Q,AU,P,2024-Q4,21.1
Q,AU,P,2025-Q1,21.0
Q,AU,P,2025-Q2,20.8
Q,KR,P,2007-Q1,17.7
Q,KR,P,2007-Q2,17.9
Q,KR,P,2007-Q3,18.0
Q,KR,P,2007-Q4,17.9
Q,KR,P,2008-Q1,17.9
Q,KR,P,2008-Q2,18.0
Q,KR,P,2008-Q3,18.3
Q,KR,P,2008-Q4,18.8
Q,KR,P,2009-Q1,19.1
Q,KR,P,2009-Q2,19.3
Q,KR,P,2009-Q3,19.5
Q,KR,P,2009-Q4,19.5
Q,KR,P,2010-Q1,19.1
Q,KR,P,2010-Q2,18.8
Q,KR,P,2010-Q3,18.5
Q,KR,P,2010-Q4,18.2
Q,KR,P,2011-Q1,18.3
Q,KR,P,2011-Q2,18.3
Q,KR,P,2011-Q3,18.4
Q,KR,P,2011-Q4,18.2
Q,KR,P,2012-Q1,18.0
Q,KR,P,2012-Q2,18.0
Q,KR,P,2012-Q3,18.0
Q,KR,P,2012-Q4,17.8
Q,KR,P,2013-Q1,18.2
Q,KR,P,2013-Q2,18.1
Q,KR,P,2013-Q3,18.0
Q,KR,P,2013-Q4,17.8
Q,KR,P,2014-Q1,17.7
Q,KR,P,2014-Q2,17.6
Q,KR,P,2014-Q3,17.7
Q,KR,P,2014-Q4,17.6
Q,KR,P,2015-Q1,17.5
Q,KR,P,2015-Q2,17.4
Q,KR,P,2015-Q3,17.3
Q,KR,P,2015-Q4,17.2
Q,KR,P,2016-Q1,17.2
Q,KR,P,2016-Q2,17.1
Q,KR,P,2016-Q3,17.1
Q,KR,P,2016-Q4,17.1
Q,KR,P,2017-Q1,17.1
Q,KR,P,2017-Q2,17.3
Q,KR,P,2017-Q3,17.2
Q,KR,P,2017-Q4,17.2
Q,KR,P,2018-Q1,17.4
Q,KR,P,2018-Q2,17.5
Q,KR,P,2018-Q3,17.7
Q,KR,P,2018-Q4,17.8
Q,KR,P,2019-Q1,18.0
Q,KR,P,2019-Q2,18.2
Q,KR,P,2019-Q3,18.3
Q,KR,P,2019-Q4,18.2
Q,KR,P,2020-Q1,18.3
Q,KR,P,2020-Q2,18.5
Q,KR,P,2020-Q3,18.6
Q,KR,P,2020-Q4,18.6
Q,KR,P,2021-Q1,18.8
Q,KR,P,2021-Q2,18.9
Q,KR,P,2021-Q3,19.1
Q,KR,P,2021-Q4,19.3
Q,KR,P,2022-Q1,19.4
Q,KR,P,2022-Q2,19.8
Q,KR,P,2022-Q3,20.3
Q,KR,P,2022-Q4,20.9
Q,KR,P,2023-Q1,21.4
Q,KR,P,2023-Q2,21.5
Q,KR,P,2023-Q3,21.6
Q,KR,P,2023-Q4,21.4
Q,KR,P,2024-Q1,21.0
Q,KR,P,2024-Q2,20.7
Q,KR,P,2024-Q3,20.5
Q,KR,P,2024-Q4,20.3
Q,KR,P,2025-Q1,20.2
Q,KR,P,2025-Q2,19.9
Q,FR,N,2007-Q1,43.8
Q,FR,N,2007-Q2,43.3
Q,FR,N,2007-Q3,43.2
Q,FR,N,2007-Q4,42.9
Q,FR,N,2008-Q1,43.8
Q,FR,N,2008-Q2,44.3
Q,FR,N,2008-Q3,45.2
Q,FR,N,2008-Q4,45.5
Q,FR,N,2009-Q1,45.6
Q,FR,N,2009-Q2,46.1
Q,FR,N,2009-Q3,45.8
Q,FR,N,2009-Q4,45.5
Q,FR,N,2010-Q1,45.4
Q,FR,N,2010-Q2,45.5
Q,FR,N,2010-Q3,45.5
Q,FR,N,2010-Q4,46.4
Q,FR,N,2011-Q1,46.6
Q,FR,N,2011-Q2,47.4
Q,FR,N,2011-Q3,48.5
Q,FR,N,2011-Q4,49.2
Q,FR,N,2012-Q1,50.3
Q,FR,N,2012-Q2,52.3
Q,FR,N,2012-Q3,53.0
Q,FR,N,2012-Q4,53.9
Q,FR,N,2013-Q1,54.0
Q,FR,N,2013-Q2,53.5
Q,FR,N,2013-Q3,53.3
Q,FR,N,2013-Q4,52.7
Q,FR,N,2014-Q1,53.4
Q,FR,N,2014-Q2,53.6
Q,FR,N,2014-Q3,53.9
Q,FR,N,2014-Q4,53.9
Q,FR,N,2015-Q1,54.6
Q,FR,N,2015-Q2,52.6
Q,FR,N,2015-Q3,52.9
Q,FR,N,2015-Q4,53.3
Q,FR,N,2016-Q1,53.1
Q,FR,N,2016-Q2,54.2
Q,FR,N,2016-Q3,54.6
Q,FR,N,2016-Q4,55.0
Q,FR,N,2017-Q1,55.4
Q,FR,N,2017-Q2,57.1
Q,FR,N,2017-Q3,56.9
Q,FR,N,2017-Q4,57.6
Q,FR,N,2018-Q1,58.3
Q,FR,N,2018-Q2,57.6
Q,FR,N,2018-Q3,57.6
Q,FR,N,2018-Q4,56.8
Q,FR,N,2019-Q1,57.1
Q,FR,N,2019-Q2,55.2
Q,FR,N,2019-Q3,55.3
Q,FR,N,2019-Q4,55.3
Q,FR,N,2020-Q1,57.4
Q,FR,N,2020-Q2,65.9
Q,FR,N,2020-Q3,69.1
Q,FR,N,2020-Q4,68.5
Q,FR,N,2021-Q1,65.0
Q,FR,N,2021-Q2,60.4
Q,FR,N,2021-Q3,57.7
Q,FR,N,2021-Q4,58.7
Q,FR,N,2022-Q1,59.9
Q,FR,N,2022-Q2,57.4
Q,FR,N,2022-Q3,58.4
Q,FR,N,2022-Q4,58.2
Q,FR,N,2023-Q1,58.1
Q,FR,N,2023-Q2,56.0
Q,FR,N,2023-Q3,55.6
Q,FR,N,2023-Q4,54.9
Q,FR,N,2024-Q1,54.9
Q,FR,N,2024-Q2,55.3
Q,FR,N,2024-Q3,55.6
Q,FR,N,2024-Q4,56.5
Q,FR,N,2025-Q1,57.8
Q,FR,N,2025-Q2,58.0
Q,FR,P,2007-Q1,16.6
Q,FR,P,2007-Q2,16.7
Q,FR,P,2007-Q3,16.8
Q,FR,P,2007-Q4,16.9
Q,FR,P,2008-Q1,17.1
Q,FR,P,2008-Q2,17.2
Q,FR,P,2008-Q3,17.5
Q,FR,P,2008-Q4,17.6
Q,FR,P,2009-Q1,17.5
Q,FR,P,2009-Q2,17.4
Q,FR,P,2009-Q3,17.2
Q,FR,P,2009-Q4,17.2
Q,FR,P,2010-Q1,17.1
Q,FR,P,2010-Q2,17.0
Q,FR,P,2010-Q3,16.9
Q,FR,P,2010-Q4,17.2
Q,FR,P,2011-Q1,17.3
Q,FR,P,2011-Q2,17.5
Q,FR,P,2011-Q3,17.8
Q,FR,P,2011-Q4,18.0
Q,FR,P,2012-Q1,18.1
Q,FR,P,2012-Q2,18.3
Q,FR,P,2012-Q3,18.3
Q,FR,P,2012-Q4,18.4
Q,FR,P,2013-Q1,18.5
Q,FR,P,2013-Q2,18.5
Q,FR,P,2013-Q3,18.5
Q,FR,P,2013-Q4,18.5
Q,FR,P,2014-Q1,18.7
Q,FR,P,2014-Q2,18.8
Q,FR,P,2014-Q3,18.8
Q,FR,P,2014-Q4,18.9
Q,FR,P,2015-Q1,19.0
Q,FR,P,2015-Q2,18.8
Q,FR,P,2015-Q3,18.8
Q,FR,P,2015-Q4,19.0
Q,FR,P,2016-Q1,18.9
Q,FR,P,2016-Q2,19.0
Q,FR,P,2016-Q3,19.1
Q,FR,P,2016-Q4,19.2
Q,FR,P,2017-Q1,19.2
Q,FR,P,2017-Q2,19.3
Q,FR,P,2017-Q3,19.3
Q,FR,P,2017-Q4,19.4
Q,FR,P,2018-Q1,19.5
Q,FR,P,2018-Q2,19.5
Q,FR,P,2018-Q3,19.5
Q,FR,P,2018-Q4,19.5
Q,FR,P,2019-Q1,19.5
Q,FR,P,2019-Q2,19.4
Q,FR,P,2019-Q3,19.5
Q,FR,P,2019-Q4,19.5
Q,FR,P,2020-Q1,19.8
Q,FR,P,2020-Q2,21.0
Q,FR,P,2020-Q3,21.5
Q,FR,P,2020-Q4,21.4
Q,FR,P,2021-Q1,21.1
Q,FR,P,2021-Q2,20.4
Q,FR,P,2021-Q3,20.2
Q,FR,P,2021-Q4,20.3
Q,FR,P,2022-Q1,20.4
Q,FR,P,2022-Q2,20.3
Q,FR,P,2022-Q3,20.4
Q,FR,P,2022-Q4,20.4
Q,FR,P,2023-Q1,20.3
Q,FR,P,2023-Q2,19.9
Q,FR,P,2023-Q3,19.8
Q,FR,P,2023-Q4,19.7
Q,FR,P,2024-Q1,19.6
Q,FR,P,2024-Q2,19.7
Q,FR,P,2024-Q3,19.7
Q,FR,P,2024-Q4,19.9
Q,FR,P,2025-Q1,20.2
Q,FR,P,2025-Q2,20.3
Q,DE,N,2007-Q1,27.7
Q,DE,N,2007-Q2,27.7
Q,DE,N,2007-Q3,27.2
Q,DE,N,2007-Q4,27.7
Q,DE,N,2008-Q1,27.8
Q,DE,N,2008-Q2,28.1
Q,DE,N,2008-Q3,28.6
Q,DE,N,2008-Q4,29.7
Q,DE,N,2009-Q1,30.7
Q,DE,N,2009-Q2,31.3
Q,DE,N,2009-Q3,30.8
Q,DE,N,2009-Q4,30.3
Q,DE,N,2010-Q1,29.5
Q,DE,N,2010-Q2,29.4
Q,DE,N,2010-Q3,29.4
Q,DE,N,2010-Q4,29.0
Q,DE,N,2011-Q1,27.9
Q,DE,N,2011-Q2,27.5
Q,DE,N,2011-Q3,27.4
Q,DE,N,2011-Q4,27.9
Q,DE,N,2012-Q1,27.7
Q,DE,N,2012-Q2,28.2
Q,DE,N,2012-Q3,28.6
Q,DE,N,2012-Q4,29.0
Q,DE,N,2013-Q1,30.1
Q,DE,N,2013-Q2,30.3
Q,DE,N,2013-Q3,30.5
Q,DE,N,2013-Q4,30.6
Q,DE,N,2014-Q1,30.5
Q,DE,N,2014-Q2,30.9
Q,DE,N,2014-Q3,30.8
Q,DE,N,2014-Q4,29.6
Q,DE,N,2015-Q1,29.6
Q,DE,N,2015-Q2,29.4
Q,DE,N,2015-Q3,29.3
Q,DE,N,2015-Q4,29.1
Q,DE,N,2016-Q1,29.1
Q,DE,N,2016-Q2,28.5
Q,DE,N,2016-Q3,28.7
Q,DE,N,2016-Q4,28.7
Q,DE,N,2017-Q1,28.7
Q,DE,N,2017-Q2,29.4
Q,DE,N,2017-Q3,29.2
Q,DE,N,2017-Q4,29.4
Q,DE,N,2018-Q1,29.1
Q,DE,N,2018-Q2,28.8
Q,DE,N,2018-Q3,29.1
Q,DE,N,2018-Q4,29.0
Q,DE,N,2019-Q1,29.5
Q,DE,N,2019-Q2,30.4
Q,DE,N,2019-Q3,30.6
Q,DE,N,2019-Q4,30.8
Q,DE,N,2020-Q1,31.6
Q,DE,N,2020-Q2,33.8
Q,DE,N,2020-Q3,34.0
Q,DE,N,2020-Q4,33.8
Q,DE,N,2021-Q1,33.8
Q,DE,N,2021-Q2,31.7
Q,DE,N,2021-Q3,31.5
Q,DE,N,2021-Q4,31.3
Q,DE,N,2022-Q1,31.4
Q,DE,N,2022-Q2,31.1
Q,DE,N,2022-Q3,31.3
Q,DE,N,2022-Q4,31.4
Q,DE,N,2023-Q1,30.4
Q,DE,N,2023-Q2,29.9
Q,DE,N,2023-Q3,29.7
Q,DE,N,2023-Q4,29.4
Q,DE,N,2024-Q1,30.0
Q,DE,N,2024-Q2,30.5
Q,DE,N,2024-Q3,31.1
Q,DE,N,2024-Q4,31.7
Q,DE,N,2025-Q1,31.9
Q,DE,N,2025-Q2,32.5
Q,DE,P,2007-Q1,13.6
Q,DE,P,2007-Q2,13.6
Q,DE,P,2007-Q3,13.5
Q,DE,P,2007-Q4,13.6
Q,DE,P,2008-Q1,13.5
Q,DE,P,2008-Q2,13.5
Q,DE,P,2008-Q3,13.5
Q,DE,P,2008-Q4,13.8
Q,DE,P,2009-Q1,13.8
Q,DE,P,2009-Q2,13.8
Q,DE,P,2009-Q3,13.7
Q,DE,P,2009-Q4,13.5
Q,DE,P,2010-Q1,13.4
Q,DE,P,2010-Q2,13.4
Q,DE,P,2010-Q3,13.4
Q,DE,P,2010-Q4,13.2
Q,DE,P,2011-Q1,12.9
Q,DE,P,2011-Q2,12.8
Q,DE,P,2011-Q3,12.8
Q,DE,P,2011-Q4,12.9
Q,DE,P,2012-Q1,12.7
Q,DE,P,2012-Q2,12.7
Q,DE,P,2012-Q3,12.7
Q,DE,P,2012-Q4,12.7
Q,DE,P,2013-Q1,12.9
Q,DE,P,2013-Q2,12.9
Q,DE,P,2013-Q3,13.0
Q,DE,P,2013-Q4,13.0
Q,DE,P,2014-Q1,13.0
Q,DE,P,2014-Q2,13.0
Q,DE,P,2014-Q3,12.9
Q,DE,P,2014-Q4,12.5
Q,DE,P,2015-Q1,12.5
Q,DE,P,2015-Q2,12.4
Q,DE,P,2015-Q3,12.4
Q,DE,P,2015-Q4,12.3
Q,DE,P,2016-Q1,12.2
Q,DE,P,2016-Q2,12.2
Q,DE,P,2016-Q3,12.2
Q,DE,P,2016-Q4,12.2
Q,DE,P,2017-Q1,12.2
Q,DE,P,2017-Q2,12.2
Q,DE,P,2017-Q3,12.1
Q,DE,P,2017-Q4,12.1
Q,DE,P,2018-Q1,12.0
Q,DE,P,2018-Q2,12.0
Q,DE,P,2018-Q3,12.0
Q,DE,P,2018-Q4,11.9
Q,DE,P,2019-Q1,12.1
Q,DE,P,2019-Q2,12.3
Q,DE,P,2019-Q3,12.3
Q,DE,P,2019-Q4,12.3
Q,DE,P,2020-Q1,12.4
Q,DE,P,2020-Q2,12.7
Q,DE,P,2020-Q3,12.8
Q,DE,P,2020-Q4,12.8
Q,DE,P,2021-Q1,13.0
Q,DE,P,2021-Q2,12.7
Q,DE,P,2021-Q3,12.7
Q,DE,P,2021-Q4,12.7
Q,DE,P,2022-Q1,12.7
Q,DE,P,2022-Q2,12.7
Q,DE,P,2022-Q3,12.7
Q,DE,P,2022-Q4,12.7
Q,DE,P,2023-Q1,12.5
Q,DE,P,2023-Q2,12.3
Q,DE,P,2023-Q3,12.3
Q,DE,P,2023-Q4,12.2
Q,DE,P,2024-Q1,12.2
Q,DE,P,2024-Q2,12.2
Q,DE,P,2024-Q3,12.2
Q,DE,P,2024-Q4,12.3
Q,DE,P,2025-Q1,12.2
Q,DE,P,2025-Q2,12.4
Q,CA,N,2007-Q1,41.0
Q,CA,N,2007-Q2,41.8
Q,CA,N,2007-Q3,41.1
Q,CA,N,2007-Q4,40.7
Q,CA,N,2008-Q1,40.7
Q,CA,N,2008-Q2,38.6
Q,CA,N,2008-Q3,38.4
Q,CA,N,2008-Q4,40.0
Q,CA,N,2009-Q1,40.8
Q,CA,N,2009-Q2,44.3
Q,CA,N,2009-Q3,46.5
Q,CA,N,2009-Q4,46.3
Q,CA,N,2010-Q1,45.8
Q,CA,N,2010-Q2,44.0
Q,CA,N,2010-Q3,43.2
Q,CA,N,2010-Q4,41.5
Q,CA,N,2011-Q1,40.8
Q,CA,N,2011-Q2,40.6
Q,CA,N,2011-Q3,41.2
Q,CA,N,2011-Q4,40.6
Q,CA,N,2012-Q1,41.3
Q,CA,N,2012-Q2,42.2
Q,CA,N,2012-Q3,42.9
Q,CA,N,2012-Q4,43.9
Q,CA,N,2013-Q1,44.8
Q,CA,N,2013-Q2,46.0
Q,CA,N,2013-Q3,45.3
Q,CA,N,2013-Q4,45.5
Q,CA,N,2014-Q1,47.2
Q,CA,N,2014-Q2,46.4
Q,CA,N,2014-Q3,46.4
Q,CA,N,2014-Q4,46.7
Q,CA,N,2015-Q1,49.5
Q,CA,N,2015-Q2,51.3
Q,CA,N,2015-Q3,54.1
Q,CA,N,2015-Q4,57.0
Q,CA,N,2016-Q1,57.1
Q,CA,N,2016-Q2,57.3
Q,CA,N,2016-Q3,57.4
Q,CA,N,2016-Q4,56.3
Q,CA,N,2017-Q1,55.4
Q,CA,N,2017-Q2,54.3
Q,CA,N,2017-Q3,54.2
Q,CA,N,2017-Q4,53.9
Q,CA,N,2018-Q1,54.3
Q,CA,N,2018-Q2,54.9
Q,CA,N,2018-Q3,54.1
Q,CA,N,2018-Q4,54.7
Q,CA,N,2019-Q1,55.2
Q,CA,N,2019-Q2,55.7
Q,CA,N,2019-Q3,56.3
Q,CA,N,2019-Q4,56.0
Q,CA,N,2020-Q1,57.0
Q,CA,N,2020-Q2,59.1
Q,CA,N,2020-Q3,57.7
Q,CA,N,2020-Q4,56.5
Q,CA,N,2021-Q1,54.5
Q,CA,N,2021-Q2,52.4
Q,CA,N,2021-Q3,52.6
Q,CA,N,2021-Q4,52.0
Q,CA,N,2022-Q1,50.8
Q,CA,N,2022-Q2,48.2
Q,CA,N,2022-Q3,46.7
Q,CA,N,2022-Q4,46.9
Q,CA,N,2023-Q1,47.8
Q,CA,N,2023-Q2,49.9
Q,CA,N,2023-Q3,51.3
Q,CA,N,2023-Q4,52.2
Q,CA,N,2024-Q1,52.9
Q,CA,N,2024-Q2,53.9
Q,CA,N,2024-Q3,55.6
Q,CA,N,2024-Q4,56.2
Q,CA,N,2025-Q1,56.5
Q,CA,N,2025-Q2,56.4
Q,CA,P,2007-Q1,20.1
Q,CA,P,2007-Q2,20.5
Q,CA,P,2007-Q3,20.4
Q,CA,P,2007-Q4,20.6
Q,CA,P,2008-Q1,20.6
Q,CA,P,2008-Q2,20.0
Q,CA,P,2008-Q3,20.0
Q,CA,P,2008-Q4,20.4
Q,CA,P,2009-Q1,19.7
Q,CA,P,2009-Q2,20.4
Q,CA,P,2009-Q3,20.7
Q,CA,P,2009-Q4,20.6
Q,CA,P,2010-Q1,20.6
Q,CA,P,2010-Q2,20.3
Q,CA,P,2010-Q3,20.4
Q,CA,P,2010-Q4,19.9
Q,CA,P,2011-Q1,19.9
Q,CA,P,2011-Q2,20.0
Q,CA,P,2011-Q3,20.4
Q,CA,P,2011-Q4,20.3
Q,CA,P,2012-Q1,20.5
Q,CA,P,2012-Q2,20.8
Q,CA,P,2012-Q3,20.8
Q,CA,P,2012-Q4,20.9
Q,CA,P,2013-Q1,21.1
Q,CA,P,2013-Q2,21.4
Q,CA,P,2013-Q3,21.1
Q,CA,P,2013-Q4,21.2
Q,CA,P,2014-Q1,22.0
Q,CA,P,2014-Q2,21.7
Q,CA,P,2014-Q3,21.8
Q,CA,P,2014-Q4,22.0
Q,CA,P,2015-Q1,22.6
Q,CA,P,2015-Q2,22.7
Q,CA,P,2015-Q3,23.3
Q,CA,P,2015-Q4,23.7
Q,CA,P,2016-Q1,23.8
Q,CA,P,2016-Q2,24.0
Q,CA,P,2016-Q3,24.3
Q,CA,P,2016-Q4,24.3
Q,CA,P,2017-Q1,24.1
Q,CA,P,2017-Q2,24.0
Q,CA,P,2017-Q3,24.0
Q,CA,P,2017-Q4,23.9
Q,CA,P,2018-Q1,23.8
Q,CA,P,2018-Q2,24.2
Q,CA,P,2018-Q3,24.2
Q,CA,P,2018-Q4,24.3
Q,CA,P,2019-Q1,24.4
Q,CA,P,2019-Q2,24.5
Q,CA,P,2019-Q3,24.5
Q,CA,P,2019-Q4,24.6
Q,CA,P,2020-Q1,24.3
Q,CA,P,2020-Q2,24.2
Q,CA,P,2020-Q3,23.5
Q,CA,P,2020-Q4,23.4
Q,CA,P,2021-Q1,23.0
Q,CA,P,2021-Q2,23.1
Q,CA,P,2021-Q3,23.4
Q,CA,P,2021-Q4,23.2
Q,CA,P,2022-Q1,23.2
Q,CA,P,2022-Q2,22.8
Q,CA,P,2022-Q3,22.8
Q,CA,P,2022-Q4,23.2
Q,CA,P,2023-Q1,23.5
Q,CA,P,2023-Q2,24.2
Q,CA,P,2023-Q3,24.5
Q,CA,P,2023-Q4,24.6
Q,CA,P,2024-Q1,24.6
Q,CA,P,2024-Q2,24.8
Q,CA,P,2024-Q3,25.1
Q,CA,P,2024-Q4,25.1
Q,CA,P,2025-Q1,25.1
Q,CA,P,2025-Q2,25.0
Q,AU,H,2007-Q1,16.8
Q,AU,H,2007-Q2,16.9
Q,AU,H,2007-Q3,17.2
Q,AU,H,2007-Q4,17.5
Q,AU,H,2008-Q1,17.8
Q,AU,H,2008-Q2,18.2
Q,AU,H,2008-Q3,17.8
Q,AU,H,2008-Q4,17.0
Q,AU,H,2009-Q1,16.4
Q,AU,H,2009-Q2,15.8
Q,AU,H,2009-Q3,16.0
Q,AU,H,2009-Q4,16.3
Q,AU,H,2010-Q1,16.6
Q,AU,H,2010-Q2,17.1
Q,AU,H,2010-Q3,17.0
Q,AU,H,2010-Q4,17.2
Q,AU,H,2011-Q1,17.0
Q,AU,H,2011-Q2,17.1
Q,AU,H,2011-Q3,17.0
Q,AU,H,2011-Q4,16.6
Q,AU,H,2012-Q1,16.7
Q,AU,H,2012-Q2,16.4
Q,AU,H,2012-Q3,16.2
Q,AU,H,2012-Q4,16.0
Q,AU,H,2013-Q1,15.8
Q,AU,H,2013-Q2,15.8
Q,AU,H,2013-Q3,15.6
Q,AU,H,2013-Q4,15.5
Q,AU,H,2014-Q1,15.4
Q,AU,H,2014-Q2,15.4
Q,AU,H,2014-Q3,15.3
Q,AU,H,2014-Q4,15.3
Q,AU,H,2015-Q1,15.2
Q,AU,H,2015-Q2,15.1
Q,AU,H,2015-Q3,15.0
Q,AU,H,2015-Q4,15.1
Q,AU,H,2016-Q1,15.2
Q,AU,H,2016-Q2,15.3
Q,AU,H,2016-Q3,15.2
Q,AU,H,2016-Q4,15.3
Q,AU,H,2017-Q1,15.3
Q,AU,H,2017-Q2,15.4
Q,AU,H,2017-Q3,15.4
Q,AU,H,2017-Q4,15.5
Q,AU,H,2018-Q1,15.5
Q,AU,H,2018-Q2,15.4
Q,AU,H,2018-Q3,15.4
Q,AU,H,2018-Q4,15.4
Q,AU,H,2019-Q1,15.4
Q,AU,H,2019-Q2,15.2
Q,AU,H,2019-Q3,14.9
Q,AU,H,2019-Q4,14.7
Q,AU,H,2020-Q1,14.5
Q,AU,H,2020-Q2,14.1
Q,AU,H,2020-Q3,13.7
Q,AU,H,2020-Q4,13.5
Q,AU,H,2021-Q1,13.4
Q,AU,H,2021-Q2,13.4
Q,AU,H,2021-Q3,13.4
Q,AU,H,2021-Q4,13.4
Q,AU,H,2022-Q1,13.3
Q,AU,H,2022-Q2,13.5
Q,AU,H,2022-Q3,14.3
Q,AU,H,2022-Q4,14.9
Q,AU,H,2023-Q1,15.3
Q,AU,H,2023-Q2,15.8
Q,AU,H,2023-Q3,16.2
Q,AU,H,2023-Q4,16.3
Q,AU,H,2024-Q1,16.5
Q,AU,H,2024-Q2,16.7
Q,AU,H,2024-Q3,16.7
Q,AU,H,2024-Q4,16.7
Q,AU,H,2025-Q1,16.5
Q,AU,H,2025-Q2,16.3
Q,KR,H,2007-Q1,11.7
Q,KR,H,2007-Q2,11.8
Q,KR,H,2007-Q3,11.6
Q,KR,H,2007-Q4,11.3
Q,KR,H,2008-Q1,10.7
Q,KR,H,2008-Q2,10.5
Q,KR,H,2008-Q3,10.3
Q,KR,H,2008-Q4,10.3
Q,KR,H,2009-Q1,10.8
Q,KR,H,2009-Q2,11.3
Q,KR,H,2009-Q3,11.4
Q,KR,H,2009-Q4,11.4
Q,KR,H,2010-Q1,11.2
Q,KR,H,2010-Q2,11.1
Q,KR,H,2010-Q3,11.1
Q,KR,H,2010-Q4,11.1
Q,KR,H,2011-Q1,11.0
Q,KR,H,2011-Q2,10.9
Q,KR,H,2011-Q3,10.8
Q,KR,H,2011-Q4,10.6
Q,KR,H,2012-Q1,10.3
Q,KR,H,2012-Q2,10.1
Q,KR,H,2012-Q3,10.1
Q,KR,H,2012-Q4,10.2
Q,KR,H,2013-Q1,10.2
Q,KR,H,2013-Q2,10.3
Q,KR,H,2013-Q3,10.2
Q,KR,H,2013-Q4,10.2
Q,KR,H,2014-Q1,10.0
Q,KR,H,2014-Q2,9.9
Q,KR,H,2014-Q3,9.9
Q,KR,H,2014-Q4,9.9
Q,KR,H,2015-Q1,9.9
Q,KR,H,2015-Q2,9.9
Q,KR,H,2015-Q3,9.9
Q,KR,H,2015-Q4,9.9
Q,KR,H,2016-Q1,9.8
Q,KR,H,2016-Q2,9.8
Q,KR,H,2016-Q3,10.0
Q,KR,H,2016-Q4,10.3
Q,KR,H,2017-Q1,10.5
Q,KR,H,2017-Q2,10.8
Q,KR,H,2017-Q3,10.9
Q,KR,H,2017-Q4,11.0
Q,KR,H,2018-Q1,11.0
Q,KR,H,2018-Q2,11.0
Q,KR,H,2018-Q3,11.1
Q,KR,H,2018-Q4,11.2
Q,KR,H,2019-Q1,11.2
Q,KR,H,2019-Q2,11.2
Q,KR,H,2019-Q3,11.1
Q,KR,H,2019-Q4,11.1
Q,KR,H,2020-Q1,10.9
Q,KR,H,2020-Q2,10.9
Q,KR,H,2020-Q3,11.0
Q,KR,H,2020-Q4,11.3
Q,KR,H,2021-Q1,11.6
Q,KR,H,2021-Q2,11.8
Q,KR,H,2021-Q3,12.0
Q,KR,H,2021-Q4,12.1
Q,KR,H,2022-Q1,12.1
Q,KR,H,2022-Q2,12.1
Q,KR,H,2022-Q3,12.2
Q,KR,H,2022-Q4,12.2
Q,KR,H,2023-Q1,12.1
Q,KR,H,2023-Q2,12.2
Q,KR,H,2023-Q3,12.3
Q,KR,H,2023-Q4,12.1
Q,KR,H,2024-Q1,11.9
Q,KR,H,2024-Q2,11.8
Q,KR,H,2024-Q3,11.7
Q,KR,H,2024-Q4,11.6
Q,KR,H,2025-Q1,11.5
Q,KR,H,2025-Q2,11.4
Q,FR,H,2007-Q1,5.6
Q,FR,H,2007-Q2,5.7
Q,FR,H,2007-Q3,5.8
Q,FR,H,2007-Q4,5.9
Q,FR,H,2008-Q1,5.9
Q,FR,H,2008-Q2,6.0
Q,FR,H,2008-Q3,6.1
Q,FR,H,2008-Q4,6.2
Q,FR,H,2009-Q1,6.3
Q,FR,H,2009-Q2,6.2
Q,FR,H,2009-Q3,6.3
Q,FR,H,2009-Q4,6.3
Q,FR,H,2010-Q1,6.4
Q,FR,H,2010-Q2,6.4
Q,FR,H,2010-Q3,6.3
Q,FR,H,2010-Q4,6.4
Q,FR,H,2011-Q1,6.4
Q,FR,H,2011-Q2,6.4
Q,FR,H,2011-Q3,6.5
Q,FR,H,2011-Q4,6.5
Q,FR,H,2012-Q1,6.5
Q,FR,H,2012-Q2,6.6
Q,FR,H,2012-Q3,6.5
Q,FR,H,2012-Q4,6.6
Q,FR,H,2013-Q1,6.6
Q,FR,H,2013-Q2,6.7
Q,FR,H,2013-Q3,6.7
Q,FR,H,2013-Q4,6.6
Q,FR,H,2014-Q1,6.6
Q,FR,H,2014-Q2,6.6
Q,FR,H,2014-Q3,6.6
Q,FR,H,2014-Q4,6.6
Q,FR,H,2015-Q1,6.6
Q,FR,H,2015-Q2,6.6
Q,FR,H,2015-Q3,6.5
Q,FR,H,2015-Q4,6.5
Q,FR,H,2016-Q1,6.4
Q,FR,H,2016-Q2,6.4
Q,FR,H,2016-Q3,6.4
Q,FR,H,2016-Q4,6.4
Q,FR,H,2017-Q1,6.4
Q,FR,H,2017-Q2,6.4
Q,FR,H,2017-Q3,6.4
Q,FR,H,2017-Q4,6.4
Q,FR,H,2018-Q1,6.4
Q,FR,H,2018-Q2,6.4
Q,FR,H,2018-Q3,6.4
Q,FR,H,2018-Q4,6.4
Q,FR,H,2019-Q1,6.4
Q,FR,H,2019-Q2,6.4
Q,FR,H,2019-Q3,6.4
Q,FR,H,2019-Q4,6.5
Q,FR,H,2020-Q1,6.5
Q,FR,H,2020-Q2,6.5
Q,FR,H,2020-Q3,6.6
Q,FR,H,2020-Q4,6.6
Q,FR,H,2021-Q1,6.6
Q,FR,H,2021-Q2,6.6
Q,FR,H,2021-Q3,6.6
Q,FR,H,2021-Q4,6.6
Q,FR,H,2022-Q1,6.6
Q,FR,H,2022-Q2,6.6
Q,FR,H,2022-Q3,6.6
Q,FR,H,2022-Q4,6.5
Q,FR,H,2023-Q1,6.4
Q,FR,H,2023-Q2,6.2
Q,FR,H,2023-Q3,6.2
Q,FR,H,2023-Q4,6.1
Q,FR,H,2024-Q1,6.0
Q,FR,H,2024-Q2,6.0
Q,FR,H,2024-Q3,5.9
Q,FR,H,2024-Q4,5.9
Q,FR,H,2025-Q1,5.9
Q,FR,H,2025-Q2,5.9
Q,DE,H,2007-Q1,8.2
Q,DE,H,2007-Q2,8.1
Q,DE,H,2007-Q3,8.1
Q,DE,H,2007-Q4,8.0
Q,DE,H,2008-Q1,7.9
Q,DE,H,2008-Q2,7.8
Q,DE,H,2008-Q3,7.8
Q,DE,H,2008-Q4,7.8
Q,DE,H,2009-Q1,7.7
Q,DE,H,2009-Q2,7.7
Q,DE,H,2009-Q3,7.7
Q,DE,H,2009-Q4,7.7
Q,DE,H,2010-Q1,7.6
Q,DE,H,2010-Q2,7.6
Q,DE,H,2010-Q3,7.5
Q,DE,H,2010-Q4,7.4
Q,DE,H,2011-Q1,7.3
Q,DE,H,2011-Q2,7.3
Q,DE,H,2011-Q3,7.3
Q,DE,H,2011-Q4,7.2
Q,DE,H,2012-Q1,7.1
Q,DE,H,2012-Q2,7.1
Q,DE,H,2012-Q3,7.0
Q,DE,H,2012-Q4,7.0
Q,DE,H,2013-Q1,6.9
Q,DE,H,2013-Q2,6.9
Q,DE,H,2013-Q3,6.9
Q,DE,H,2013-Q4,6.8
Q,DE,H,2014-Q1,6.7
Q,DE,H,2014-Q2,6.7
Q,DE,H,2014-Q3,6.6
Q,DE,H,2014-Q4,6.6
Q,DE,H,2015-Q1,6.5
Q,DE,H,2015-Q2,6.5
Q,DE,H,2015-Q3,6.4
Q,DE,H,2015-Q4,6.4
Q,DE,H,2016-Q1,6.3
Q,DE,H,2016-Q2,6.3
Q,DE,H,2016-Q3,6.2
Q,DE,H,2016-Q4,6.2
Q,DE,H,2017-Q1,6.1
Q,DE,H,2017-Q2,6.1
Q,DE,H,2017-Q3,6.1
Q,DE,H,2017-Q4,6.0
Q,DE,H,2018-Q1,5.9
Q,DE,H,2018-Q2,5.9
Q,DE,H,2018-Q3,5.9
Q,DE,H,2018-Q4,5.9
Q,DE,H,2019-Q1,5.9
Q,DE,H,2019-Q2,5.9
Q,DE,H,2019-Q3,5.9
Q,DE,H,2019-Q4,5.9
Q,DE,H,2020-Q1,5.8
Q,DE,H,2020-Q2,5.9
Q,DE,H,2020-Q3,5.9
Q,DE,H,2020-Q4,6.0
Q,DE,H,2021-Q1,6.0
Q,DE,H,2021-Q2,5.9
Q,DE,H,2021-Q3,6.0
Q,DE,H,2021-Q4,6.0
Q,DE,H,2022-Q1,5.9
Q,DE,H,2022-Q2,5.8
Q,DE,H,2022-Q3,5.8
Q,DE,H,2022-Q4,5.7
Q,DE,H,2023-Q1,5.6
Q,DE,H,2023-Q2,5.5
Q,DE,H,2023-Q3,5.5
Q,DE,H,2023-Q4,5.5
Q,DE,H,2024-Q1,5.4
Q,DE,H,2024-Q2,5.4
Q,DE,H,2024-Q3,5.4
Q,DE,H,2024-Q4,5.4
Q,DE,H,2025-Q1,5.4
Q,DE,H,2025-Q2,5.4
Q,CA,H,2007-Q1,12.5
Q,CA,H,2007-Q2,12.8
Q,CA,H,2007-Q3,13.0
Q,CA,H,2007-Q4,13.3
Q,CA,H,2008-Q1,13.3
Q,CA,H,2008-Q2,13.3
Q,CA,H,2008-Q3,13.2
Q,CA,H,2008-Q4,12.9
Q,CA,H,2009-Q1,12.7
Q,CA,H,2009-Q2,12.6
Q,CA,H,2009-Q3,12.7
Q,CA,H,2009-Q4,12.7
Q,CA,H,2010-Q1,12.6
Q,CA,H,2010-Q2,12.8
Q,CA,H,2010-Q3,12.8
Q,CA,H,2010-Q4,12.8
Q,CA,H,2011-Q1,12.9
Q,CA,H,2011-Q2,12.8
Q,CA,H,2011-Q3,12.9
Q,CA,H,2011-Q4,12.9
Q,CA,H,2012-Q1,12.7
Q,CA,H,2012-Q2,12.8
Q,CA,H,2012-Q3,12.8
Q,CA,H,2012-Q4,12.7
Q,CA,H,2013-Q1,12.6
Q,CA,H,2013-Q2,12.6
Q,CA,H,2013-Q3,12.7
Q,CA,H,2013-Q4,12.6
Q,CA,H,2014-Q1,12.6
Q,CA,H,2014-Q2,12.6
Q,CA,H,2014-Q3,12.6
Q,CA,H,2014-Q4,12.7
Q,CA,H,2015-Q1,12.6
Q,CA,H,2015-Q2,12.5
Q,CA,H,2015-Q3,12.6
Q,CA,H,2015-Q4,12.5
Q,CA,H,2016-Q1,12.6
Q,CA,H,2016-Q2,12.8
Q,CA,H,2016-Q3,12.9
Q,CA,H,2016-Q4,13.0
Q,CA,H,2017-Q1,13.0
Q,CA,H,2017-Q2,13.1
Q,CA,H,2017-Q3,13.1
Q,CA,H,2017-Q4,13.1
Q,CA,H,2018-Q1,13.1
Q,CA,H,2018-Q2,13.3
Q,CA,H,2018-Q3,13.4
Q,CA,H,2018-Q4,13.6
Q,CA,H,2019-Q1,13.6
Q,CA,H,2019-Q2,13.6
Q,CA,H,2019-Q3,13.7
Q,CA,H,2019-Q4,13.6
Q,CA,H,2020-Q1,13.4
Q,CA,H,2020-Q2,12.9
Q,CA,H,2020-Q3,12.7
Q,CA,H,2020-Q4,12.6
Q,CA,H,2021-Q1,12.3
Q,CA,H,2021-Q2,12.7
Q,CA,H,2021-Q3,12.7
Q,CA,H,2021-Q4,12.7
Q,CA,H,2022-Q1,12.8
Q,CA,H,2022-Q2,13.2
Q,CA,H,2022-Q3,13.7
Q,CA,H,2022-Q4,14.0
Q,CA,H,2023-Q1,14.4
Q,CA,H,2023-Q2,14.5
Q,CA,H,2023-Q3,14.5
Q,CA,H,2023-Q4,14.5
Q,CA,H,2024-Q1,14.5
Q,CA,H,2024-Q2,14.6
Q,CA,H,2024-Q3,14.3
Q,CA,H,2024-Q4,14.1
Q,CA,H,2025-Q1,13.9
Q,CA,H,2025-Q2,13.9
Q,GB,N,2007-Q1,39.2
Q,GB,N,2007-Q2,39.2
Q,GB,N,2007-Q3,40.3
Q,GB,N,2007-Q4,41.0
Q,GB,N,2008-Q1,40.5
Q,GB,N,2008-Q2,39.3
Q,GB,N,2008-Q3,38.7
Q,GB,N,2008-Q4,41.1
Q,GB,N,2009-Q1,39.9
Q,GB,N,2009-Q2,38.7
Q,GB,N,2009-Q3,40.0
Q,GB,N,2009-Q4,38.6
Q,GB,N,2010-Q1,38.7
Q,GB,N,2010-Q2,37.8
Q,GB,N,2010-Q3,37.2
Q,GB,N,2010-Q4,35.3
Q,GB,N,2011-Q1,33.8
Q,GB,N,2011-Q2,33.4
Q,GB,N,2011-Q3,33.4
Q,GB,N,2011-Q4,32.5
Q,GB,N,2012-Q1,34.7
Q,GB,N,2012-Q2,35.1
Q,GB,N,2012-Q3,35.3
Q,GB,N,2012-Q4,34.6
Q,GB,N,2013-Q1,34.3
Q,GB,N,2013-Q2,34.7
Q,GB,N,2013-Q3,34.2
Q,GB,N,2013-Q4,34.3
Q,GB,N,2014-Q1,33.5
Q,GB,N,2014-Q2,31.8
Q,GB,N,2014-Q3,31.2
Q,GB,N,2014-Q4,30.8
Q,GB,N,2015-Q1,30.4
Q,GB,N,2015-Q2,29.5
Q,GB,N,2015-Q3,29.8
Q,GB,N,2015-Q4,30.4
Q,GB,N,2016-Q1,31.2
Q,GB,N,2016-Q2,33.2
Q,GB,N,2016-Q3,34.5
Q,GB,N,2016-Q4,34.1
Q,GB,N,2017-Q1,32.9
Q,GB,N,2017-Q2,32.0
Q,GB,N,2017-Q3,31.3
Q,GB,N,2017-Q4,31.8
Q,GB,N,2018-Q1,31.6
Q,GB,N,2018-Q2,31.0
Q,GB,N,2018-Q3,30.5
Q,GB,N,2018-Q4,30.1
Q,GB,N,2019-Q1,29.0
Q,GB,N,2019-Q2,29.1
Q,GB,N,2019-Q3,29.3
Q,GB,N,2019-Q4,28.6
Q,GB,N,2020-Q1,30.3
Q,GB,N,2020-Q2,33.3
Q,GB,N,2020-Q3,33.9
Q,GB,N,2020-Q4,35.2
Q,GB,N,2021-Q1,34.0
Q,GB,N,2021-Q2,31.6
Q,GB,N,2021-Q3,30.4
Q,GB,N,2021-Q4,29.1
Q,GB,N,2022-Q1,28.0
Q,GB,N,2022-Q2,27.3
Q,GB,N,2022-Q3,27.6
Q,GB,N,2022-Q4,26.8
Q,GB,N,2023-Q1,26.0
Q,GB,N,2023-Q2,26.0
Q,GB,N,2023-Q3,25.9
Q,GB,N,2023-Q4,26.8
Q,GB,N,2024-Q1,27.7
Q,GB,N,2024-Q2,27.7
Q,GB,N,2024-Q3,27.7
Q,GB,N,2024-Q4,28.5
Q,GB,N,2025-Q1,27.7
Q,GB,N,2025-Q2,28.1
Q,GB,P,2007-Q1,18.9
Q,GB,P,2007-Q2,19.0
Q,GB,P,2007-Q3,19.5
Q,GB,P,2007-Q4,19.6
Q,GB,P,2008-Q1,19.6
Q,GB,P,2008-Q2,19.3
Q,GB,P,2008-Q3,19.3
Q,GB,P,2008-Q4,19.6
Q,GB,P,2009-Q1,18.4
Q,GB,P,2009-Q2,17.6
Q,GB,P,2009-Q3,17.8
Q,GB,P,2009-Q4,17.5
Q,GB,P,2010-Q1,17.3
Q,GB,P,2010-Q2,17.0
Q,GB,P,2010-Q3,16.9
Q,GB,P,2010-Q4,16.5
Q,GB,P,2011-Q1,16.3
Q,GB,P,2011-Q2,16.2
Q,GB,P,2011-Q3,16.2
Q,GB,P,2011-Q4,15.9
Q,GB,P,2012-Q1,16.3
Q,GB,P,2012-Q2,16.2
Q,GB,P,2012-Q3,16.3
Q,GB,P,2012-Q4,16.0
Q,GB,P,2013-Q1,16.0
Q,GB,P,2013-Q2,16.0
Q,GB,P,2013-Q3,15.8
Q,GB,P,2013-Q4,15.6
Q,GB,P,2014-Q1,15.2
Q,GB,P,2014-Q2,14.8
Q,GB,P,2014-Q3,14.8
Q,GB,P,2014-Q4,14.7
Q,GB,P,2015-Q1,14.5
Q,GB,P,2015-Q2,14.2
Q,GB,P,2015-Q3,14.1
Q,GB,P,2015-Q4,14.1
Q,GB,P,2016-Q1,14.2
Q,GB,P,2016-Q2,14.5
Q,GB,P,2016-Q3,14.7
Q,GB,P,2016-Q4,14.8
Q,GB,P,2017-Q1,14.7
Q,GB,P,2017-Q2,14.6
Q,GB,P,2017-Q3,14.6
Q,GB,P,2017-Q4,14.6
Q,GB,P,2018-Q1,14.5
Q,GB,P,2018-Q2,14.3
Q,GB,P,2018-Q3,14.2
Q,GB,P,2018-Q4,14.2
Q,GB,P,2019-Q1,13.9
Q,GB,P,2019-Q2,14.0
Q,GB,P,2019-Q3,14.0
Q,GB,P,2019-Q4,13.8
Q,GB,P,2020-Q1,14.2
Q,GB,P,2020-Q2,14.6
Q,GB,P,2020-Q3,14.7
Q,GB,P,2020-Q4,14.9
Q,GB,P,2021-Q1,14.6
Q,GB,P,2021-Q2,14.3
Q,GB,P,2021-Q3,14.1
Q,GB,P,2021-Q4,13.9
Q,GB,P,2022-Q1,13.6
Q,GB,P,2022-Q2,13.5
Q,GB,P,2022-Q3,13.6
Q,GB,P,2022-Q4,13.4
Q,GB,P,2023-Q1,13.2
Q,GB,P,2023-Q2,13.1
Q,GB,P,2023-Q3,13.2
Q,GB,P,2023-Q4,13.3
Q,GB,P,2024-Q1,13.4
Q,GB,P,2024-Q2,13.4
Q,GB,P,2024-Q3,13.3
Q,GB,P,2024-Q4,13.3
Q,GB,P,2025-Q1,13.0
Q,GB,P,2025-Q2,13.0
