FREQ,BORROWERS_CTY,TC_BORROWERS,TC_LENDERS,VALUATION,UNIT_TYPE,TC_ADJUST,TIME_PERIOD,OBS_VALUE
Q,AU,G,A,M,770,A,2007-Q1,9.0
Q,AU,G,A,M,770,A,2007-Q2,9.1
Q,AU,G,A,M,770,A,2007-Q3,9.6
Q,AU,G,A,M,770,A,2007-Q4,9.2
Q,AU,G,A,M,770,A,2008-Q1,9.1
Q,AU,G,A,M,770,A,2008-Q2,10.0
Q,AU,G,A,M,770,A,2008-Q3,9.8
Q,AU,G,A,M,770,A,2008-Q4,10.4
Q,AU,G,A,M,770,A,2009-Q1,11.2
Q,AU,G,A,M,770,A,2009-Q2,13.1
Q,AU,G,A,M,770,A,2009-Q3,14.6
Q,AU,G,A,M,770,A,2009-Q4,15.6
Q,AU,G,A,M,770,A,2010-Q1,17.1
Q,AU,G,A,M,770,A,2010-Q2,18.5
Q,AU,G,A,M,770,A,2010-Q3,19.2
Q,AU,G,A,M,770,A,2010-Q4,19.7
Q,AU,G,A,M,770,A,2011-Q1,20.7
Q,AU,G,A,M,770,A,2011-Q2,21.8
Q,AU,G,A,M,770,A,2011-Q3,23.6
Q,AU,G,A,M,770,A,2011-Q4,24.8
Q,AU,G,A,M,770,A,2012-Q1,25.6
Q,AU,G,A,M,770,A,2012-Q2,26.7
Q,AU,G,A,M,770,A,2012-Q3,28.4
Q,AU,G,A,M,770,A,2012-Q4,28.6
Q,AU,G,A,M,770,A,2013-Q1,28.9
Q,AU,G,A,M,770,A,2013-Q2,28.1
Q,AU,G,A,M,770,A,2013-Q3,29.6
Q,AU,G,A,M,770,A,2013-Q4,30.4
Q,AU,G,A,M,770,A,2014-Q1,31.4
Q,AU,G,A,M,770,A,2014-Q2,32.1
Q,AU,G,A,M,770,A,2014-Q3,33.5
Q,AU,G,A,M,770,A,2014-Q4,34.7
Q,AU,G,A,M,770,A,2015-Q1,36.2
Q,AU,G,A,M,770,A,2015-Q2,35.4
Q,AU,G,A,M,770,A,2015-Q3,37.9
Q,AU,G,A,M,770,A,2015-Q4,37.5
Q,AU,G,A,M,770,A,2016-Q1,39.1
Q,AU,G,A,M,770,A,2016-Q2,39.5
Q,AU,G,A,M,770,A,2016-Q3,40.9
Q,AU,G,A,M,770,A,2016-Q4,39.9
Q,AU,G,A,M,770,A,2017-Q1,40.3
Q,AU,G,A,M,770,A,2017-Q2,40.8
Q,AU,G,A,M,770,A,2017-Q3,40.2
Q,AU,G,A,M,770,A,2017-Q4,40.8
Q,AU,G,A,M,770,A,2018-Q1,41.0
Q,AU,G,A,M,770,A,2018-Q2,40.8
Q,AU,G,A,M,770,A,2018-Q3,40.6
Q,AU,G,A,M,770,A,2018-Q4,40.7
Q,AU,G,A,M,770,A,2019-Q1,41.3
Q,AU,G,A,M,770,A,2019-Q2,42.0
Q,AU,G,A,M,770,A,2019-Q3,43.4
Q,AU,G,A,M,770,A,2019-Q4,42.8
Q,AU,G,A,M,770,A,2020-Q1,45.3
Q,AU,G,A,M,770,A,2020-Q2,52.4
Q,AU,G,A,M,770,A,2020-Q3,60.4
Q,AU,G,A,M,770,A,2020-Q4,61.0
Q,AU,G,A,M,770,A,2021-Q1,59.4
Q,AU,G,A,M,770,A,2021-Q2,57.8
Q,AU,G,A,M,770,A,2021-Q3,58.5
Q,AU,G,A,M,770,A,2021-Q4,57.1
Q,AU,G,A,M,770,A,2022-Q1,53.7
Q,AU,G,A,M,770,A,2022-Q2,52.0
Q,AU,G,A,M,770,A,2022-Q3,50.6
Q,AU,G,A,M,770,A,2022-Q4,49.1
Q,AU,G,A,M,770,A,2023-Q1,50.1
Q,AU,G,A,M,770,A,2023-Q2,47.8
Q,AU,G,A,M,770,A,2023-Q3,47.8
Q,AU,G,A,M,770,A,2023-Q4,49.2
Q,AU,G,A,M,770,A,2024-Q1,49.9
Q,AU,G,A,M,770,A,2024-Q2,48.5
Q,AU,G,A,M,770,A,2024-Q3,50.6
Q,AU,G,A,M,770,A,2024-Q4,49.5
Q,AU,G,A,M,770,A,2025-Q1,51.1
Q,AU,G,A,M,770,A,2025-Q2,50.2
Q,GB,G,A,M,770,A,2007-Q1,43.1
Q,GB,G,A,M,770,A,2007-Q2,42.9
Q,GB,G,A,M,770,A,2007-Q3,43.9
Q,GB,G,A,M,770,A,2007-Q4,45.6
Q,GB,G,A,M,770,A,2008-Q1,45.0
Q,GB,G,A,M,770,A,2008-Q2,45.2
Q,GB,G,A,M,770,A,2008-Q3,48.4
Q,GB,G,A,M,770,A,2008-Q4,55.1
Q,GB,G,A,M,770,A,2009-Q1,57.2
Q,GB,G,A,M,770,A,2009-Q2,60.4
Q,GB,G,A,M,770,A,2009-Q3,65.4
Q,GB,G,A,M,770,A,2009-Q4,68.4
Q,GB,G,A,M,770,A,2010-Q1,74.3
Q,GB,G,A,M,770,A,2010-Q2,77.9
Q,GB,G,A,M,770,A,2010-Q3,82.3
Q,GB,G,A,M,770,A,2010-Q4,81.3
Q,GB,G,A,M,770,A,2011-Q1,80.5
Q,GB,G,A,M,770,A,2011-Q2,84.6
Q,GB,G,A,M,770,A,2011-Q3,89.9
Q,GB,G,A,M,770,A,2011-Q4,94.9
Q,GB,G,A,M,770,A,2012-Q1,93.9
Q,GB,G,A,M,770,A,2012-Q2,95.4
Q,GB,G,A,M,770,A,2012-Q3,96.0
Q,GB,G,A,M,770,A,2012-Q4,96.8
Q,GB,G,A,M,770,A,2013-Q1,98.0
Q,GB,G,A,M,770,A,2013-Q2,94.7
Q,GB,G,A,M,770,A,2013-Q3,93.9
Q,GB,G,A,M,770,A,2013-Q4,93.0
Q,GB,G,A,M,770,A,2014-Q1,94.1
Q,GB,G,A,M,770,A,2014-Q2,95.2
Q,GB,G,A,M,770,A,2014-Q3,97.0
Q,GB,G,A,M,770,A,2014-Q4,103.6
Q,GB,G,A,M,770,A,2015-Q1,104.3
Q,GB,G,A,M,770,A,2015-Q2,102.3
Q,GB,G,A,M,770,A,2015-Q3,103.8
Q,GB,G,A,M,770,A,2015-Q4,102.6
Q,GB,G,A,M,770,A,2016-Q1,105.1
Q,GB,G,A,M,770,A,2016-Q2,112.5
Q,GB,G,A,M,770,A,2016-Q3,115.4
Q,GB,G,A,M,770,A,2016-Q4,112.7
Q,GB,G,A,M,770,A,2017-Q1,111.9
Q,GB,G,A,M,770,A,2017-Q2,109.1
Q,GB,G,A,M,770,A,2017-Q3,107.5
Q,GB,G,A,M,770,A,2017-Q4,110.2
Q,GB,G,A,M,770,A,2018-Q1,107.9
Q,GB,G,A,M,770,A,2018-Q2,107.8
Q,GB,G,A,M,770,A,2018-Q3,105.5
Q,GB,G,A,M,770,A,2018-Q4,107.0
Q,GB,G,A,M,770,A,2019-Q1,108.5
Q,GB,G,A,M,770,A,2019-Q2,109.9
Q,GB,G,A,M,770,A,2019-Q3,114.8
Q,GB,G,A,M,770,A,2019-Q4,109.9
Q,GB,G,A,M,770,A,2020-Q1,113.1
Q,GB,G,A,M,770,A,2020-Q2,131.5
Q,GB,G,A,M,770,A,2020-Q3,134.4
Q,GB,G,A,M,770,A,2020-Q4,140.0
Q,GB,G,A,M,770,A,2021-Q1,132.9
Q,GB,G,A,M,770,A,2021-Q2,132.3
Q,GB,G,A,M,770,A,2021-Q3,129.6
Q,GB,G,A,M,770,A,2021-Q4,131.1
Q,GB,G,A,M,770,A,2022-Q1,117.9
Q,GB,G,A,M,770,A,2022-Q2,104.6
Q,GB,G,A,M,770,A,2022-Q3,91.2
Q,GB,G,A,M,770,A,2022-Q4,89.8
Q,GB,G,A,M,770,A,2023-Q1,89.9
Q,GB,G,A,M,770,A,2023-Q2,86.3
Q,GB,G,A,M,770,A,2023-Q3,83.6
Q,GB,G,A,M,770,A,2023-Q4,90.4
Q,GB,G,A,M,770,A,2024-Q1,88.4
Q,GB,G,A,M,770,A,2024-Q2,88.3
Q,GB,G,A,M,770,A,2024-Q3,89.6
Q,GB,G,A,M,770,A,2024-Q4,86.2
Q,GB,G,A,M,770,A,2025-Q1,85.6
Q,GB,G,A,M,770,A,2025-Q2,86.4
Q,IT,G,A,M,770,A,2007-Q1,109.2
Q,IT,G,A,M,770,A,2007-Q2,107.4
Q,IT,G,A,M,770,A,2007-Q3,106.9
Q,IT,G,A,M,770,A,2007-Q4,104.6
Q,IT,G,A,M,770,A,2008-Q1,107.2
Q,IT,G,A,M,770,A,2008-Q2,104.3
Q,IT,G,A,M,770,A,2008-Q3,104.9
Q,IT,G,A,M,770,A,2008-Q4,107.4
Q,IT,G,A,M,770,A,2009-Q1,114.0
Q,IT,G,A,M,770,A,2009-Q2,116.4
Q,IT,G,A,M,770,A,2009-Q3,121.5
Q,IT,G,A,M,770,A,2009-Q4,120.1
Q,IT,G,A,M,770,A,2010-Q1,122.8
Q,IT,G,A,M,770,A,2010-Q2,121.8
Q,IT,G,A,M,770,A,2010-Q3,123.4
Q,IT,G,A,M,770,A,2010-Q4,118.8
Q,IT,G,A,M,770,A,2011-Q1,119.1
Q,IT,G,A,M,770,A,2011-Q2,119.8
Q,IT,G,A,M,770,A,2011-Q3,113.8
Q,IT,G,A,M,770,A,2011-Q4,111.5
Q,IT,G,A,M,770,A,2012-Q1,121.9
Q,IT,G,A,M,770,A,2012-Q2,121.0
Q,IT,G,A,M,770,A,2012-Q3,126.1
Q,IT,G,A,M,770,A,2012-Q4,129.7
Q,IT,G,A,M,770,A,2013-Q1,132.3
Q,IT,G,A,M,770,A,2013-Q2,136.2
Q,IT,G,A,M,770,A,2013-Q3,135.5
Q,IT,G,A,M,770,A,2013-Q4,137.8
Q,IT,G,A,M,770,A,2014-Q1,144.1
Q,IT,G,A,M,770,A,2014-Q2,149.5
Q,IT,G,A,M,770,A,2014-Q3,148.6
Q,IT,G,A,M,770,A,2014-Q4,149.8
Q,IT,G,A,M,770,A,2015-Q1,157.2
Q,IT,G,A,M,770,A,2015-Q2,150.7
Q,IT,G,A,M,770,A,2015-Q3,152.3
Q,IT,G,A,M,770,A,2015-Q4,151.3
Q,IT,G,A,M,770,A,2016-Q1,155.3
Q,IT,G,A,M,770,A,2016-Q2,155.4
Q,IT,G,A,M,770,A,2016-Q3,152.4
Q,IT,G,A,M,770,A,2016-Q4,148.2
Q,IT,G,A,M,770,A,2017-Q1,146.8
Q,IT,G,A,M,770,A,2017-Q2,148.0
Q,IT,G,A,M,770,A,2017-Q3,147.3
Q,IT,G,A,M,770,A,2017-Q4,145.2
Q,IT,G,A,M,770,A,2018-Q1,147.7
Q,IT,G,A,M,770,A,2018-Q2,142.2
Q,IT,G,A,M,770,A,2018-Q3,139.3
Q,IT,G,A,M,770,A,2018-Q4,140.5
Q,IT,G,A,M,770,A,2019-Q1,142.6
Q,IT,G,A,M,770,A,2019-Q2,146.3
Q,IT,G,A,M,770,A,2019-Q3,152.7
Q,IT,G,A,M,770,A,2019-Q4,147.3
Q,IT,G,A,M,770,A,2020-Q1,148.5
Q,IT,G,A,M,770,A,2020-Q2,162.1
Q,IT,G,A,M,770,A,2020-Q3,170.6
Q,IT,G,A,M,770,A,2020-Q4,174.6
Q,IT,G,A,M,770,A,2021-Q1,176.2
Q,IT,G,A,M,770,A,2021-Q2,169.7
Q,IT,G,A,M,770,A,2021-Q3,166.8
Q,IT,G,A,M,770,A,2021-Q4,159.4
Q,IT,G,A,M,770,A,2022-Q1,154.9
Q,IT,G,A,M,770,A,2022-Q2,143.9
Q,IT,G,A,M,770,A,2022-Q3,133.8
Q,IT,G,A,M,770,A,2022-Q4,131.5
Q,IT,G,A,M,770,A,2023-Q1,132.3
Q,IT,G,A,M,770,A,2023-Q2,133.1
Q,IT,G,A,M,770,A,2023-Q3,127.7
Q,IT,G,A,M,770,A,2023-Q4,132.2
Q,IT,G,A,M,770,A,2024-Q1,132.4
Q,IT,G,A,M,770,A,2024-Q2,132.5
Q,IT,G,A,M,770,A,2024-Q3,135.7
Q,IT,G,A,M,770,A,2024-Q4,135.2
Q,IT,G,A,M,770,A,2025-Q1,136.4
Q,IT,G,A,M,770,A,2025-Q2,139.0
Q,FR,G,A,M,770,A,2007-Q1,69.2
Q,FR,G,A,M,770,A,2007-Q2,68.6
Q,FR,G,A,M,770,A,2007-Q3,68.5
Q,FR,G,A,M,770,A,2007-Q4,67.0
Q,FR,G,A,M,770,A,2008-Q1,69.0
Q,FR,G,A,M,770,A,2008-Q2,67.8
Q,FR,G,A,M,770,A,2008-Q3,69.5
Q,FR,G,A,M,770,A,2008-Q4,73.8
Q,FR,G,A,M,770,A,2009-Q1,78.9
Q,FR,G,A,M,770,A,2009-Q2,83.6
Q,FR,G,A,M,770,A,2009-Q3,87.4
Q,FR,G,A,M,770,A,2009-Q4,88.4
Q,FR,G,A,M,770,A,2010-Q1,91.6
Q,FR,G,A,M,770,A,2010-Q2,94.9
Q,FR,G,A,M,770,A,2010-Q3,94.0
Q,FR,G,A,M,770,A,2010-Q4,91.7
Q,FR,G,A,M,770,A,2011-Q1,91.6
Q,FR,G,A,M,770,A,2011-Q2,93.3
Q,FR,G,A,M,770,A,2011-Q3,95.4
Q,FR,G,A,M,770,A,2011-Q4,94.3
Q,FR,G,A,M,770,A,2012-Q1,97.9
Q,FR,G,A,M,770,A,2012-Q2,99.7
Q,FR,G,A,M,770,A,2012-Q3,100.8
Q,FR,G,A,M,770,A,2012-Q4,101.9
Q,FR,G,A,M,770,A,2013-Q1,103.1
Q,FR,G,A,M,770,A,2013-Q2,102.7
Q,FR,G,A,M,770,A,2013-Q3,101.8
Q,FR,G,A,M,770,A,2013-Q4,101.7
Q,FR,G,A,M,770,A,2014-Q1,104.9
Q,FR,G,A,M,770,A,2014-Q2,107.0
Q,FR,G,A,M,770,A,2014-Q3,108.7
Q,FR,G,A,M,770,A,2014-Q4,109.3
Q,FR,G,A,M,770,A,2015-Q1,114.8
Q,FR,G,A,M,770,A,2015-Q2,110.2
Q,FR,G,A,M,770,A,2015-Q3,110.9
Q,FR,G,A,M,770,A,2015-Q4,109.5
Q,FR,G,A,M,770,A,2016-Q1,114.4
Q,FR,G,A,M,770,A,2016-Q2,116.7
Q,FR,G,A,M,770,A,2016-Q3,116.5
Q,FR,G,A,M,770,A,2016-Q4,112.4
Q,FR,G,A,M,770,A,2017-Q1,113.0
Q,FR,G,A,M,770,A,2017-Q2,113.4
Q,FR,G,A,M,770,A,2017-Q3,112.8
Q,FR,G,A,M,770,A,2017-Q4,111.0
Q,FR,G,A,M,770,A,2018-Q1,111.8
Q,FR,G,A,M,770,A,2018-Q2,111.8
Q,FR,G,A,M,770,A,2018-Q3,111.0
Q,FR,G,A,M,770,A,2018-Q4,109.7
Q,FR,G,A,M,770,A,2019-Q1,112.9
Q,FR,G,A,M,770,A,2019-Q2,113.8
Q,FR,G,A,M,770,A,2019-Q3,115.4
Q,FR,G,A,M,770,A,2019-Q4,112.0
Q,FR,G,A,M,770,A,2020-Q1,115.0
Q,FR,G,A,M,770,A,2020-Q2,128.9
Q,FR,G,A,M,770,A,2020-Q3,132.6
Q,FR,G,A,M,770,A,2020-Q4,132.6
Q,FR,G,A,M,770,A,2021-Q1,132.8
Q,FR,G,A,M,770,A,2021-Q2,127.7
Q,FR,G,A,M,770,A,2021-Q3,128.8
Q,FR,G,A,M,770,A,2021-Q4,125.9
Q,FR,G,A,M,770,A,2022-Q1,122.7
Q,FR,G,A,M,770,A,2022-Q2,113.5
Q,FR,G,A,M,770,A,2022-Q3,109.5
Q,FR,G,A,M,770,A,2022-Q4,104.9
Q,FR,G,A,M,770,A,2023-Q1,106.6
Q,FR,G,A,M,770,A,2023-Q2,104.9
Q,FR,G,A,M,770,A,2023-Q3,102.6
Q,FR,G,A,M,770,A,2023-Q4,106.0
Q,FR,G,A,M,770,A,2024-Q1,105.6
Q,FR,G,A,M,770,A,2024-Q2,104.8
Q,FR,G,A,M,770,A,2024-Q3,108.4
Q,FR,G,A,M,770,A,2024-Q4,107.2
Q,FR,G,A,M,770,A,2025-Q1,107.4
Q,FR,G,A,M,770,A,2025-Q2,109.2
Q,DE,G,A,M,770,A,2007-Q1,66.1
Q,DE,G,A,M,770,A,2007-Q2,65.4
Q,DE,G,A,M,770,A,2007-Q3,64.2
Q,DE,G,A,M,770,A,2007-Q4,63.9
Q,DE,G,A,M,770,A,2008-Q1,64.7
Q,DE,G,A,M,770,A,2008-Q2,64.3
Q,DE,G,A,M,770,A,2008-Q3,65.1
Q,DE,G,A,M,770,A,2008-Q4,68.5
Q,DE,G,A,M,770,A,2009-Q1,70.3
Q,DE,G,A,M,770,A,2009-Q2,73.2
Q,DE,G,A,M,770,A,2009-Q3,74.7
Q,DE,G,A,M,770,A,2009-Q4,75.2
Q,DE,G,A,M,770,A,2010-Q1,75.9
Q,DE,G,A,M,770,A,2010-Q2,77.9
Q,DE,G,A,M,770,A,2010-Q3,77.7
Q,DE,G,A,M,770,A,2010-Q4,84.4
Q,DE,G,A,M,770,A,2011-Q1,82.0
Q,DE,G,A,M,770,A,2011-Q2,81.9
Q,DE,G,A,M,770,A,2011-Q3,83.7
Q,DE,G,A,M,770,A,2011-Q4,83.4
Q,DE,G,A,M,770,A,2012-Q1,84.1
Q,DE,G,A,M,770,A,2012-Q2,85.6
Q,DE,G,A,M,770,A,2012-Q3,85.5
Q,DE,G,A,M,770,A,2012-Q4,85.5
Q,DE,G,A,M,770,A,2013-Q1,84.8
Q,DE,G,A,M,770,A,2013-Q2,83.1
Q,DE,G,A,M,770,A,2013-Q3,81.6
Q,DE,G,A,M,770,A,2013-Q4,80.9
Q,DE,G,A,M,770,A,2014-Q1,80.5
Q,DE,G,A,M,770,A,2014-Q2,80.6
Q,DE,G,A,M,770,A,2014-Q3,80.5
Q,DE,G,A,M,770,A,2014-Q4,80.7
Q,DE,G,A,M,770,A,2015-Q1,81.6
Q,DE,G,A,M,770,A,2015-Q2,77.8
Q,DE,G,A,M,770,A,2015-Q3,77.6
Q,DE,G,A,M,770,A,2015-Q4,76.7
Q,DE,G,A,M,770,A,2016-Q1,77.6
Q,DE,G,A,M,770,A,2016-Q2,78.0
Q,DE,G,A,M,770,A,2016-Q3,76.3
Q,DE,G,A,M,770,A,2016-Q4,74.2
Q,DE,G,A,M,770,A,2017-Q1,72.7
Q,DE,G,A,M,770,A,2017-Q2,71.4
Q,DE,G,A,M,770,A,2017-Q3,70.3
Q,DE,G,A,M,770,A,2017-Q4,68.7
Q,DE,G,A,M,770,A,2018-Q1,67.3
Q,DE,G,A,M,770,A,2018-Q2,65.8
Q,DE,G,A,M,770,A,2018-Q3,65.5
Q,DE,G,A,M,770,A,2018-Q4,65.6
Q,DE,G,A,M,770,A,2019-Q1,66.4
Q,DE,G,A,M,770,A,2019-Q2,66.1
Q,DE,G,A,M,770,A,2019-Q3,66.9
Q,DE,G,A,M,770,A,2019-Q4,64.3
Q,DE,G,A,M,770,A,2020-Q1,66.8
Q,DE,G,A,M,770,A,2020-Q2,74.9
Q,DE,G,A,M,770,A,2020-Q3,77.8
Q,DE,G,A,M,770,A,2020-Q4,77.5
Q,DE,G,A,M,770,A,2021-Q1,76.6
Q,DE,G,A,M,770,A,2021-Q2,75.4
Q,DE,G,A,M,770,A,2021-Q3,75.0
Q,DE,G,A,M,770,A,2021-Q4,74.8
Q,DE,G,A,M,770,A,2022-Q1,70.0
Q,DE,G,A,M,770,A,2022-Q2,65.7
Q,DE,G,A,M,770,A,2022-Q3,62.7
Q,DE,G,A,M,770,A,2022-Q4,60.1
Q,DE,G,A,M,770,A,2023-Q1,60.3
Q,DE,G,A,M,770,A,2023-Q2,58.7
Q,DE,G,A,M,770,A,2023-Q3,57.7
Q,DE,G,A,M,770,A,2023-Q4,59.4
Q,DE,G,A,M,770,A,2024-Q1,58.4
Q,DE,G,A,M,770,A,2024-Q2,57.5
Q,DE,G,A,M,770,A,2024-Q3,59.2
Q,DE,G,A,M,770,A,2024-Q4,59.0
Q,DE,G,A,M,770,A,2025-Q1,57.9
Q,DE,G,A,M,770,A,2025-Q2,58.4
Q,US,G,A,M,770,A,2007-Q1,59.6
Q,US,G,A,M,770,A,2007-Q2,57.7
Q,US,G,A,M,770,A,2007-Q3,58.7
Q,US,G,A,M,770,A,2007-Q4,60.5
Q,US,G,A,M,770,A,2008-Q1,62.8
Q,US,G,A,M,770,A,2008-Q2,60.9
Q,US,G,A,M,770,A,2008-Q3,64.3
Q,US,G,A,M,770,A,2008-Q4,71.4
Q,US,G,A,M,770,A,2009-Q1,74.5
Q,US,G,A,M,770,A,2009-Q2,75.6
Q,US,G,A,M,770,A,2009-Q3,79.5
Q,US,G,A,M,770,A,2009-Q4,81.1
Q,US,G,A,M,770,A,2010-Q1,83.9
Q,US,G,A,M,770,A,2010-Q2,87.8
Q,US,G,A,M,770,A,2010-Q3,90.6
Q,US,G,A,M,770,A,2010-Q4,90.5
Q,US,G,A,M,770,A,2011-Q1,90.7
Q,US,G,A,M,770,A,2011-Q2,91.6
Q,US,G,A,M,770,A,2011-Q3,97.2
Q,US,G,A,M,770,A,2011-Q4,99.2
Q,US,G,A,M,770,A,2012-Q1,99.2
Q,US,G,A,M,770,A,2012-Q2,101.2
Q,US,G,A,M,770,A,2012-Q3,101.5
Q,US,G,A,M,770,A,2012-Q4,102.1
Q,US,G,A,M,770,A,2013-Q1,102.8
Q,US,G,A,M,770,A,2013-Q2,98.5
Q,US,G,A,M,770,A,2013-Q3,98.0
Q,US,G,A,M,770,A,2013-Q4,97.9
Q,US,G,A,M,770,A,2014-Q1,99.5
Q,US,G,A,M,770,A,2014-Q2,98.9
Q,US,G,A,M,770,A,2014-Q3,98.8
Q,US,G,A,M,770,A,2014-Q4,100.4
Q,US,G,A,M,770,A,2015-Q1,100.6
Q,US,G,A,M,770,A,2015-Q2,97.7
Q,US,G,A,M,770,A,2015-Q3,98.5
Q,US,G,A,M,770,A,2015-Q4,99.6
Q,US,G,A,M,770,A,2016-Q1,102.6
Q,US,G,A,M,770,A,2016-Q2,103.3
Q,US,G,A,M,770,A,2016-Q3,103.2
Q,US,G,A,M,770,A,2016-Q4,100.6
Q,US,G,A,M,770,A,2017-Q1,99.6
Q,US,G,A,M,770,A,2017-Q2,98.7
Q,US,G,A,M,770,A,2017-Q3,99.1
Q,US,G,A,M,770,A,2017-Q4,99.4
Q,US,G,A,M,770,A,2018-Q1,99.1
Q,US,G,A,M,770,A,2018-Q2,97.5
Q,US,G,A,M,770,A,2018-Q3,96.7
Q,US,G,A,M,770,A,2018-Q4,98.9
Q,US,G,A,M,770,A,2019-Q1,100.5
Q,US,G,A,M,770,A,2019-Q2,100.7
Q,US,G,A,M,770,A,2019-Q3,103.7
Q,US,G,A,M,770,A,2019-Q4,103.4
Q,US,G,A,M,770,A,2020-Q1,110.7
Q,US,G,A,M,770,A,2020-Q2,125.1
Q,US,G,A,M,770,A,2020-Q3,127.3
Q,US,G,A,M,770,A,2020-Q4,129.2
Q,US,G,A,M,770,A,2021-Q1,125.3
Q,US,G,A,M,770,A,2021-Q2,121.8
Q,US,G,A,M,770,A,2021-Q3,119.2
Q,US,G,A,M,770,A,2021-Q4,119.0
Q,US,G,A,M,770,A,2022-Q1,113.8
Q,US,G,A,M,770,A,2022-Q2,107.0
Q,US,G,A,M,770,A,2022-Q3,102.0
Q,US,G,A,M,770,A,2022-Q4,101.5
Q,US,G,A,M,770,A,2023-Q1,103.0
Q,US,G,A,M,770,A,2023-Q2,101.6
Q,US,G,A,M,770,A,2023-Q3,100.9
Q,US,G,A,M,770,A,2023-Q4,105.3
Q,US,G,A,M,770,A,2024-Q1,105.0
Q,US,G,A,M,770,A,2024-Q2,103.3
Q,US,G,A,M,770,A,2024-Q3,107.4
Q,US,G,A,M,770,A,2024-Q4,106.0
Q,US,G,A,M,770,A,2025-Q1,107.4
Q,US,G,A,M,770,A,2025-Q2,105.9
Q,CA,G,A,M,770,A,2007-Q1,64.3
Q,CA,G,A,M,770,A,2007-Q2,60.8
Q,CA,G,A,M,770,A,2007-Q3,60.3
Q,CA,G,A,M,770,A,2007-Q4,60.6
Q,CA,G,A,M,770,A,2008-Q1,61.0
Q,CA,G,A,M,770,A,2008-Q2,60.7
Q,CA,G,A,M,770,A,2008-Q3,60.2
Q,CA,G,A,M,770,A,2008-Q4,65.0
Q,CA,G,A,M,770,A,2009-Q1,69.5
Q,CA,G,A,M,770,A,2009-Q2,72.3
Q,CA,G,A,M,770,A,2009-Q3,76.2
Q,CA,G,A,M,770,A,2009-Q4,78.3
Q,CA,G,A,M,770,A,2010-Q1,78.1
Q,CA,G,A,M,770,A,2010-Q2,79.1
Q,CA,G,A,M,770,A,2010-Q3,80.6
Q,CA,G,A,M,770,A,2010-Q4,80.3
Q,CA,G,A,M,770,A,2011-Q1,79.2
Q,CA,G,A,M,770,A,2011-Q2,81.6
Q,CA,G,A,M,770,A,2011-Q3,83.5
Q,CA,G,A,M,770,A,2011-Q4,83.7
Q,CA,G,A,M,770,A,2012-Q1,82.6
Q,CA,G,A,M,770,A,2012-Q2,85.3
Q,CA,G,A,M,770,A,2012-Q3,85.7
Q,CA,G,A,M,770,A,2012-Q4,86.2
Q,CA,G,A,M,770,A,2013-Q1,87.1
Q,CA,G,A,M,770,A,2013-Q2,85.9
Q,CA,G,A,M,770,A,2013-Q3,84.9
Q,CA,G,A,M,770,A,2013-Q4,83.9
Q,CA,G,A,M,770,A,2014-Q1,82.4
Q,CA,G,A,M,770,A,2014-Q2,84.1
Q,CA,G,A,M,770,A,2014-Q3,83.4
Q,CA,G,A,M,770,A,2014-Q4,84.4
Q,CA,G,A,M,770,A,2015-Q1,87.0
Q,CA,G,A,M,770,A,2015-Q2,86.7
Q,CA,G,A,M,770,A,2015-Q3,87.3
Q,CA,G,A,M,770,A,2015-Q4,89.8
Q,CA,G,A,M,770,A,2016-Q1,89.6
Q,CA,G,A,M,770,A,2016-Q2,92.1
Q,CA,G,A,M,770,A,2016-Q3,93.2
Q,CA,G,A,M,770,A,2016-Q4,89.7
Q,CA,G,A,M,770,A,2017-Q1,87.7
Q,CA,G,A,M,770,A,2017-Q2,89.7
Q,CA,G,A,M,770,A,2017-Q3,86.1
Q,CA,G,A,M,770,A,2017-Q4,86.7
Q,CA,G,A,M,770,A,2018-Q1,86.2
Q,CA,G,A,M,770,A,2018-Q2,86.3
Q,CA,G,A,M,770,A,2018-Q3,84.1
Q,CA,G,A,M,770,A,2018-Q4,85.6
Q,CA,G,A,M,770,A,2019-Q1,87.5
Q,CA,G,A,M,770,A,2019-Q2,89.2
Q,CA,G,A,M,770,A,2019-Q3,90.0
Q,CA,G,A,M,770,A,2019-Q4,87.8
Q,CA,G,A,M,770,A,2020-Q1,92.1
Q,CA,G,A,M,770,A,2020-Q2,113.8
Q,CA,G,A,M,770,A,2020-Q3,114.8
Q,CA,G,A,M,770,A,2020-Q4,116.4
Q,CA,G,A,M,770,A,2021-Q1,110.7
Q,CA,G,A,M,770,A,2021-Q2,110.2
Q,CA,G,A,M,770,A,2021-Q3,107.5
Q,CA,G,A,M,770,A,2021-Q4,105.8
Q,CA,G,A,M,770,A,2022-Q1,97.0
Q,CA,G,A,M,770,A,2022-Q2,89.8
Q,CA,G,A,M,770,A,2022-Q3,87.5
Q,CA,G,A,M,770,A,2022-Q4,86.3
Q,CA,G,A,M,770,A,2023-Q1,86.1
Q,CA,G,A,M,770,A,2023-Q2,86.0
Q,CA,G,A,M,770,A,2023-Q3,83.9
Q,CA,G,A,M,770,A,2023-Q4,89.2
Q,CA,G,A,M,770,A,2024-Q1,89.4
Q,CA,G,A,M,770,A,2024-Q2,90.4
Q,CA,G,A,M,770,A,2024-Q3,93.5
Q,CA,G,A,M,770,A,2024-Q4,93.5
Q,CA,G,A,M,770,A,2025-Q1,95.5
Q,CA,G,A,M,770,A,2025-Q2,95.6
Q,KR,G,A,M,770,A,2007-Q1,21.4
Q,KR,G,A,M,770,A,2007-Q2,21.5
Q,KR,G,A,M,770,A,2007-Q3,20.8
Q,KR,G,A,M,770,A,2007-Q4,20.6
Q,KR,G,A,M,770,A,2008-Q1,21.1
Q,KR,G,A,M,770,A,2008-Q2,21.1
Q,KR,G,A,M,770,A,2008-Q3,19.9
Q,KR,G,A,M,770,A,2008-Q4,22.0
Q,KR,G,A,M,770,A,2009-Q1,24.0
Q,KR,G,A,M,770,A,2009-Q2,25.2
Q,KR,G,A,M,770,A,2009-Q3,25.4
Q,KR,G,A,M,770,A,2009-Q4,24.4
Q,KR,G,A,M,770,A,2010-Q1,27.4
Q,KR,G,A,M,770,A,2010-Q2,27.4
Q,KR,G,A,M,770,A,2010-Q3,27.7
Q,KR,G,A,M,770,A,2010-Q4,26.2
Q,KR,G,A,M,770,A,2011-Q1,27.6
Q,KR,G,A,M,770,A,2011-Q2,27.9
Q,KR,G,A,M,770,A,2011-Q3,28.0
Q,KR,G,A,M,770,A,2011-Q4,28.2
Q,KR,G,A,M,770,A,2012-Q1,29.8
Q,KR,G,A,M,770,A,2012-Q2,30.5
Q,KR,G,A,M,770,A,2012-Q3,30.8
Q,KR,G,A,M,770,A,2012-Q4,30.6
Q,KR,G,A,M,770,A,2013-Q1,33.0
Q,KR,G,A,M,770,A,2013-Q2,33.5
Q,KR,G,A,M,770,A,2013-Q3,32.9
Q,KR,G,A,M,770,A,2013-Q4,32.1
Q,KR,G,A,M,770,A,2014-Q1,34.0
Q,KR,G,A,M,770,A,2014-Q2,34.9
Q,KR,G,A,M,770,A,2014-Q3,35.0
Q,KR,G,A,M,770,A,2014-Q4,34.7
Q,KR,G,A,M,770,A,2015-Q1,37.1
Q,KR,G,A,M,770,A,2015-Q2,37.2
Q,KR,G,A,M,770,A,2015-Q3,37.6
Q,KR,G,A,M,770,A,2015-Q4,36.2
Q,KR,G,A,M,770,A,2016-Q1,38.0
Q,KR,G,A,M,770,A,2016-Q2,38.2
Q,KR,G,A,M,770,A,2016-Q3,37.7
Q,KR,G,A,M,770,A,2016-Q4,35.8
Q,KR,G,A,M,770,A,2017-Q1,36.5
Q,KR,G,A,M,770,A,2017-Q2,36.4
Q,KR,G,A,M,770,A,2017-Q3,34.9
Q,KR,G,A,M,770,A,2017-Q4,34.1
Q,KR,G,A,M,770,A,2018-Q1,34.4
Q,KR,G,A,M,770,A,2018-Q2,35.1
Q,KR,G,A,M,770,A,2018-Q3,34.9
Q,KR,G,A,M,770,A,2018-Q4,34.7
Q,KR,G,A,M,770,A,2019-Q1,37.1
Q,KR,G,A,M,770,A,2019-Q2,38.1
Q,KR,G,A,M,770,A,2019-Q3,38.6
Q,KR,G,A,M,770,A,2019-Q4,37.1
Q,KR,G,A,M,770,A,2020-Q1,40.3
Q,KR,G,A,M,770,A,2020-Q2,42.6
Q,KR,G,A,M,770,A,2020-Q3,43.1
Q,KR,G,A,M,770,A,2020-Q4,42.1
Q,KR,G,A,M,770,A,2021-Q1,43.1
Q,KR,G,A,M,770,A,2021-Q2,43.0
Q,KR,G,A,M,770,A,2021-Q3,42.7
Q,KR,G,A,M,770,A,2021-Q4,42.6
Q,KR,G,A,M,770,A,2022-Q1,43.8
Q,KR,G,A,M,770,A,2022-Q2,42.5
Q,KR,G,A,M,770,A,2022-Q3,41.2
Q,KR,G,A,M,770,A,2022-Q4,41.5
Q,KR,G,A,M,770,A,2023-Q1,44.1
Q,KR,G,A,M,770,A,2023-Q2,44.1
Q,KR,G,A,M,770,A,2023-Q3,42.9
Q,KR,G,A,M,770,A,2023-Q4,43.9
Q,KR,G,A,M,770,A,2024-Q1,45.2
Q,KR,G,A,M,770,A,2024-Q2,45.3
Q,KR,G,A,M,770,A,2024-Q3,45.1
Q,KR,G,A,M,770,A,2024-Q4,43.6
Q,KR,G,A,M,770,A,2025-Q1,47.2
Q,KR,G,A,M,770,A,2025-Q2,47.8
Q,JP,G,A,M,770,A,2007-Q1,143.7
Q,JP,G,A,M,770,A,2007-Q2,142.5
Q,JP,G,A,M,770,A,2007-Q3,142.6
Q,JP,G,A,M,770,A,2007-Q4,143.6
Q,JP,G,A,M,770,A,2008-Q1,144.8
Q,JP,G,A,M,770,A,2008-Q2,144.3
Q,JP,G,A,M,770,A,2008-Q3,144.5
Q,JP,G,A,M,770,A,2008-Q4,148.4
Q,JP,G,A,M,770,A,2009-Q1,153.0
Q,JP,G,A,M,770,A,2009-Q2,159.5
Q,JP,G,A,M,770,A,2009-Q3,163.5
Q,JP,G,A,M,770,A,2009-Q4,167.5
Q,JP,G,A,M,770,A,2010-Q1,169.0
Q,JP,G,A,M,770,A,2010-Q2,173.2
Q,JP,G,A,M,770,A,2010-Q3,173.1
Q,JP,G,A,M,770,A,2010-Q4,174.7
Q,JP,G,A,M,770,A,2011-Q1,174.7
Q,JP,G,A,M,770,A,2011-Q2,180.0
Q,JP,G,A,M,770,A,2011-Q3,183.6
Q,JP,G,A,M,770,A,2011-Q4,187.8
Q,JP,G,A,M,770,A,2012-Q1,189.3
Q,JP,G,A,M,770,A,2012-Q2,191.9
Q,JP,G,A,M,770,A,2012-Q3,193.7
Q,JP,G,A,M,770,A,2012-Q4,195.0
Q,JP,G,A,M,770,A,2013-Q1,199.5
Q,JP,G,A,M,770,A,2013-Q2,199.0
Q,JP,G,A,M,770,A,2013-Q3,199.7
Q,JP,G,A,M,770,A,2013-Q4,200.4
Q,JP,G,A,M,770,A,2014-Q1,200.1
Q,JP,G,A,M,770,A,2014-Q2,202.5
Q,JP,G,A,M,770,A,2014-Q3,203.6
Q,JP,G,A,M,770,A,2014-Q4,208.8
Q,JP,G,A,M,770,A,2015-Q1,207.4
Q,JP,G,A,M,770,A,2015-Q2,206.3
Q,JP,G,A,M,770,A,2015-Q3,204.8
Q,JP,G,A,M,770,A,2015-Q4,205.7
Q,JP,G,A,M,770,A,2016-Q1,211.0
Q,JP,G,A,M,770,A,2016-Q2,216.3
Q,JP,G,A,M,770,A,2016-Q3,214.2
Q,JP,G,A,M,770,A,2016-Q4,211.7
Q,JP,G,A,M,770,A,2017-Q1,211.5
Q,JP,G,A,M,770,A,2017-Q2,212.1
Q,JP,G,A,M,770,A,2017-Q3,211.2
Q,JP,G,A,M,770,A,2017-Q4,211.3
Q,JP,G,A,M,770,A,2018-Q1,210.8
Q,JP,G,A,M,770,A,2018-Q2,210.9
Q,JP,G,A,M,770,A,2018-Q3,209.1
Q,JP,G,A,M,770,A,2018-Q4,212.7
Q,JP,G,A,M,770,A,2019-Q1,215.9
Q,JP,G,A,M,770,A,2019-Q2,218.0
Q,JP,G,A,M,770,A,2019-Q3,216.9
Q,JP,G,A,M,770,A,2019-Q4,217.1
Q,JP,G,A,M,770,A,2020-Q1,217.6
Q,JP,G,A,M,770,A,2020-Q2,229.9
Q,JP,G,A,M,770,A,2020-Q3,235.7
Q,JP,G,A,M,770,A,2020-Q4,237.7
Q,JP,G,A,M,770,A,2021-Q1,235.8
Q,JP,G,A,M,770,A,2021-Q2,233.2
Q,JP,G,A,M,770,A,2021-Q3,231.1
Q,JP,G,A,M,770,A,2021-Q4,230.4
Q,JP,G,A,M,770,A,2022-Q1,232.6
Q,JP,G,A,M,770,A,2022-Q2,232.6
Q,JP,G,A,M,770,A,2022-Q3,230.0
Q,JP,G,A,M,770,A,2022-Q4,226.5
Q,JP,G,A,M,770,A,2023-Q1,229.5
Q,JP,G,A,M,770,A,2023-Q2,227.9
Q,JP,G,A,M,770,A,2023-Q3,218.5
Q,JP,G,A,M,770,A,2023-Q4,218.4
Q,JP,G,A,M,770,A,2024-Q1,216.6
Q,JP,G,A,M,770,A,2024-Q2,212.2
Q,JP,G,A,M,770,A,2024-Q3,210.8
Q,JP,G,A,M,770,A,2024-Q4,205.8
Q,JP,G,A,M,770,A,2025-Q1,200.6
Q,JP,G,A,M,770,A,2025-Q2,198.1
