FREQ,REF_AREA,VALUE,UNIT_MEASURE,TIME_PERIOD,OBS_VALUE
Q,GB,R,628,2007-Q1,115.0923
Q,GB,R,628,2007-Q2,118.3291
Q,GB,R,628,2007-Q3,121.7
Q,GB,R,628,2007-Q4,120.4231
Q,GB,R,628,2008-Q1,116.5328
Q,GB,R,628,2008-Q2,113.534
Q,GB,R,628,2008-Q3,107.8233
Q,GB,R,628,2008-Q4,100.587
Q,GB,R,628,2009-Q1,95.7192
Q,GB,R,628,2009-Q2,95.8899
Q,GB,R,628,2009-Q3,99.0275
Q,GB,R,628,2009-Q4,100.1791
Q,GB,R,628,2010-Q1,99.7592
Q,GB,R,628,2010-Q2,100.3242
Q,GB,R,628,2010-Q3,101.5186
Q,GB,R,628,2010-Q4,98.4106
Q,GB,R,628,2011-Q1,95.2008
Q,GB,R,628,2011-Q2,94.3417
Q,GB,R,628,2011-Q3,95.0732
Q,GB,R,628,2011-Q4,92.7574
Q,GB,R,628,2012-Q1,91.5258
Q,GB,R,628,2012-Q2,92.5006
Q,GB,R,628,2012-Q3,93.1725
Q,GB,R,628,2012-Q4,91.2587
Q,GB,R,628,2013-Q1,90.276
Q,GB,R,628,2013-Q2,91.4474
Q,GB,R,628,2013-Q3,93.3982
Q,GB,R,628,2013-Q4,93.283
Q,GB,R,628,2014-Q1,94.5354
Q,GB,R,628,2014-Q2,97.1421
Q,GB,R,628,2014-Q3,100.228
Q,GB,R,628,2014-Q4,100.3097
Q,GB,R,628,2015-Q1,100.7165
Q,GB,R,628,2015-Q2,102.3749
Q,GB,R,628,2015-Q3,105.5383
Q,GB,R,628,2015-Q4,106.7322
Q,GB,R,628,2016-Q1,108.4225
Q,GB,R,628,2016-Q2,110.1801
Q,GB,R,628,2016-Q3,111.8814
Q,GB,R,628,2016-Q4,111.1833
Q,GB,R,628,2017-Q1,110.784
Q,GB,R,628,2017-Q2,111.9813
Q,GB,R,628,2017-Q3,113.9862
Q,GB,R,628,2017-Q4,112.8992
Q,GB,R,628,2018-Q1,112.5418
Q,GB,R,628,2018-Q2,112.8496
Q,GB,R,628,2018-Q3,114.2754
Q,GB,R,628,2018-Q4,113.0424
Q,GB,R,628,2019-Q1,112.0354
Q,GB,R,628,2019-Q2,111.7198
Q,GB,R,628,2019-Q3,113.0235
Q,GB,R,628,2019-Q4,112.4384
Q,GB,R,628,2020-Q1,112.1297
Q,GB,R,628,2020-Q2,112.3348
Q,GB,R,628,2020-Q3,115.1981
Q,GB,R,628,2020-Q4,118.3291
Q,GB,R,628,2021-Q1,119.9913
Q,GB,R,628,2021-Q2,120.442
Q,GB,R,628,2021-Q3,121.4089
Q,GB,R,628,2021-Q4,121.0006
Q,GB,R,628,2022-Q1,122.2217
Q,GB,R,628,2022-Q2,120.1854
Q,GB,R,628,2022-Q3,122.4408
Q,GB,R,628,2022-Q4,119.1114
Q,GB,R,628,2023-Q1,115.3541
Q,GB,R,628,2023-Q2,111.8532
Q,GB,R,628,2023-Q3,113.4931
Q,GB,R,628,2023-Q4,111.5411
Q,GB,R,628,2024-Q1,109.9391
Q,GB,R,628,2024-Q2,109.9853
Q,GB,R,628,2024-Q3,112.2059
Q,GB,R,628,2024-Q4,111.4854
Q,GB,R,628,2025-Q1,111.5402
Q,GB,R,628,2025-Q2,108.9633
Q,GB,R,628,2025-Q3,110.872
Q,JP,N,771,2007-Q1,-1.5426
Q,JP,N,771,2007-Q2,-1.1427
Q,JP,N,771,2007-Q3,-0.7339
Q,JP,N,771,2007-Q4,-0.7356
Q,JP,N,771,2008-Q1,-0.7373
Q,JP,N,771,2008-Q2,-1.2467
Q,JP,N,771,2008-Q3,-1.756
Q,JP,N,771,2008-Q4,-2.5475
Q,JP,N,771,2009-Q1,-4.2
Q,JP,N,771,2009-Q2,-5.0314
Q,JP,N,771,2009-Q3,-3.0036
Q,JP,N,771,2009-Q4,-2.8462
Q,JP,N,771,2010-Q1,0.4032
Q,JP,N,771,2010-Q2,2.1153
Q,JP,N,771,2010-Q3,1.2441
Q,JP,N,771,2010-Q4,2.0014
Q,JP,N,771,2011-Q1,0.8367
Q,JP,N,771,2011-Q2,0.2005
Q,JP,N,771,2011-Q3,0.2325
Q,JP,N,771,2011-Q4,-0.9977
Q,JP,N,771,2012-Q1,-0.4978
Q,JP,N,771,2012-Q2,-1.1004
Q,JP,N,771,2012-Q3,-1.4579
Q,JP,N,771,2012-Q4,-0.4367
Q,JP,N,771,2013-Q1,-0.467
Q,JP,N,771,2013-Q2,1.7195
Q,JP,N,771,2013-Q3,2.4882
Q,JP,N,771,2013-Q4,2.8003
Q,JP,N,771,2014-Q1,3.0831
Q,JP,N,771,2014-Q2,1.4915
Q,JP,N,771,2014-Q3,1.0827
Q,JP,N,771,2014-Q4,0.5907
Q,JP,N,771,2015-Q1,2.3732
Q,JP,N,771,2015-Q2,2.5147
Q,JP,N,771,2015-Q3,2.8562
Q,JP,N,771,2015-Q4,1.9576
Q,JP,N,771,2016-Q1,1.6196
Q,JP,N,771,2016-Q2,2.9627
Q,JP,N,771,2016-Q3,1.7671
Q,JP,N,771,2016-Q4,2.528
Q,JP,N,771,2017-Q1,3.9063
Q,JP,N,771,2017-Q2,2.0111
Q,JP,N,771,2017-Q3,2.4496
Q,JP,N,771,2017-Q4,1.8102
Q,JP,N,771,2018-Q1,1.5338
Q,JP,N,771,2018-Q2,1.9108
Q,JP,N,771,2018-Q3,1.7857
Q,JP,N,771,2018-Q4,2.5138
Q,JP,N,771,2019-Q1,2.3104
Q,JP,N,771,2019-Q2,1.9345
Q,JP,N,771,2019-Q3,1.2489
Q,JP,N,771,2019-Q4,0.9569
Q,JP,N,771,2020-Q1,-0.4343
Q,JP,N,771,2020-Q2,-0.7007
Q,JP,N,771,2020-Q3,-0.1175
Q,JP,N,771,2020-Q4,1.5699
Q,JP,N,771,2021-Q1,3.344
Q,JP,N,771,2021-Q2,5.469
Q,JP,N,771,2021-Q3,8.1447
Q,JP,N,771,2021-Q4,6.8241
Q,JP,N,771,2022-Q1,9.0602
Q,JP,N,771,2022-Q2,9.1999
Q,JP,N,771,2022-Q3,7.8575
Q,JP,N,771,2022-Q4,7.5348
Q,JP,N,771,2023-Q1,4.7472
Q,JP,N,771,2023-Q2,3.2423
Q,JP,N,771,2023-Q3,2.1427
Q,JP,N,771,2023-Q4,2.031
Q,JP,N,771,2024-Q1,2.4877
Q,JP,N,771,2024-Q2,2.7695
Q,JP,N,771,2024-Q3,3.233
Q,JP,N,771,2024-Q4,2.7868
Q,JP,N,771,2025-Q1,4.6864
Q,JP,N,771,2025-Q2,3.6574
Q,JP,N,771,2025-Q3,4.1597
Q,IT,R,771,2007-Q1,4.0599
Q,IT,R,771,2007-Q2,3.3933
Q,IT,R,771,2007-Q3,2.9042
Q,IT,R,771,2007-Q4,2.0347
Q,IT,R,771,2008-Q1,0.6583
Q,IT,R,771,2008-Q2,0.0141
Q,IT,R,771,2008-Q3,-1.309
Q,IT,R,771,2008-Q4,-2.211
Q,IT,R,771,2009-Q1,-1.2254
Q,IT,R,771,2009-Q2,-1.6976
Q,IT,R,771,2009-Q3,-1.2491
Q,IT,R,771,2009-Q4,-0.9106
Q,IT,R,771,2010-Q1,-3.3484
Q,IT,R,771,2010-Q2,-2.4443
Q,IT,R,771,2010-Q3,-2.0543
Q,IT,R,771,2010-Q4,-1.4897
Q,IT,R,771,2011-Q1,-1.032
Q,IT,R,771,2011-Q2,-0.2914
Q,IT,R,771,2011-Q3,-1.5037
Q,IT,R,771,2011-Q4,-2.7095
Q,IT,R,771,2012-Q1,-2.575
Q,IT,R,771,2012-Q2,-5.2639
Q,IT,R,771,2012-Q3,-6.6175
Q,IT,R,771,2012-Q4,-7.2256
Q,IT,R,771,2013-Q1,-8.8808
Q,IT,R,771,2013-Q2,-7.7601
Q,IT,R,771,2013-Q3,-7.3442
Q,IT,R,771,2013-Q4,-6.3649
Q,IT,R,771,2014-Q1,-4.8196
Q,IT,R,771,2014-Q2,-5.4055
Q,IT,R,771,2014-Q3,-4.6358
Q,IT,R,771,2014-Q4,-4.9474
Q,IT,R,771,2015-Q1,-5.4398
Q,IT,R,771,2015-Q2,-4.7403
Q,IT,R,771,2015-Q3,-2.8866
Q,IT,R,771,2015-Q4,-2.2111
Q,IT,R,771,2016-Q1,0.1942
Q,IT,R,771,2016-Q2,1.0952
Q,IT,R,771,2016-Q3,0.02
Q,IT,R,771,2016-Q4,0.0369
Q,IT,R,771,2017-Q1,-2.014
Q,IT,R,771,2017-Q2,-2.364
Q,IT,R,771,2017-Q3,-2.5917
Q,IT,R,771,2017-Q4,-2.0804
Q,IT,R,771,2018-Q1,-1.2227
Q,IT,R,771,2018-Q2,-1.3115
Q,IT,R,771,2018-Q3,-2.2538
Q,IT,R,771,2018-Q4,-1.8983
Q,IT,R,771,2019-Q1,-1.8467
Q,IT,R,771,2019-Q2,-0.9411
Q,IT,R,771,2019-Q3,0.0496
Q,IT,R,771,2019-Q4,-0.0892
Q,IT,R,771,2020-Q1,1.4433
Q,IT,R,771,2020-Q2,3.4639
Q,IT,R,771,2020-Q3,1.5041
Q,IT,R,771,2020-Q4,1.754
Q,IT,R,771,2021-Q1,1.1204
Q,IT,R,771,2021-Q2,-0.7984
Q,IT,R,771,2021-Q3,1.8917
Q,IT,R,771,2021-Q4,0.4397
Q,IT,R,771,2022-Q1,-1.06
Q,IT,R,771,2022-Q2,-1.6448
Q,IT,R,771,2022-Q3,-5.0757
Q,IT,R,771,2022-Q4,-8.1022
Q,IT,R,771,2023-Q1,-7.2191
Q,IT,R,771,2023-Q2,-6.283
Q,IT,R,771,2023-Q3,-3.6813
Q,IT,R,771,2023-Q4,0.7876
Q,IT,R,771,2024-Q1,0.6618
Q,IT,R,771,2024-Q2,2.1156
Q,IT,R,771,2024-Q3,2.7164
Q,IT,R,771,2024-Q4,3.2094
Q,IT,R,771,2025-Q1,2.7144
Q,IT,R,771,2025-Q2,2.1766
Q,IT,R,771,2025-Q3,2.183
Q,CA,N,628,2007-Q1,88.7773
Q,CA,N,628,2007-Q2,92.578
Q,CA,N,628,2007-Q3,94.5142
Q,CA,N,628,2007-Q4,94.8727
Q,CA,N,628,2008-Q1,96.3069
Q,CA,N,628,2008-Q2,97.024
Q,CA,N,628,2008-Q3,95.0161
Q,CA,N,628,2008-Q4,91.3589
Q,CA,N,628,2009-Q1,88.4905
Q,CA,N,628,2009-Q2,90.4984
Q,CA,N,628,2009-Q3,93.6536
Q,CA,N,628,2009-Q4,96.3069
Q,CA,N,628,2010-Q1,99.3905
Q,CA,N,628,2010-Q2,101.1115
Q,CA,N,628,2010-Q3,99.9641
Q,CA,N,628,2010-Q4,99.5339
Q,CA,N,628,2011-Q1,102.3306
Q,CA,N,628,2011-Q2,105.7727
Q,CA,N,628,2011-Q3,107.1352
Q,CA,N,628,2011-Q4,107.3503
Q,CA,N,628,2012-Q1,109.7885
Q,CA,N,628,2012-Q2,111.9398
Q,CA,N,628,2012-Q3,110.9358
Q,CA,N,628,2012-Q4,109.5016
Q,CA,N,628,2013-Q1,110.7207
Q,CA,N,628,2013-Q2,113.0154
Q,CA,N,628,2013-Q3,113.5891
Q,CA,N,628,2013-Q4,113.9477
Q,CA,N,628,2014-Q1,116.4575
Q,CA,N,628,2014-Q2,119.1825
Q,CA,N,628,2014-Q3,119.8996
Q,CA,N,628,2014-Q4,120.2582
Q,CA,N,628,2015-Q1,123.5568
Q,CA,N,628,2015-Q2,127.8594
Q,CA,N,628,2015-Q3,130.1542
Q,CA,N,628,2015-Q4,131.6601
Q,CA,N,628,2016-Q1,138.616
Q,CA,N,628,2016-Q2,147.3646
Q,CA,N,628,2016-Q3,151.739
Q,CA,N,628,2016-Q4,152.7429
Q,CA,N,628,2017-Q1,163.0692
Q,CA,N,628,2017-Q2,172.2995
Q,CA,N,628,2017-Q3,174.5216
Q,CA,N,628,2017-Q4,174.0089
Q,CA,N,628,2018-Q1,175.2054
Q,CA,N,628,2018-Q2,177.4275
Q,CA,N,628,2018-Q3,177.7694
Q,CA,N,628,2018-Q4,177.0856
Q,CA,N,628,2019-Q1,176.231
Q,CA,N,628,2019-Q2,177.7694
Q,CA,N,628,2019-Q3,178.1112
Q,CA,N,628,2019-Q4,179.9915
Q,CA,N,628,2020-Q1,183.752
Q,CA,N,628,2020-Q2,187.8544
Q,CA,N,628,2020-Q3,190.4183
Q,CA,N,628,2020-Q4,195.0335
Q,CA,N,628,2021-Q1,199.8196
Q,CA,N,628,2021-Q2,213.1523
Q,CA,N,628,2021-Q3,217.7675
Q,CA,N,628,2021-Q4,222.2117
Q,CA,N,628,2022-Q1,250.6859
Q,CA,N,628,2022-Q2,244.1149
Q,CA,N,628,2022-Q3,221.9997
Q,CA,N,628,2022-Q4,211.7547
Q,CA,N,628,2023-Q1,211.9666
Q,CA,N,628,2023-Q2,222.565
Q,CA,N,628,2023-Q3,221.2932
Q,CA,N,628,2023-Q4,212.7439
Q,CA,N,628,2024-Q1,213.4504
Q,CA,N,628,2024-Q2,216.3473
Q,CA,N,628,2024-Q3,212.3906
Q,CA,N,628,2024-Q4,208.7871
Q,CA,N,628,2025-Q1,210.2709
Q,CA,N,628,2025-Q2,210.0589
Q,CA,N,628,2025-Q3,205.6076
Q,GB,R,771,2007-Q1,7.4875
Q,GB,R,771,2007-Q2,8.0073
Q,GB,R,771,2007-Q3,8.4601
Q,GB,R,771,2007-Q4,6.0245
Q,GB,R,771,2008-Q1,1.2516
Q,GB,R,771,2008-Q2,-4.0523
Q,GB,R,771,2008-Q3,-11.4024
Q,GB,R,771,2008-Q4,-16.472
Q,GB,R,771,2009-Q1,-17.8607
Q,GB,R,771,2009-Q2,-15.5408
Q,GB,R,771,2009-Q3,-8.1575
Q,GB,R,771,2009-Q4,-0.4056
Q,GB,R,771,2010-Q1,4.2206
Q,GB,R,771,2010-Q2,4.6243
Q,GB,R,771,2010-Q3,2.5155
Q,GB,R,771,2010-Q4,-1.7653
Q,GB,R,771,2011-Q1,-4.5693
Q,GB,R,771,2011-Q2,-5.9631
Q,GB,R,771,2011-Q3,-6.349
Q,GB,R,771,2011-Q4,-5.7446
Q,GB,R,771,2012-Q1,-3.8603
Q,GB,R,771,2012-Q2,-1.9516
Q,GB,R,771,2012-Q3,-1.9992
Q,GB,R,771,2012-Q4,-1.6157
Q,GB,R,771,2013-Q1,-1.3656
Q,GB,R,771,2013-Q2,-1.1386
Q,GB,R,771,2013-Q3,0.2422
Q,GB,R,771,2013-Q4,2.2183
Q,GB,R,771,2014-Q1,4.7182
Q,GB,R,771,2014-Q2,6.2273
Q,GB,R,771,2014-Q3,7.3126
Q,GB,R,771,2014-Q4,7.5326
Q,GB,R,771,2015-Q1,6.5384
Q,GB,R,771,2015-Q2,5.3868
Q,GB,R,771,2015-Q3,5.2983
Q,GB,R,771,2015-Q4,6.4027
Q,GB,R,771,2016-Q1,7.6512
Q,GB,R,771,2016-Q2,7.6241
Q,GB,R,771,2016-Q3,6.0102
Q,GB,R,771,2016-Q4,4.1704
Q,GB,R,771,2017-Q1,2.1781
Q,GB,R,771,2017-Q2,1.6348
Q,GB,R,771,2017-Q3,1.8813
Q,GB,R,771,2017-Q4,1.5434
Q,GB,R,771,2018-Q1,1.5867
Q,GB,R,771,2018-Q2,0.7754
Q,GB,R,771,2018-Q3,0.2537
Q,GB,R,771,2018-Q4,0.1268
Q,GB,R,771,2019-Q1,-0.4499
Q,GB,R,771,2019-Q2,-1.0012
Q,GB,R,771,2019-Q3,-1.0954
Q,GB,R,771,2019-Q4,-0.5342
Q,GB,R,771,2020-Q1,0.0842
Q,GB,R,771,2020-Q2,0.5506
Q,GB,R,771,2020-Q3,1.924
Q,GB,R,771,2020-Q4,5.239
Q,GB,R,771,2021-Q1,7.0111
Q,GB,R,771,2021-Q2,7.2169
Q,GB,R,771,2021-Q3,5.3914
Q,GB,R,771,2021-Q4,2.2577
Q,GB,R,771,2022-Q1,1.8588
Q,GB,R,771,2022-Q2,-0.213
Q,GB,R,771,2022-Q3,0.8499
Q,GB,R,771,2022-Q4,-1.5613
Q,GB,R,771,2023-Q1,-5.6189
Q,GB,R,771,2023-Q2,-6.9328
Q,GB,R,771,2023-Q3,-7.3078
Q,GB,R,771,2023-Q4,-6.3557
Q,GB,R,771,2024-Q1,-4.6943
Q,GB,R,771,2024-Q2,-1.67
Q,GB,R,771,2024-Q3,-1.1342
Q,GB,R,771,2024-Q4,-0.0499
Q,GB,R,771,2025-Q1,1.4564
Q,GB,R,771,2025-Q2,-0.9293
Q,GB,R,771,2025-Q3,-1.1888
Q,FR,R,628,2007-Q1,103.7818
Q,FR,R,628,2007-Q2,104.4941
Q,FR,R,628,2007-Q3,106.6731
Q,FR,R,628,2007-Q4,106.2858
Q,FR,R,628,2008-Q1,104.9238
Q,FR,R,628,2008-Q2,103.8905
Q,FR,R,628,2008-Q3,103.9231
Q,FR,R,628,2008-Q4,100.9857
Q,FR,R,628,2009-Q1,97.6274
Q,FR,R,628,2009-Q2,95.769
Q,FR,R,628,2009-Q3,97.3461
Q,FR,R,628,2009-Q4,97.3731
Q,FR,R,628,2010-Q1,97.5619
Q,FR,R,628,2010-Q2,98.6505
Q,FR,R,628,2010-Q3,101.4767
Q,FR,R,628,2010-Q4,102.2866
Q,FR,R,628,2011-Q1,102.1835
Q,FR,R,628,2011-Q2,103.0256
Q,FR,R,628,2011-Q3,105.2365
Q,FR,R,628,2011-Q4,103.5496
Q,FR,R,628,2012-Q1,101.6158
Q,FR,R,628,2012-Q2,100.8134
Q,FR,R,628,2012-Q3,101.5615
Q,FR,R,628,2012-Q4,99.876
Q,FR,R,628,2013-Q1,98.5358
Q,FR,R,628,2013-Q2,97.9094
Q,FR,R,628,2013-Q3,98.7113
Q,FR,R,628,2013-Q4,97.7057
Q,FR,R,628,2014-Q1,96.3972
Q,FR,R,628,2014-Q2,96.1602
Q,FR,R,628,2014-Q3,97.0861
Q,FR,R,628,2014-Q4,95.3437
Q,FR,R,628,2015-Q1,94.8173
Q,FR,R,628,2015-Q2,94.0651
Q,FR,R,628,2015-Q3,95.6777
Q,FR,R,628,2015-Q4,95.1597
Q,FR,R,628,2016-Q1,95.1417
Q,FR,R,628,2016-Q2,94.7332
Q,FR,R,628,2016-Q3,96.8292
Q,FR,R,628,2016-Q4,96.198
Q,FR,R,628,2017-Q1,96.6222
Q,FR,R,628,2017-Q2,96.9934
Q,FR,R,628,2017-Q3,99.0877
Q,FR,R,628,2017-Q4,98.289
Q,FR,R,628,2018-Q1,98.1154
Q,FR,R,628,2018-Q2,97.8563
Q,FR,R,628,2018-Q3,99.5677
Q,FR,R,628,2018-Q4,99.5774
Q,FR,R,628,2019-Q1,99.7798
Q,FR,R,628,2019-Q2,99.861
Q,FR,R,628,2019-Q3,101.9361
Q,FR,R,628,2019-Q4,102.2275
Q,FR,R,628,2020-Q1,103.4148
Q,FR,R,628,2020-Q2,104.734
Q,FR,R,628,2020-Q3,106.5583
Q,FR,R,628,2020-Q4,108.1316
Q,FR,R,628,2021-Q1,108.3302
Q,FR,R,628,2021-Q2,109.5674
Q,FR,R,628,2021-Q3,112.2212
Q,FR,R,628,2021-Q4,112.506
Q,FR,R,628,2022-Q1,111.8103
Q,FR,R,628,2022-Q2,111.1144
Q,FR,R,628,2022-Q3,112.8255
Q,FR,R,628,2022-Q4,111.0625
Q,FR,R,628,2023-Q1,108.5265
Q,FR,R,628,2023-Q2,106.3737
Q,FR,R,628,2023-Q3,106.0945
Q,FR,R,628,2023-Q4,103.2303
Q,FR,R,628,2024-Q1,100.5492
Q,FR,R,628,2024-Q2,99.3328
Q,FR,R,628,2024-Q3,100.65
Q,FR,R,628,2024-Q4,100.0346
Q,FR,R,628,2025-Q1,99.8819
Q,FR,R,628,2025-Q2,99.1561
Q,FR,R,628,2025-Q3,100.3427
Q,CA,N,771,2007-Q1,11.4311
Q,CA,N,771,2007-Q2,11.006
Q,CA,N,771,2007-Q3,10.4778
Q,CA,N,771,2007-Q4,10.25
Q,CA,N,771,2008-Q1,8.4814
Q,CA,N,771,2008-Q2,4.8025
Q,CA,N,771,2008-Q3,0.5311
Q,CA,N,771,2008-Q4,-3.7037
Q,CA,N,771,2009-Q1,-8.1162
Q,CA,N,771,2009-Q2,-6.7258
Q,CA,N,771,2009-Q3,-1.434
Q,CA,N,771,2009-Q4,5.416
Q,CA,N,771,2010-Q1,12.3177
Q,CA,N,771,2010-Q2,11.7274
Q,CA,N,771,2010-Q3,6.7381
Q,CA,N,771,2010-Q4,3.3507
Q,CA,N,771,2011-Q1,2.9582
Q,CA,N,771,2011-Q2,4.6099
Q,CA,N,771,2011-Q3,7.1736
Q,CA,N,771,2011-Q4,7.853
Q,CA,N,771,2012-Q1,7.288
Q,CA,N,771,2012-Q2,5.8305
Q,CA,N,771,2012-Q3,3.5475
Q,CA,N,771,2012-Q4,2.004
Q,CA,N,771,2013-Q1,0.8491
Q,CA,N,771,2013-Q2,0.9609
Q,CA,N,771,2013-Q3,2.3917
Q,CA,N,771,2013-Q4,4.0602
Q,CA,N,771,2014-Q1,5.1813
Q,CA,N,771,2014-Q2,5.4569
Q,CA,N,771,2014-Q3,5.5556
Q,CA,N,771,2014-Q4,5.5381
Q,CA,N,771,2015-Q1,6.0961
Q,CA,N,771,2015-Q2,7.2804
Q,CA,N,771,2015-Q3,8.5526
Q,CA,N,771,2015-Q4,9.4812
Q,CA,N,771,2016-Q1,12.188
Q,CA,N,771,2016-Q2,15.2552
Q,CA,N,771,2016-Q3,16.584
Q,CA,N,771,2016-Q4,16.0131
Q,CA,N,771,2017-Q1,17.641
Q,CA,N,771,2017-Q2,16.9205
Q,CA,N,771,2017-Q3,15.0144
Q,CA,N,771,2017-Q4,13.9227
Q,CA,N,771,2018-Q1,7.4423
Q,CA,N,771,2018-Q2,2.9762
Q,CA,N,771,2018-Q3,1.8609
Q,CA,N,771,2018-Q4,1.7682
Q,CA,N,771,2019-Q1,0.5854
Q,CA,N,771,2019-Q2,0.1927
Q,CA,N,771,2019-Q3,0.1923
Q,CA,N,771,2019-Q4,1.6409
Q,CA,N,771,2020-Q1,4.2677
Q,CA,N,771,2020-Q2,5.6731
Q,CA,N,771,2020-Q3,6.9098
Q,CA,N,771,2020-Q4,8.3571
Q,CA,N,771,2021-Q1,8.7442
Q,CA,N,771,2021-Q2,13.4668
Q,CA,N,771,2021-Q3,14.3627
Q,CA,N,771,2021-Q4,13.9351
Q,CA,N,771,2022-Q1,25.4561
Q,CA,N,771,2022-Q2,14.5261
Q,CA,N,771,2022-Q3,1.9435
Q,CA,N,771,2022-Q4,-4.7059
Q,CA,N,771,2023-Q1,-15.4453
Q,CA,N,771,2023-Q2,-8.8278
Q,CA,N,771,2023-Q3,-0.3183
Q,CA,N,771,2023-Q4,0.4671
Q,CA,N,771,2024-Q1,0.7
Q,CA,N,771,2024-Q2,-2.7937
Q,CA,N,771,2024-Q3,-4.023
Q,CA,N,771,2024-Q4,-1.8598
Q,CA,N,771,2025-Q1,-1.4896
Q,CA,N,771,2025-Q2,-2.9066
Q,CA,N,771,2025-Q3,-3.1936
Q,DE,N,628,2007-Q1,96.6
Q,DE,N,628,2007-Q2,96.5
Q,DE,N,628,2007-Q3,97.1
Q,DE,N,628,2007-Q4,97.3
Q,DE,N,628,2008-Q1,99.4
Q,DE,N,628,2008-Q2,100.3
Q,DE,N,628,2008-Q3,99.9
Q,DE,N,628,2008-Q4,100.6
Q,DE,N,628,2009-Q1,100.3
Q,DE,N,628,2009-Q2,99.0
Q,DE,N,628,2009-Q3,99.0
Q,DE,N,628,2009-Q4,99.4
Q,DE,N,628,2010-Q1,98.6
Q,DE,N,628,2010-Q2,99.8
Q,DE,N,628,2010-Q3,100.6
Q,DE,N,628,2010-Q4,101.0
Q,DE,N,628,2011-Q1,101.5
Q,DE,N,628,2011-Q2,101.9
Q,DE,N,628,2011-Q3,103.1
Q,DE,N,628,2011-Q4,103.2
Q,DE,N,628,2012-Q1,104.1
Q,DE,N,628,2012-Q2,105.4
Q,DE,N,628,2012-Q3,105.8
Q,DE,N,628,2012-Q4,106.6
Q,DE,N,628,2013-Q1,107.4
Q,DE,N,628,2013-Q2,108.6
Q,DE,N,628,2013-Q3,109.6
Q,DE,N,628,2013-Q4,109.1
Q,DE,N,628,2014-Q1,109.9
Q,DE,N,628,2014-Q2,112.1
Q,DE,N,628,2014-Q3,112.7
Q,DE,N,628,2014-Q4,112.7
Q,DE,N,628,2015-Q1,114.6
Q,DE,N,628,2015-Q2,117.0
Q,DE,N,628,2015-Q3,117.6
Q,DE,N,628,2015-Q4,119.3
Q,DE,N,628,2016-Q1,121.7
Q,DE,N,628,2016-Q2,125.2
Q,DE,N,628,2016-Q3,127.5
Q,DE,N,628,2016-Q4,129.3
Q,DE,N,628,2017-Q1,129.9
Q,DE,N,628,2017-Q2,132.5
Q,DE,N,628,2017-Q3,134.7
Q,DE,N,628,2017-Q4,137.4
Q,DE,N,628,2018-Q1,138.6
Q,DE,N,628,2018-Q2,141.3
Q,DE,N,628,2018-Q3,144.2
Q,DE,N,628,2018-Q4,146.0
Q,DE,N,628,2019-Q1,146.0
Q,DE,N,628,2019-Q2,149.7
Q,DE,N,628,2019-Q3,151.8
Q,DE,N,628,2019-Q4,155.5
Q,DE,N,628,2020-Q1,156.8
Q,DE,N,628,2020-Q2,159.6
Q,DE,N,628,2020-Q3,164.4
Q,DE,N,628,2020-Q4,169.1
Q,DE,N,628,2021-Q1,171.4
Q,DE,N,628,2021-Q2,177.9
Q,DE,N,628,2021-Q3,185.4
Q,DE,N,628,2021-Q4,190.4
Q,DE,N,628,2022-Q1,192.3
Q,DE,N,628,2022-Q2,196.1
Q,DE,N,628,2022-Q3,194.8
Q,DE,N,628,2022-Q4,185.7
Q,DE,N,628,2023-Q1,180.1
Q,DE,N,628,2023-Q2,177.6
Q,DE,N,628,2023-Q3,174.9
Q,DE,N,628,2023-Q4,171.5
Q,DE,N,628,2024-Q1,170.8
Q,DE,N,628,2024-Q2,173.2
Q,DE,N,628,2024-Q3,174.6
Q,DE,N,628,2024-Q4,174.8
Q,DE,N,628,2025-Q1,176.8
Q,DE,N,628,2025-Q2,178.6
Q,DE,N,628,2025-Q3,180.3
Q,AU,R,628,2007-Q1,86.4771
Q,AU,R,628,2007-Q2,89.2112
Q,AU,R,628,2007-Q3,91.7657
Q,AU,R,628,2007-Q4,94.3873
Q,AU,R,628,2008-Q1,93.5451
Q,AU,R,628,2008-Q2,91.405
Q,AU,R,628,2008-Q3,88.3133
Q,AU,R,628,2008-Q4,87.3918
Q,AU,R,628,2009-Q1,87.0962
Q,AU,R,628,2009-Q2,90.3262
Q,AU,R,628,2009-Q3,93.2284
Q,AU,R,628,2009-Q4,97.864
Q,AU,R,628,2010-Q1,99.9682
Q,AU,R,628,2010-Q2,101.2842
Q,AU,R,628,2010-Q3,99.2963
Q,AU,R,628,2010-Q4,99.4624
Q,AU,R,628,2011-Q1,97.1941
Q,AU,R,628,2011-Q2,95.6559
Q,AU,R,628,2011-Q3,93.4029
Q,AU,R,628,2011-Q4,92.6571
Q,AU,R,628,2012-Q1,93.1231
Q,AU,R,628,2012-Q2,93.03
Q,AU,R,628,2012-Q3,91.5678
Q,AU,R,628,2012-Q4,93.3948
Q,AU,R,628,2013-Q1,93.666
Q,AU,R,628,2013-Q2,95.6544
Q,AU,R,628,2013-Q3,96.8764
Q,AU,R,628,2013-Q4,99.954
Q,AU,R,628,2014-Q1,100.7972
Q,AU,R,628,2014-Q2,102.2539
Q,AU,R,628,2014-Q3,102.9975
Q,AU,R,628,2014-Q4,104.8988
Q,AU,R,628,2015-Q1,106.3573
Q,AU,R,628,2015-Q2,110.5975
Q,AU,R,628,2015-Q3,112.3251
Q,AU,R,628,2015-Q4,112.0823
Q,AU,R,628,2016-Q1,112.1175
Q,AU,R,628,2016-Q2,113.9318
Q,AU,R,628,2016-Q3,114.7994
Q,AU,R,628,2016-Q4,118.9093
Q,AU,R,628,2017-Q1,120.9811
Q,AU,R,628,2017-Q2,123.1156
Q,AU,R,628,2017-Q3,122.0914
Q,AU,R,628,2017-Q4,122.4909
Q,AU,R,628,2018-Q1,121.1208
Q,AU,R,628,2018-Q2,119.8688
Q,AU,R,628,2018-Q3,117.5375
Q,AU,R,628,2018-Q4,114.1473
Q,AU,R,628,2019-Q1,110.7228
Q,AU,R,628,2019-Q2,109.2373
Q,AU,R,628,2019-Q3,111.3297
Q,AU,R,628,2019-Q4,114.8865
Q,AU,R,628,2020-Q1,116.3274
Q,AU,R,628,2020-Q2,116.4502
Q,AU,R,628,2020-Q3,115.5269
Q,AU,R,628,2020-Q4,118.0338
Q,AU,R,628,2021-Q1,123.6455
Q,AU,R,628,2021-Q2,130.9311
Q,AU,R,628,2021-Q3,136.4751
Q,AU,R,628,2021-Q4,141.0406
Q,AU,R,628,2022-Q1,141.8755
Q,AU,R,628,2022-Q2,139.828
Q,AU,R,628,2022-Q3,132.5738
Q,AU,R,628,2022-Q4,126.7758
Q,AU,R,628,2023-Q1,124.4387
Q,AU,R,628,2023-Q2,126.8654
Q,AU,R,628,2023-Q3,128.8101
Q,AU,R,628,2023-Q4,130.6651
Q,AU,R,628,2024-Q1,131.5633
Q,AU,R,628,2024-Q2,133.0206
Q,AU,R,628,2024-Q3,134.6073
Q,AU,R,628,2024-Q4,134.9372
Q,AU,R,628,2025-Q1,134.2056
Q,AU,R,628,2025-Q2,135.5462
Q,AU,R,628,2025-Q3,136.6276
Q,FR,R,771,2007-Q1,6.6894
Q,FR,R,771,2007-Q2,5.2823
Q,FR,R,771,2007-Q3,4.3759
Q,FR,R,771,2007-Q4,3.0306
Q,FR,R,771,2008-Q1,1.1004
Q,FR,R,771,2008-Q2,-0.5777
Q,FR,R,771,2008-Q3,-2.578
Q,FR,R,771,2008-Q4,-4.9866
Q,FR,R,771,2009-Q1,-6.954
Q,FR,R,771,2009-Q2,-7.8173
Q,FR,R,771,2009-Q3,-6.3287
Q,FR,R,771,2009-Q4,-3.5774
Q,FR,R,771,2010-Q1,-0.0671
Q,FR,R,771,2010-Q2,3.0088
Q,FR,R,771,2010-Q3,4.2431
Q,FR,R,771,2010-Q4,5.0461
Q,FR,R,771,2011-Q1,4.7372
Q,FR,R,771,2011-Q2,4.4349
Q,FR,R,771,2011-Q3,3.7051
Q,FR,R,771,2011-Q4,1.2348
Q,FR,R,771,2012-Q1,-0.5556
Q,FR,R,771,2012-Q2,-2.1472
Q,FR,R,771,2012-Q3,-3.4921
Q,FR,R,771,2012-Q4,-3.5477
Q,FR,R,771,2013-Q1,-3.031
Q,FR,R,771,2013-Q2,-2.8805
Q,FR,R,771,2013-Q3,-2.8064
Q,FR,R,771,2013-Q4,-2.1731
Q,FR,R,771,2014-Q1,-2.1704
Q,FR,R,771,2014-Q2,-1.7866
Q,FR,R,771,2014-Q3,-1.6464
Q,FR,R,771,2014-Q4,-2.4174
Q,FR,R,771,2015-Q1,-1.639
Q,FR,R,771,2015-Q2,-2.1787
Q,FR,R,771,2015-Q3,-1.4506
Q,FR,R,771,2015-Q4,-0.193
Q,FR,R,771,2016-Q1,0.3421
Q,FR,R,771,2016-Q2,0.7102
Q,FR,R,771,2016-Q3,1.2036
Q,FR,R,771,2016-Q4,1.0911
Q,FR,R,771,2017-Q1,1.5561
Q,FR,R,771,2017-Q2,2.3859
Q,FR,R,771,2017-Q3,2.3324
Q,FR,R,771,2017-Q4,2.1736
Q,FR,R,771,2018-Q1,1.5454
Q,FR,R,771,2018-Q2,0.8896
Q,FR,R,771,2018-Q3,0.4845
Q,FR,R,771,2018-Q4,1.3108
Q,FR,R,771,2019-Q1,1.6963
Q,FR,R,771,2019-Q2,2.0486
Q,FR,R,771,2019-Q3,2.3787
Q,FR,R,771,2019-Q4,2.6614
Q,FR,R,771,2020-Q1,3.6431
Q,FR,R,771,2020-Q2,4.8798
Q,FR,R,771,2020-Q3,4.5344
Q,FR,R,771,2020-Q4,5.7754
Q,FR,R,771,2021-Q1,4.753
Q,FR,R,771,2021-Q2,4.6149
Q,FR,R,771,2021-Q3,5.3143
Q,FR,R,771,2021-Q4,4.0455
Q,FR,R,771,2022-Q1,3.2125
Q,FR,R,771,2022-Q2,1.4119
Q,FR,R,771,2022-Q3,0.5385
Q,FR,R,771,2022-Q4,-1.2831
Q,FR,R,771,2023-Q1,-2.9369
Q,FR,R,771,2023-Q2,-4.2665
Q,FR,R,771,2023-Q3,-5.9659
Q,FR,R,771,2023-Q4,-7.052
Q,FR,R,771,2024-Q1,-7.3505
Q,FR,R,771,2024-Q2,-6.6189
Q,FR,R,771,2024-Q3,-5.1317
Q,FR,R,771,2024-Q4,-3.0957
Q,FR,R,771,2025-Q1,-0.6637
Q,FR,R,771,2025-Q2,-0.1779
Q,FR,R,771,2025-Q3,-0.3053
Q,CN,R,628,2007-Q1,90.7212
Q,CN,R,628,2007-Q2,92.6815
Q,CN,R,628,2007-Q3,93.1592
Q,CN,R,628,2007-Q4,94.4012
Q,CN,R,628,2008-Q1,91.8193
Q,CN,R,628,2008-Q2,92.6727
Q,CN,R,628,2008-Q3,93.3268
Q,CN,R,628,2008-Q4,93.6743
Q,CN,R,628,2009-Q1,92.2225
Q,CN,R,628,2009-Q2,93.6717
Q,CN,R,628,2009-Q3,95.6501
Q,CN,R,628,2009-Q4,97.3105
Q,CN,R,628,2010-Q1,98.4735
Q,CN,R,628,2010-Q2,100.8828
Q,CN,R,628,2010-Q3,100.6863
Q,CN,R,628,2010-Q4,99.9567
Q,CN,R,628,2011-Q1,99.1316
Q,CN,R,628,2011-Q2,99.3216
Q,CN,R,628,2011-Q3,98.4485
Q,CN,R,628,2011-Q4,97.6907
Q,CN,R,628,2012-Q1,95.6192
Q,CN,R,628,2012-Q2,95.5014
Q,CN,R,628,2012-Q3,95.5394
Q,CN,R,628,2012-Q4,95.3053
Q,CN,R,628,2013-Q1,95.1768
Q,CN,R,628,2013-Q2,98.2806
Q,CN,R,628,2013-Q3,100.0011
Q,CN,R,628,2013-Q4,101.0089
Q,CN,R,628,2014-Q1,100.7569
Q,CN,R,628,2014-Q2,101.245
Q,CN,R,628,2014-Q3,98.5642
Q,CN,R,628,2014-Q4,95.9506
Q,CN,R,628,2015-Q1,93.7689
Q,CN,R,628,2015-Q2,93.8242
Q,CN,R,628,2015-Q3,93.8338
Q,CN,R,628,2015-Q4,94.2591
Q,CN,R,628,2016-Q1,94.9072
Q,CN,R,628,2016-Q2,97.1635
Q,CN,R,628,2016-Q3,99.1101
Q,CN,R,628,2016-Q4,100.9351
Q,CN,R,628,2017-Q1,101.1945
Q,CN,R,628,2017-Q2,103.497
Q,CN,R,628,2017-Q3,104.2838
Q,CN,R,628,2017-Q4,104.2285
Q,CN,R,628,2018-Q1,103.5601
Q,CN,R,628,2018-Q2,105.8087
Q,CN,R,628,2018-Q3,108.0745
Q,CN,R,628,2018-Q4,109.4386
Q,CN,R,628,2019-Q1,109.4584
Q,CN,R,628,2019-Q2,110.5525
Q,CN,R,628,2019-Q3,110.3512
Q,CN,R,628,2019-Q4,108.7462
Q,CN,R,628,2020-Q1,107.1595
Q,CN,R,628,2020-Q2,109.9375
Q,CN,R,628,2020-Q3,110.3074
Q,CN,R,628,2020-Q4,111.2144
Q,CN,R,628,2021-Q1,110.5531
Q,CN,R,628,2021-Q2,112.6308
Q,CN,R,628,2021-Q3,112.9908
Q,CN,R,628,2021-Q4,111.0876
Q,CN,R,628,2022-Q1,109.3304
Q,CN,R,628,2022-Q2,107.8288
Q,CN,R,628,2022-Q3,106.4509
Q,CN,R,628,2022-Q4,105.0432
Q,CN,R,628,2023-Q1,104.3427
Q,CN,R,628,2023-Q2,104.8471
Q,CN,R,628,2023-Q3,103.1349
Q,CN,R,628,2023-Q4,101.4751
Q,CN,R,628,2024-Q1,98.9629
Q,CN,R,628,2024-Q2,96.8513
Q,CN,R,628,2024-Q3,93.823
Q,CN,R,628,2024-Q4,92.5967
Q,CN,R,628,2025-Q1,91.6149
Q,CN,R,628,2025-Q2,90.6763
Q,CN,R,628,2025-Q3,88.8506
Q,DE,N,771,2007-Q1,0.8351
Q,DE,N,771,2007-Q2,-0.8222
Q,DE,N,771,2007-Q3,-1.0194
Q,DE,N,771,2007-Q4,0.206
Q,DE,N,771,2008-Q1,2.8986
Q,DE,N,771,2008-Q2,3.9378
Q,DE,N,771,2008-Q3,2.8836
Q,DE,N,771,2008-Q4,3.3916
Q,DE,N,771,2009-Q1,0.9054
Q,DE,N,771,2009-Q2,-1.2961
Q,DE,N,771,2009-Q3,-0.9009
Q,DE,N,771,2009-Q4,-1.1928
Q,DE,N,771,2010-Q1,-1.6949
Q,DE,N,771,2010-Q2,0.8081
Q,DE,N,771,2010-Q3,1.6162
Q,DE,N,771,2010-Q4,1.6097
Q,DE,N,771,2011-Q1,2.9412
Q,DE,N,771,2011-Q2,2.1042
Q,DE,N,771,2011-Q3,2.4851
Q,DE,N,771,2011-Q4,2.1782
Q,DE,N,771,2012-Q1,2.5616
Q,DE,N,771,2012-Q2,3.4347
Q,DE,N,771,2012-Q3,2.6188
Q,DE,N,771,2012-Q4,3.2946
Q,DE,N,771,2013-Q1,3.17
Q,DE,N,771,2013-Q2,3.0361
Q,DE,N,771,2013-Q3,3.5917
Q,DE,N,771,2013-Q4,2.3452
Q,DE,N,771,2014-Q1,2.3277
Q,DE,N,771,2014-Q2,3.2228
Q,DE,N,771,2014-Q3,2.8285
Q,DE,N,771,2014-Q4,3.2997
Q,DE,N,771,2015-Q1,4.2766
Q,DE,N,771,2015-Q2,4.3711
Q,DE,N,771,2015-Q3,4.3478
Q,DE,N,771,2015-Q4,5.8563
Q,DE,N,771,2016-Q1,6.1955
Q,DE,N,771,2016-Q2,7.0085
Q,DE,N,771,2016-Q3,8.4184
Q,DE,N,771,2016-Q4,8.3822
Q,DE,N,771,2017-Q1,6.7379
Q,DE,N,771,2017-Q2,5.8307
Q,DE,N,771,2017-Q3,5.6471
Q,DE,N,771,2017-Q4,6.2645
Q,DE,N,771,2018-Q1,6.6975
Q,DE,N,771,2018-Q2,6.6415
Q,DE,N,771,2018-Q3,7.0527
Q,DE,N,771,2018-Q4,6.2591
Q,DE,N,771,2019-Q1,5.3391
Q,DE,N,771,2019-Q2,5.9448
Q,DE,N,771,2019-Q3,5.2705
Q,DE,N,771,2019-Q4,6.5068
Q,DE,N,771,2020-Q1,7.3973
Q,DE,N,771,2020-Q2,6.6132
Q,DE,N,771,2020-Q3,8.3004
Q,DE,N,771,2020-Q4,8.746
Q,DE,N,771,2021-Q1,9.3112
Q,DE,N,771,2021-Q2,11.4662
Q,DE,N,771,2021-Q3,12.7737
Q,DE,N,771,2021-Q4,12.5961
Q,DE,N,771,2022-Q1,12.1937
Q,DE,N,771,2022-Q2,10.2305
Q,DE,N,771,2022-Q3,5.0701
Q,DE,N,771,2022-Q4,-2.4685
Q,DE,N,771,2023-Q1,-6.3443
Q,DE,N,771,2023-Q2,-9.434
Q,DE,N,771,2023-Q3,-10.2156
Q,DE,N,771,2023-Q4,-7.6467
Q,DE,N,771,2024-Q1,-5.1638
Q,DE,N,771,2024-Q2,-2.4775
Q,DE,N,771,2024-Q3,-0.1715
Q,DE,N,771,2024-Q4,1.9242
Q,DE,N,771,2025-Q1,3.5129
Q,DE,N,771,2025-Q2,3.1178
Q,DE,N,771,2025-Q3,3.2646
Q,US,R,628,2007-Q1,146.6715
Q,US,R,628,2007-Q2,139.6398
Q,US,R,628,2007-Q3,135.4134
Q,US,R,628,2007-Q4,130.1662
Q,US,R,628,2008-Q1,123.687
Q,US,R,628,2008-Q2,115.5532
Q,US,R,628,2008-Q3,109.1564
Q,US,R,628,2008-Q4,106.5619
Q,US,R,628,2009-Q1,103.9814
Q,US,R,628,2009-Q2,102.8912
Q,US,R,628,2009-Q3,102.4847
Q,US,R,628,2009-Q4,102.8812
Q,US,R,628,2010-Q1,101.5333
Q,US,R,628,2010-Q2,101.3731
Q,US,R,628,2010-Q3,99.1225
Q,US,R,628,2010-Q4,97.987
Q,US,R,628,2011-Q1,95.1055
Q,US,R,628,2011-Q2,93.9858
Q,US,R,628,2011-Q3,93.9631
Q,US,R,628,2011-Q4,94.0034
Q,US,R,628,2012-Q1,94.1046
Q,US,R,628,2012-Q2,95.7168
Q,US,R,628,2012-Q3,97.4188
Q,US,R,628,2012-Q4,99.5286
Q,US,R,628,2013-Q1,101.4428
Q,US,R,628,2013-Q2,103.5127
Q,US,R,628,2013-Q3,105.7052
Q,US,R,628,2013-Q4,108.0493
Q,US,R,628,2014-Q1,108.6432
Q,US,R,628,2014-Q2,108.0658
Q,US,R,628,2014-Q3,109.3574
Q,US,R,628,2014-Q4,111.9325
Q,US,R,628,2015-Q1,113.9751
Q,US,R,628,2015-Q2,113.9277
Q,US,R,628,2015-Q3,115.2455
Q,US,R,628,2015-Q4,117.4799
Q,US,R,628,2016-Q1,118.832
Q,US,R,628,2016-Q2,118.7703
Q,US,R,628,2016-Q3,120.0182
Q,US,R,628,2016-Q4,121.6209
Q,US,R,628,2017-Q1,122.2907
Q,US,R,628,2017-Q2,123.365
Q,US,R,628,2017-Q3,124.7549
Q,US,R,628,2017-Q4,126.2858
Q,US,R,628,2018-Q1,127.1054
Q,US,R,628,2018-Q2,127.2656
Q,US,R,628,2018-Q3,128.1168
Q,US,R,628,2018-Q4,129.2706
Q,US,R,628,2019-Q1,129.8171
Q,US,R,628,2019-Q2,129.559
Q,US,R,628,2019-Q3,130.7217
Q,US,R,628,2019-Q4,132.3659
Q,US,R,628,2020-Q1,133.7736
Q,US,R,628,2020-Q2,135.6269
Q,US,R,628,2020-Q3,138.4091
Q,US,R,628,2020-Q4,143.2356
Q,US,R,628,2021-Q1,146.1838
Q,US,R,628,2021-Q2,149.5702
Q,US,R,628,2021-Q3,153.4393
Q,US,R,628,2021-Q4,157.0464
Q,US,R,628,2022-Q1,160.0179
Q,US,R,628,2022-Q2,159.7544
Q,US,R,628,2022-Q3,156.7779
Q,US,R,628,2022-Q4,156.8068
Q,US,R,628,2023-Q1,156.8538
Q,US,R,628,2023-Q2,156.9784
Q,US,R,628,2023-Q3,158.5608
Q,US,R,628,2023-Q4,160.2718
Q,US,R,628,2024-Q1,160.1389
Q,US,R,628,2024-Q2,159.3813
Q,US,R,628,2024-Q3,160.2521
Q,US,R,628,2024-Q4,161.3926
Q,US,R,628,2025-Q1,159.9432
Q,US,R,628,2025-Q2,158.3531
Q,US,R,628,2025-Q3,157.6734
Q,KR,R,628,2007-Q1,104.2449
Q,KR,R,628,2007-Q2,103.6577
Q,KR,R,628,2007-Q3,103.4739
Q,KR,R,628,2007-Q4,103.508
Q,KR,R,628,2008-Q1,103.1279
Q,KR,R,628,2008-Q2,103.1872
Q,KR,R,628,2008-Q3,102.9969
Q,KR,R,628,2008-Q4,102.9553
Q,KR,R,628,2009-Q1,100.7846
Q,KR,R,628,2009-Q2,99.7796
Q,KR,R,628,2009-Q3,100.161
Q,KR,R,628,2009-Q4,101.2139
Q,KR,R,628,2010-Q1,100.4909
Q,KR,R,628,2010-Q2,100.3644
Q,KR,R,628,2010-Q3,99.4961
Q,KR,R,628,2010-Q4,99.6599
Q,KR,R,628,2011-Q1,99.5045
Q,KR,R,628,2011-Q2,101.0492
Q,KR,R,628,2011-Q3,101.4651
Q,KR,R,628,2011-Q4,102.5678
Q,KR,R,628,2012-Q1,102.1803
Q,KR,R,628,2012-Q2,102.2572
Q,KR,R,628,2012-Q3,101.7741
Q,KR,R,628,2012-Q4,101.1246
Q,KR,R,628,2013-Q1,100.1866
Q,KR,R,628,2013-Q2,100.2695
Q,KR,R,628,2013-Q3,99.7882
Q,KR,R,628,2013-Q4,100.1976
Q,KR,R,628,2014-Q1,99.8658
Q,KR,R,628,2014-Q2,100.038
Q,KR,R,628,2014-Q3,100.2007
Q,KR,R,628,2014-Q4,101.2826
Q,KR,R,628,2015-Q1,101.3169
Q,KR,R,628,2015-Q2,102.4049
Q,KR,R,628,2015-Q3,103.4023
Q,KR,R,628,2015-Q4,104.7209
Q,KR,R,628,2016-Q1,104.6547
Q,KR,R,628,2016-Q2,104.5926
Q,KR,R,628,2016-Q3,104.7176
Q,KR,R,628,2016-Q4,104.7769
Q,KR,R,628,2017-Q1,103.6666
Q,KR,R,628,2017-Q2,103.8862
Q,KR,R,628,2017-Q3,103.9749
Q,KR,R,628,2017-Q4,104.5509
Q,KR,R,628,2018-Q1,104.2161
Q,KR,R,628,2018-Q2,104.3629
Q,KR,R,628,2018-Q3,104.5619
Q,KR,R,628,2018-Q4,106.0377
Q,KR,R,628,2019-Q1,106.4097
Q,KR,R,628,2019-Q2,105.6338
Q,KR,R,628,2019-Q3,105.6667
Q,KR,R,628,2019-Q4,105.8135
Q,KR,R,628,2020-Q1,106.5355
Q,KR,R,628,2020-Q2,108.1911
Q,KR,R,628,2020-Q3,109.6581
Q,KR,R,628,2020-Q4,112.8528
Q,KR,R,628,2021-Q1,115.8494
Q,KR,R,628,2021-Q2,119.2947
Q,KR,R,628,2021-Q3,123.1131
Q,KR,R,628,2021-Q4,126.0981
Q,KR,R,628,2022-Q1,125.5234
Q,KR,R,628,2022-Q2,123.8187
Q,KR,R,628,2022-Q3,122.4369
Q,KR,R,628,2022-Q4,119.7681
Q,KR,R,628,2023-Q1,114.8128
Q,KR,R,628,2023-Q2,111.734
Q,KR,R,628,2023-Q3,110.0289
Q,KR,R,628,2023-Q4,109.2947
Q,KR,R,628,2024-Q1,108.3503
Q,KR,R,628,2024-Q2,107.7857
Q,KR,R,628,2024-Q3,107.4326
Q,KR,R,628,2024-Q4,107.4891
Q,KR,R,628,2025-Q1,105.9635
Q,KR,R,628,2025-Q2,105.7341
Q,KR,R,628,2025-Q3,105.7507
Q,AU,R,771,2007-Q1,5.7173
Q,AU,R,771,2007-Q2,6.9791
Q,AU,R,771,2007-Q3,9.0839
Q,AU,R,771,2007-Q4,10.1047
Q,AU,R,771,2008-Q1,8.1733
Q,AU,R,771,2008-Q2,2.4591
Q,AU,R,771,2008-Q3,-3.7622
Q,AU,R,771,2008-Q4,-7.4115
Q,AU,R,771,2009-Q1,-6.8939
Q,AU,R,771,2009-Q2,-1.1802
Q,AU,R,771,2009-Q3,5.5655
Q,AU,R,771,2009-Q4,11.983
Q,AU,R,771,2010-Q1,14.779
Q,AU,R,771,2010-Q2,12.1316
Q,AU,R,771,2010-Q3,6.5087
Q,AU,R,771,2010-Q4,1.6333
Q,AU,R,771,2011-Q1,-2.7749
Q,AU,R,771,2011-Q2,-5.557
Q,AU,R,771,2011-Q3,-5.9352
Q,AU,R,771,2011-Q4,-6.8421
Q,AU,R,771,2012-Q1,-4.1885
Q,AU,R,771,2012-Q2,-2.7451
Q,AU,R,771,2012-Q3,-1.9646
Q,AU,R,771,2012-Q4,0.7961
Q,AU,R,771,2013-Q1,0.5829
Q,AU,R,771,2013-Q2,2.821
Q,AU,R,771,2013-Q3,5.7974
Q,AU,R,771,2013-Q4,7.023
Q,AU,R,771,2014-Q1,7.6135
Q,AU,R,771,2014-Q2,6.8994
Q,AU,R,771,2014-Q3,6.3184
Q,AU,R,771,2014-Q4,4.947
Q,AU,R,771,2015-Q1,5.5161
Q,AU,R,771,2015-Q2,8.1597
Q,AU,R,771,2015-Q3,9.0562
Q,AU,R,771,2015-Q4,6.8481
Q,AU,R,771,2016-Q1,5.4159
Q,AU,R,771,2016-Q2,3.0148
Q,AU,R,771,2016-Q3,2.2028
Q,AU,R,771,2016-Q4,6.091
Q,AU,R,771,2017-Q1,7.9056
Q,AU,R,771,2017-Q2,8.0608
Q,AU,R,771,2017-Q3,6.352
Q,AU,R,771,2017-Q4,3.0121
Q,AU,R,771,2018-Q1,0.1154
Q,AU,R,771,2018-Q2,-2.6372
Q,AU,R,771,2018-Q3,-3.73
Q,AU,R,771,2018-Q4,-6.8116
Q,AU,R,771,2019-Q1,-8.5848
Q,AU,R,771,2019-Q2,-8.8692
Q,AU,R,771,2019-Q3,-5.2816
Q,AU,R,771,2019-Q4,0.6476
Q,AU,R,771,2020-Q1,5.0618
Q,AU,R,771,2020-Q2,6.6029
Q,AU,R,771,2020-Q3,3.7701
Q,AU,R,771,2020-Q4,2.7395
Q,AU,R,771,2021-Q1,6.2909
Q,AU,R,771,2021-Q2,12.4353
Q,AU,R,771,2021-Q3,18.1327
Q,AU,R,771,2021-Q4,19.4917
Q,AU,R,771,2022-Q1,14.7438
Q,AU,R,771,2022-Q2,6.7951
Q,AU,R,771,2022-Q3,-2.8586
Q,AU,R,771,2022-Q4,-10.114
Q,AU,R,771,2023-Q1,-12.2902
Q,AU,R,771,2023-Q2,-9.2704
Q,AU,R,771,2023-Q3,-2.8389
Q,AU,R,771,2023-Q4,3.0679
Q,AU,R,771,2024-Q1,5.7254
Q,AU,R,771,2024-Q2,4.8518
Q,AU,R,771,2024-Q3,4.5006
Q,AU,R,771,2024-Q4,3.2695
Q,AU,R,771,2025-Q1,2.0084
Q,AU,R,771,2025-Q2,1.8986
Q,AU,R,771,2025-Q3,1.5009
Q,IT,N,628,2007-Q1,97.1558
Q,IT,N,628,2007-Q2,98.2676
Q,IT,N,628,2007-Q3,99.6198
Q,IT,N,628,2007-Q4,100.1448
Q,IT,N,628,2008-Q1,100.7849
Q,IT,N,628,2008-Q2,101.79
Q,IT,N,628,2008-Q3,102.2252
Q,IT,N,628,2008-Q4,100.6689
Q,IT,N,628,2009-Q1,101.0246
Q,IT,N,628,2009-Q2,100.9179
Q,IT,N,628,2009-Q3,101.0694
Q,IT,N,628,2009-Q4,100.4115
Q,IT,N,628,2010-Q1,98.8992
Q,IT,N,628,2010-Q2,99.8307
Q,IT,N,628,2010-Q3,100.5927
Q,IT,N,628,2010-Q4,100.6774
Q,IT,N,628,2011-Q1,100.1693
Q,IT,N,628,2011-Q2,102.2015
Q,IT,N,628,2011-Q3,101.8628
Q,IT,N,628,2011-Q4,101.1854
Q,IT,N,628,2012-Q1,100.7621
Q,IT,N,628,2012-Q2,100.0
Q,IT,N,628,2012-Q3,98.1372
Q,IT,N,628,2012-Q4,96.1897
Q,IT,N,628,2013-Q1,93.5648
Q,IT,N,628,2013-Q2,93.3108
Q,IT,N,628,2013-Q3,91.956
Q,IT,N,628,2013-Q4,90.6859
Q,IT,N,628,2014-Q1,89.5004
Q,IT,N,628,2014-Q2,88.6537
Q,IT,N,628,2014-Q3,87.6376
Q,IT,N,628,2014-Q4,86.2828
Q,IT,N,628,2015-Q1,84.42
Q,IT,N,628,2015-Q2,84.5047
Q,IT,N,628,2015-Q3,85.2667
Q,IT,N,628,2015-Q4,84.5047
Q,IT,N,628,2016-Q1,84.5047
Q,IT,N,628,2016-Q2,85.0974
Q,IT,N,628,2016-Q3,85.2667
Q,IT,N,628,2016-Q4,84.674
Q,IT,N,628,2017-Q1,83.9119
Q,IT,N,628,2017-Q2,84.3353
Q,IT,N,628,2017-Q3,83.9966
Q,IT,N,628,2017-Q4,83.6579
Q,IT,N,628,2018-Q1,83.4886
Q,IT,N,628,2018-Q2,83.9966
Q,IT,N,628,2018-Q3,83.3192
Q,IT,N,628,2018-Q4,83.2345
Q,IT,N,628,2019-Q1,82.7265
Q,IT,N,628,2019-Q2,83.9119
Q,IT,N,628,2019-Q3,83.6579
Q,IT,N,628,2019-Q4,83.4039
Q,IT,N,628,2020-Q1,84.166
Q,IT,N,628,2020-Q2,86.7062
Q,IT,N,628,2020-Q3,84.5047
Q,IT,N,628,2020-Q4,84.674
Q,IT,N,628,2021-Q1,85.6054
Q,IT,N,628,2021-Q2,87.0449
Q,IT,N,628,2021-Q3,87.9763
Q,IT,N,628,2021-Q4,88.061
Q,IT,N,628,2022-Q1,89.5004
Q,IT,N,628,2022-Q2,91.5326
Q,IT,N,628,2022-Q3,90.5165
Q,IT,N,628,2022-Q4,90.4318
Q,IT,N,628,2023-Q1,90.4318
Q,IT,N,628,2023-Q2,92.1253
Q,IT,N,628,2023-Q3,92.0406
Q,IT,N,628,2023-Q4,92.0406
Q,IT,N,628,2024-Q1,91.8713
Q,IT,N,628,2024-Q2,94.8349
Q,IT,N,628,2024-Q3,95.5123
Q,IT,N,628,2024-Q4,96.105
Q,IT,N,628,2025-Q1,95.9356
Q,IT,N,628,2025-Q2,98.5605
Q,IT,N,628,2025-Q3,99.1533
Q,CN,R,771,2007-Q1,2.4798
Q,CN,R,771,2007-Q2,2.1859
Q,CN,R,771,2007-Q3,0.7457
Q,CN,R,771,2007-Q4,2.0936
Q,CN,R,771,2008-Q1,1.2105
Q,CN,R,771,2008-Q2,-0.0095
Q,CN,R,771,2008-Q3,0.1799
Q,CN,R,771,2008-Q4,-0.77
Q,CN,R,771,2009-Q1,0.4391
Q,CN,R,771,2009-Q2,1.0781
Q,CN,R,771,2009-Q3,2.4894
Q,CN,R,771,2009-Q4,3.8818
Q,CN,R,771,2010-Q1,6.7782
Q,CN,R,771,2010-Q2,7.6983
Q,CN,R,771,2010-Q3,5.2652
Q,CN,R,771,2010-Q4,2.7193
Q,CN,R,771,2011-Q1,0.6682
Q,CN,R,771,2011-Q2,-1.5476
Q,CN,R,771,2011-Q3,-2.2226
Q,CN,R,771,2011-Q4,-2.2669
Q,CN,R,771,2012-Q1,-3.5432
Q,CN,R,771,2012-Q2,-3.8463
Q,CN,R,771,2012-Q3,-2.955
Q,CN,R,771,2012-Q4,-2.4418
Q,CN,R,771,2013-Q1,-0.4626
Q,CN,R,771,2013-Q2,2.9101
Q,CN,R,771,2013-Q3,4.6701
Q,CN,R,771,2013-Q4,5.9846
Q,CN,R,771,2014-Q1,5.8629
Q,CN,R,771,2014-Q2,3.0163
Q,CN,R,771,2014-Q3,-1.4369
Q,CN,R,771,2014-Q4,-5.0078
Q,CN,R,771,2015-Q1,-6.9355
Q,CN,R,771,2015-Q2,-7.3296
Q,CN,R,771,2015-Q3,-4.7993
Q,CN,R,771,2015-Q4,-1.7629
Q,CN,R,771,2016-Q1,1.2139
Q,CN,R,771,2016-Q2,3.5591
Q,CN,R,771,2016-Q3,5.6231
Q,CN,R,771,2016-Q4,7.0826
Q,CN,R,771,2017-Q1,6.6247
Q,CN,R,771,2017-Q2,6.5185
Q,CN,R,771,2017-Q3,5.2201
Q,CN,R,771,2017-Q4,3.263
Q,CN,R,771,2018-Q1,2.3376
Q,CN,R,771,2018-Q2,2.2335
Q,CN,R,771,2018-Q3,3.6349
Q,CN,R,771,2018-Q4,4.9987
Q,CN,R,771,2019-Q1,5.6956
Q,CN,R,771,2019-Q2,4.4834
Q,CN,R,771,2019-Q3,2.1067
Q,CN,R,771,2019-Q4,-0.6327
Q,CN,R,771,2020-Q1,-2.1002
Q,CN,R,771,2020-Q2,-0.5564
Q,CN,R,771,2020-Q3,-0.0397
Q,CN,R,771,2020-Q4,2.2697
Q,CN,R,771,2021-Q1,3.1668
Q,CN,R,771,2021-Q2,2.4499
Q,CN,R,771,2021-Q3,2.4326
Q,CN,R,771,2021-Q4,-0.1139
Q,CN,R,771,2022-Q1,-1.106
Q,CN,R,771,2022-Q2,-4.2636
Q,CN,R,771,2022-Q3,-5.788
Q,CN,R,771,2022-Q4,-5.4411
Q,CN,R,771,2023-Q1,-4.562
Q,CN,R,771,2023-Q2,-2.7652
Q,CN,R,771,2023-Q3,-3.1151
Q,CN,R,771,2023-Q4,-3.3968
Q,CN,R,771,2024-Q1,-5.1559
Q,CN,R,771,2024-Q2,-7.6261
Q,CN,R,771,2024-Q3,-9.0289
Q,CN,R,771,2024-Q4,-8.7494
Q,CN,R,771,2025-Q1,-7.4249
Q,CN,R,771,2025-Q2,-6.3758
Q,CN,R,771,2025-Q3,-5.2998
Q,GB,N,628,2007-Q1,104.2394
Q,GB,N,628,2007-Q2,108.2294
Q,GB,N,628,2007-Q3,111.2219
Q,GB,N,628,2007-Q4,111.2219
Q,GB,N,628,2008-Q1,108.0632
Q,GB,N,628,2008-Q2,107.3982
Q,GB,N,628,2008-Q3,103.2419
Q,GB,N,628,2008-Q4,96.4256
Q,GB,N,628,2009-Q1,91.4381
Q,GB,N,628,2009-Q2,92.6018
Q,GB,N,628,2009-Q3,96.2594
Q,GB,N,628,2009-Q4,98.0881
Q,GB,N,628,2010-Q1,98.4206
Q,GB,N,628,2010-Q2,100.2494
Q,GB,N,628,2010-Q3,101.7456
Q,GB,N,628,2010-Q4,99.5844
Q,GB,N,628,2011-Q1,97.7556
Q,GB,N,628,2011-Q2,98.4206
Q,GB,N,628,2011-Q3,99.7506
Q,GB,N,628,2011-Q4,98.2544
Q,GB,N,628,2012-Q1,97.2569
Q,GB,N,628,2012-Q2,99.0856
Q,GB,N,628,2012-Q3,100.0831
Q,GB,N,628,2012-Q4,99.2519
Q,GB,N,628,2013-Q1,98.5869
Q,GB,N,628,2013-Q2,100.5819
Q,GB,N,628,2013-Q3,103.0756
Q,GB,N,628,2013-Q4,103.5744
Q,GB,N,628,2014-Q1,105.0707
Q,GB,N,628,2014-Q2,108.7282
Q,GB,N,628,2014-Q3,112.2195
Q,GB,N,628,2014-Q4,112.3857
Q,GB,N,628,2015-Q1,112.0532
Q,GB,N,628,2015-Q2,114.547
Q,GB,N,628,2015-Q3,118.2045
Q,GB,N,628,2015-Q4,119.7007
Q,GB,N,628,2016-Q1,121.0308
Q,GB,N,628,2016-Q2,123.6908
Q,GB,N,628,2016-Q3,126.1845
Q,GB,N,628,2016-Q4,126.1845
Q,GB,N,628,2017-Q1,126.3508
Q,GB,N,628,2017-Q2,129.1771
Q,GB,N,628,2017-Q3,132.1696
Q,GB,N,628,2017-Q4,132.0033
Q,GB,N,628,2018-Q1,131.8371
Q,GB,N,628,2018-Q2,133.3333
Q,GB,N,628,2018-Q3,135.8271
Q,GB,N,628,2018-Q4,135.1621
Q,GB,N,628,2019-Q1,133.6658
Q,GB,N,628,2019-Q2,134.6633
Q,GB,N,628,2019-Q3,136.8246
Q,GB,N,628,2019-Q4,136.3259
Q,GB,N,628,2020-Q1,135.9934
Q,GB,N,628,2020-Q2,136.3259
Q,GB,N,628,2020-Q3,140.3159
Q,GB,N,628,2020-Q4,144.3059
Q,GB,N,628,2021-Q1,146.4672
Q,GB,N,628,2021-Q2,149.1272
Q,GB,N,628,2021-Q3,151.9534
Q,GB,N,628,2021-Q4,154.7797
Q,GB,N,628,2022-Q1,158.4372
Q,GB,N,628,2022-Q2,162.4273
Q,GB,N,628,2022-Q3,168.5786
Q,GB,N,628,2022-Q4,168.7448
Q,GB,N,628,2023-Q1,164.7548
Q,GB,N,628,2023-Q2,163.9235
Q,GB,N,628,2023-Q3,166.7498
Q,GB,N,628,2023-Q4,164.5885
Q,GB,N,628,2024-Q1,162.5935
Q,GB,N,628,2024-Q2,164.5885
Q,GB,N,628,2024-Q3,168.2461
Q,GB,N,628,2024-Q4,168.5786
Q,GB,N,628,2025-Q1,169.5761
Q,GB,N,628,2025-Q2,168.7448
Q,GB,N,628,2025-Q3,172.5686
Q,US,R,771,2007-Q1,-4.738
Q,US,R,771,2007-Q2,-7.1106
Q,US,R,771,2007-Q3,-8.7329
Q,US,R,771,2007-Q4,-13.0083
Q,US,R,771,2008-Q1,-15.6707
Q,US,R,771,2008-Q2,-17.2491
Q,US,R,771,2008-Q3,-19.3903
Q,US,R,771,2008-Q4,-18.134
Q,US,R,771,2009-Q1,-15.9318
Q,US,R,771,2009-Q2,-10.9577
Q,US,R,771,2009-Q3,-6.112
Q,US,R,771,2009-Q4,-3.4541
Q,US,R,771,2010-Q1,-2.3545
Q,US,R,771,2010-Q2,-1.4755
Q,US,R,771,2010-Q3,-3.2807
Q,US,R,771,2010-Q4,-4.7571
Q,US,R,771,2011-Q1,-6.3307
Q,US,R,771,2011-Q2,-7.2872
Q,US,R,771,2011-Q3,-5.2051
Q,US,R,771,2011-Q4,-4.0655
Q,US,R,771,2012-Q1,-1.0523
Q,US,R,771,2012-Q2,1.8417
Q,US,R,771,2012-Q3,3.6777
Q,US,R,771,2012-Q4,5.8777
Q,US,R,771,2013-Q1,7.7978
Q,US,R,771,2013-Q2,8.1448
Q,US,R,771,2013-Q3,8.506
Q,US,R,771,2013-Q4,8.561
Q,US,R,771,2014-Q1,7.098
Q,US,R,771,2014-Q2,4.3986
Q,US,R,771,2014-Q3,3.455
Q,US,R,771,2014-Q4,3.5938
Q,US,R,771,2015-Q1,4.9077
Q,US,R,771,2015-Q2,5.4244
Q,US,R,771,2015-Q3,5.3843
Q,US,R,771,2015-Q4,4.9561
Q,US,R,771,2016-Q1,4.2614
Q,US,R,771,2016-Q2,4.2505
Q,US,R,771,2016-Q3,4.1413
Q,US,R,771,2016-Q4,3.5249
Q,US,R,771,2017-Q1,2.9106
Q,US,R,771,2017-Q2,3.8686
Q,US,R,771,2017-Q3,3.9467
Q,US,R,771,2017-Q4,3.8355
Q,US,R,771,2018-Q1,3.9371
Q,US,R,771,2018-Q2,3.1619
Q,US,R,771,2018-Q3,2.6948
Q,US,R,771,2018-Q4,2.3635
Q,US,R,771,2019-Q1,2.1334
Q,US,R,771,2019-Q2,1.802
Q,US,R,771,2019-Q3,2.0332
Q,US,R,771,2019-Q4,2.3944
Q,US,R,771,2020-Q1,3.0478
Q,US,R,771,2020-Q2,4.6835
Q,US,R,771,2020-Q3,5.8808
Q,US,R,771,2020-Q4,8.2119
Q,US,R,771,2021-Q1,9.2771
Q,US,R,771,2021-Q2,10.2806
Q,US,R,771,2021-Q3,10.8593
Q,US,R,771,2021-Q4,9.6421
Q,US,R,771,2022-Q1,9.4635
Q,US,R,771,2022-Q2,6.8089
Q,US,R,771,2022-Q3,2.1758
Q,US,R,771,2022-Q4,-0.1526
Q,US,R,771,2023-Q1,-1.9774
Q,US,R,771,2023-Q2,-1.7376
Q,US,R,771,2023-Q3,1.1372
Q,US,R,771,2023-Q4,2.2097
Q,US,R,771,2024-Q1,2.0944
Q,US,R,771,2024-Q2,1.5307
Q,US,R,771,2024-Q3,1.0667
Q,US,R,771,2024-Q4,0.6993
Q,US,R,771,2025-Q1,-0.1222
Q,US,R,771,2025-Q2,-0.6452
Q,US,R,771,2025-Q3,-1.6092
Q,KR,R,771,2007-Q1,9.7176
Q,KR,R,771,2007-Q2,7.3417
Q,KR,R,771,2007-Q3,6.743
Q,KR,R,771,2007-Q4,1.8394
Q,KR,R,771,2008-Q1,-1.0716
Q,KR,R,771,2008-Q2,-0.4539
Q,KR,R,771,2008-Q3,-0.461
Q,KR,R,771,2008-Q4,-0.534
Q,KR,R,771,2009-Q1,-2.2722
Q,KR,R,771,2009-Q2,-3.3024
Q,KR,R,771,2009-Q3,-2.7533
Q,KR,R,771,2009-Q4,-1.6914
Q,KR,R,771,2010-Q1,-0.2914
Q,KR,R,771,2010-Q2,0.5862
Q,KR,R,771,2010-Q3,-0.6639
Q,KR,R,771,2010-Q4,-1.5353
Q,KR,R,771,2011-Q1,-0.9816
Q,KR,R,771,2011-Q2,0.6823
Q,KR,R,771,2011-Q3,1.9791
Q,KR,R,771,2011-Q4,2.9178
Q,KR,R,771,2012-Q1,2.6891
Q,KR,R,771,2012-Q2,1.1954
Q,KR,R,771,2012-Q3,0.3045
Q,KR,R,771,2012-Q4,-1.4071
Q,KR,R,771,2013-Q1,-1.9511
Q,KR,R,771,2013-Q2,-1.9438
Q,KR,R,771,2013-Q3,-1.9513
Q,KR,R,771,2013-Q4,-0.9167
Q,KR,R,771,2014-Q1,-0.3202
Q,KR,R,771,2014-Q2,-0.2308
Q,KR,R,771,2014-Q3,0.4133
Q,KR,R,771,2014-Q4,1.0829
Q,KR,R,771,2015-Q1,1.4531
Q,KR,R,771,2015-Q2,2.366
Q,KR,R,771,2015-Q3,3.1952
Q,KR,R,771,2015-Q4,3.3948
Q,KR,R,771,2016-Q1,3.2943
Q,KR,R,771,2016-Q2,2.1363
Q,KR,R,771,2016-Q3,1.272
Q,KR,R,771,2016-Q4,0.0535
Q,KR,R,771,2017-Q1,-0.9442
Q,KR,R,771,2017-Q2,-0.6753
Q,KR,R,771,2017-Q3,-0.7092
Q,KR,R,771,2017-Q4,-0.2158
Q,KR,R,771,2018-Q1,0.5301
Q,KR,R,771,2018-Q2,0.4589
Q,KR,R,771,2018-Q3,0.5646
Q,KR,R,771,2018-Q4,1.4221
Q,KR,R,771,2019-Q1,2.1048
Q,KR,R,771,2019-Q2,1.2178
Q,KR,R,771,2019-Q3,1.0566
Q,KR,R,771,2019-Q4,-0.2114
Q,KR,R,771,2020-Q1,0.1183
Q,KR,R,771,2020-Q2,2.4209
Q,KR,R,771,2020-Q3,3.7773
Q,KR,R,771,2020-Q4,6.6525
Q,KR,R,771,2021-Q1,8.7425
Q,KR,R,771,2021-Q2,10.2629
Q,KR,R,771,2021-Q3,12.2699
Q,KR,R,771,2021-Q4,11.7368
Q,KR,R,771,2022-Q1,8.3505
Q,KR,R,771,2022-Q2,3.7923
Q,KR,R,771,2022-Q3,-0.5492
Q,KR,R,771,2022-Q4,-5.0199
Q,KR,R,771,2023-Q1,-8.5327
Q,KR,R,771,2023-Q2,-9.76
Q,KR,R,771,2023-Q3,-10.1343
Q,KR,R,771,2023-Q4,-8.7448
Q,KR,R,771,2024-Q1,-5.6287
Q,KR,R,771,2024-Q2,-3.5337
Q,KR,R,771,2024-Q3,-2.3596
Q,KR,R,771,2024-Q4,-1.652
Q,KR,R,771,2025-Q1,-2.2029
Q,KR,R,771,2025-Q2,-1.9034
Q,KR,R,771,2025-Q3,-1.5656
Q,IT,N,771,2007-Q1,5.8623
Q,IT,N,771,2007-Q2,5.0386
Q,IT,N,771,2007-Q3,4.5842
Q,IT,N,771,2007-Q4,4.4336
Q,IT,N,771,2008-Q1,3.7354
Q,IT,N,771,2008-Q2,3.5845
Q,IT,N,771,2008-Q3,2.6154
Q,IT,N,771,2008-Q4,0.5234
Q,IT,N,771,2009-Q1,0.2378
Q,IT,N,771,2009-Q2,-0.8568
Q,IT,N,771,2009-Q3,-1.1306
Q,IT,N,771,2009-Q4,-0.2557
Q,IT,N,771,2010-Q1,-2.1038
Q,IT,N,771,2010-Q2,-1.0773
Q,IT,N,771,2010-Q3,-0.4717
Q,IT,N,771,2010-Q4,0.2648
Q,IT,N,771,2011-Q1,1.2842
Q,IT,N,771,2011-Q2,2.3749
Q,IT,N,771,2011-Q3,1.2626
Q,IT,N,771,2011-Q4,0.5046
Q,IT,N,771,2012-Q1,0.5917
Q,IT,N,771,2012-Q2,-2.1541
Q,IT,N,771,2012-Q3,-3.6575
Q,IT,N,771,2012-Q4,-4.9372
Q,IT,N,771,2013-Q1,-7.1429
Q,IT,N,771,2013-Q2,-6.6892
Q,IT,N,771,2013-Q3,-6.2985
Q,IT,N,771,2013-Q4,-5.7218
Q,IT,N,771,2014-Q1,-4.3439
Q,IT,N,771,2014-Q2,-4.9909
Q,IT,N,771,2014-Q3,-4.6961
Q,IT,N,771,2014-Q4,-4.8553
Q,IT,N,771,2015-Q1,-5.6764
Q,IT,N,771,2015-Q2,-4.68
Q,IT,N,771,2015-Q3,-2.7053
Q,IT,N,771,2015-Q4,-2.0608
Q,IT,N,771,2016-Q1,0.1003
Q,IT,N,771,2016-Q2,0.7014
Q,IT,N,771,2016-Q3,0.0
Q,IT,N,771,2016-Q4,0.2004
Q,IT,N,771,2017-Q1,-0.7014
Q,IT,N,771,2017-Q2,-0.8955
Q,IT,N,771,2017-Q3,-1.4896
Q,IT,N,771,2017-Q4,-1.2
Q,IT,N,771,2018-Q1,-0.5045
Q,IT,N,771,2018-Q2,-0.4016
Q,IT,N,771,2018-Q3,-0.8065
Q,IT,N,771,2018-Q4,-0.5061
Q,IT,N,771,2019-Q1,-0.9128
Q,IT,N,771,2019-Q2,-0.1008
Q,IT,N,771,2019-Q3,0.4065
Q,IT,N,771,2019-Q4,0.2035
Q,IT,N,771,2020-Q1,1.74
Q,IT,N,771,2020-Q2,3.33
Q,IT,N,771,2020-Q3,1.0121
Q,IT,N,771,2020-Q4,1.5228
Q,IT,N,771,2021-Q1,1.7103
Q,IT,N,771,2021-Q2,0.3906
Q,IT,N,771,2021-Q3,4.1082
Q,IT,N,771,2021-Q4,4.0
Q,IT,N,771,2022-Q1,4.55
Q,IT,N,771,2022-Q2,5.1556
Q,IT,N,771,2022-Q3,2.8874
Q,IT,N,771,2022-Q4,2.6923
Q,IT,N,771,2023-Q1,1.0407
Q,IT,N,771,2023-Q2,0.6475
Q,IT,N,771,2023-Q3,1.6838
Q,IT,N,771,2023-Q4,1.779
Q,IT,N,771,2024-Q1,1.5918
Q,IT,N,771,2024-Q2,2.9412
Q,IT,N,771,2024-Q3,3.7718
Q,IT,N,771,2024-Q4,4.4158
Q,IT,N,771,2025-Q1,4.424
Q,IT,N,771,2025-Q2,3.9286
Q,IT,N,771,2025-Q3,3.8121
Q,JP,R,628,2007-Q1,104.1622
Q,JP,R,628,2007-Q2,103.5103
Q,JP,R,628,2007-Q3,103.1501
Q,JP,R,628,2007-Q4,102.5543
Q,JP,R,628,2008-Q1,102.3879
Q,JP,R,628,2008-Q2,100.8809
Q,JP,R,628,2008-Q3,99.1951
Q,JP,R,628,2008-Q4,98.911
Q,JP,R,628,2009-Q1,98.19
Q,JP,R,628,2009-Q2,96.7052
Q,JP,R,628,2009-Q3,98.4322
Q,JP,R,628,2009-Q4,98.0852
Q,JP,R,628,2010-Q1,99.451
Q,JP,R,628,2010-Q2,99.5475
Q,JP,R,628,2010-Q3,100.6759
Q,JP,R,628,2010-Q4,100.3299
Q,JP,R,628,2011-Q1,100.8138
Q,JP,R,628,2011-Q2,100.1334
Q,JP,R,628,2011-Q3,100.7678
Q,JP,R,628,2011-Q4,99.6445
Q,JP,R,628,2012-Q1,99.9944
Q,JP,R,628,2012-Q2,98.8575
Q,JP,R,628,2012-Q3,99.72
Q,JP,R,628,2012-Q4,99.4551
Q,JP,R,628,2013-Q1,100.1971
Q,JP,R,628,2013-Q2,100.8409
Q,JP,R,628,2013-Q3,101.3057
Q,JP,R,628,2013-Q4,100.8131
Q,JP,R,628,2014-Q1,101.7371
Q,JP,R,628,2014-Q2,98.8267
Q,JP,R,628,2014-Q3,99.069
Q,JP,R,628,2014-Q4,98.8562
Q,JP,R,628,2015-Q1,101.8079
Q,JP,R,628,2015-Q2,100.729
Q,JP,R,628,2015-Q3,101.7951
Q,JP,R,628,2015-Q4,100.552
Q,JP,R,628,2016-Q1,103.4215
Q,JP,R,628,2016-Q2,104.1009
Q,JP,R,628,2016-Q3,104.0876
Q,JP,R,628,2016-Q4,102.7801
Q,JP,R,628,2017-Q1,107.0964
Q,JP,R,628,2017-Q2,105.7634
Q,JP,R,628,2017-Q3,105.9879
Q,JP,R,628,2017-Q4,104.0423
Q,JP,R,628,2018-Q1,107.3534
Q,JP,R,628,2018-Q2,107.06
Q,JP,R,628,2018-Q3,106.6895
Q,JP,R,628,2018-Q4,105.733
Q,JP,R,628,2019-Q1,109.5032
Q,JP,R,628,2019-Q2,108.3303
Q,JP,R,628,2019-Q3,107.6618
Q,JP,R,628,2019-Q4,106.2136
Q,JP,R,628,2020-Q1,108.3035
Q,JP,R,628,2020-Q2,107.4278
Q,JP,R,628,2020-Q3,107.4995
Q,JP,R,628,2020-Q4,108.8926
Q,JP,R,628,2021-Q1,112.523
Q,JP,R,628,2021-Q2,114.1395
Q,JP,R,628,2021-Q3,116.449
Q,JP,R,628,2021-Q4,115.7422
Q,JP,R,628,2022-Q1,121.6617
Q,JP,R,628,2022-Q2,121.7397
Q,JP,R,628,2022-Q3,122.0932
Q,JP,R,628,2022-Q4,119.8312
Q,JP,R,628,2023-Q1,122.96
Q,JP,R,628,2023-Q2,121.5823
Q,JP,R,628,2023-Q3,120.9028
Q,JP,R,628,2023-Q4,118.7967
Q,JP,R,628,2024-Q1,122.9175
Q,JP,R,628,2024-Q2,121.633
Q,JP,R,628,2024-Q3,121.4486
Q,JP,R,628,2024-Q4,118.6312
Q,JP,R,628,2025-Q1,124.0035
Q,JP,R,628,2025-Q2,121.9416
Q,JP,R,628,2025-Q3,122.9615
Q,FR,N,628,2007-Q1,98.221
Q,FR,N,628,2007-Q2,99.9248
Q,FR,N,628,2007-Q3,102.23
Q,FR,N,628,2007-Q4,102.8314
Q,FR,N,628,2008-Q1,102.23
Q,FR,N,628,2008-Q2,102.6309
Q,FR,N,628,2008-Q3,102.8314
Q,FR,N,628,2008-Q4,99.4237
Q,FR,N,628,2009-Q1,95.7154
Q,FR,N,628,2009-Q2,94.4124
Q,FR,N,628,2009-Q3,95.9158
Q,FR,N,628,2009-Q4,96.2165
Q,FR,N,628,2010-Q1,96.9181
Q,FR,N,628,2010-Q2,98.8224
Q,FR,N,628,2010-Q3,101.5284
Q,FR,N,628,2010-Q4,102.7311
Q,FR,N,628,2011-Q1,103.3325
Q,FR,N,628,2011-Q2,105.337
Q,FR,N,628,2011-Q3,107.542
Q,FR,N,628,2011-Q4,106.5397
Q,FR,N,628,2012-Q1,105.1366
Q,FR,N,628,2012-Q2,105.1366
Q,FR,N,628,2012-Q3,105.8381
Q,FR,N,628,2012-Q4,104.3348
Q,FR,N,628,2013-Q1,103.0318
Q,FR,N,628,2013-Q2,102.9316
Q,FR,N,628,2013-Q3,103.8336
Q,FR,N,628,2013-Q4,102.7311
Q,FR,N,628,2014-Q1,101.5284
Q,FR,N,628,2014-Q2,101.7289
Q,FR,N,628,2014-Q3,102.5307
Q,FR,N,628,2014-Q4,100.5262
Q,FR,N,628,2015-Q1,99.6242
Q,FR,N,628,2015-Q2,99.7244
Q,FR,N,628,2015-Q3,101.1275
Q,FR,N,628,2015-Q4,100.426
Q,FR,N,628,2016-Q1,99.9248
Q,FR,N,628,2016-Q2,100.426
Q,FR,N,628,2016-Q3,102.6309
Q,FR,N,628,2016-Q4,102.0296
Q,FR,N,628,2017-Q1,102.7311
Q,FR,N,628,2017-Q2,103.7334
Q,FR,N,628,2017-Q3,105.9384
Q,FR,N,628,2017-Q4,105.4372
Q,FR,N,628,2018-Q1,105.7379
Q,FR,N,628,2018-Q2,106.6399
Q,FR,N,628,2018-Q3,108.8449
Q,FR,N,628,2018-Q4,108.8449
Q,FR,N,628,2019-Q1,108.8449
Q,FR,N,628,2019-Q2,110.0476
Q,FR,N,628,2019-Q3,112.5532
Q,FR,N,628,2019-Q4,112.9541
Q,FR,N,628,2020-Q1,114.1569
Q,FR,N,628,2020-Q2,115.7605
Q,FR,N,628,2020-Q3,118.0656
Q,FR,N,628,2020-Q4,119.569
Q,FR,N,628,2021-Q1,120.4711
Q,FR,N,628,2021-Q2,122.7762
Q,FR,N,628,2021-Q3,126.4846
Q,FR,N,628,2021-Q4,127.7875
Q,FR,N,628,2022-Q1,128.89
Q,FR,N,628,2022-Q2,131.095
Q,FR,N,628,2022-Q3,134.6029
Q,FR,N,628,2022-Q4,133.8011
Q,FR,N,628,2023-Q1,132.5983
Q,FR,N,628,2023-Q2,131.997
Q,FR,N,628,2023-Q3,132.4981
Q,FR,N,628,2023-Q4,128.9902
Q,FR,N,628,2024-Q1,126.2841
Q,FR,N,628,2024-Q2,125.9835
Q,FR,N,628,2024-Q3,127.8877
Q,FR,N,628,2024-Q4,126.5848
Q,FR,N,628,2025-Q1,126.7853
Q,FR,N,628,2025-Q2,126.7853
Q,FR,N,628,2025-Q3,128.7898
Q,CA,R,628,2007-Q1,93.7974
Q,CA,R,628,2007-Q2,96.3848
Q,CA,R,628,2007-Q3,98.4006
Q,CA,R,628,2007-Q4,98.8034
Q,CA,R,628,2008-Q1,99.9692
Q,CA,R,628,2008-Q2,98.6905
Q,CA,R,628,2008-Q3,95.6457
Q,CA,R,628,2008-Q4,93.363
Q,CA,R,628,2009-Q1,90.7235
Q,CA,R,628,2009-Q2,91.9992
Q,CA,R,628,2009-Q3,95.0961
Q,CA,R,628,2009-Q4,97.6484
Q,CA,R,628,2010-Q1,100.2802
Q,CA,R,628,2010-Q2,101.3726
Q,CA,R,628,2010-Q3,99.6789
Q,CA,R,628,2010-Q4,98.6865
Q,CA,R,628,2011-Q1,100.6313
Q,CA,R,628,2011-Q2,102.6013
Q,CA,R,628,2011-Q3,103.7213
Q,CA,R,628,2011-Q4,103.6424
Q,CA,R,628,2012-Q1,105.5008
Q,CA,R,628,2012-Q2,106.8919
Q,CA,R,628,2012-Q3,106.1072
Q,CA,R,628,2012-Q4,104.7355
Q,CA,R,628,2013-Q1,105.4397
Q,CA,R,628,2013-Q2,107.0995
Q,CA,R,628,2013-Q3,107.4101
Q,CA,R,628,2013-Q4,107.9829
Q,CA,R,628,2014-Q1,109.3824
Q,CA,R,628,2014-Q2,110.4865
Q,CA,R,628,2014-Q3,111.0629
Q,CA,R,628,2014-Q4,111.81
Q,CA,R,628,2015-Q1,114.8158
Q,CA,R,628,2015-Q2,117.4707
Q,CA,R,628,2015-Q3,119.1403
Q,CA,R,628,2015-Q4,120.8037
Q,CA,R,628,2016-Q1,126.8529
Q,CA,R,628,2016-Q2,133.3227
Q,CA,R,628,2016-Q3,137.2091
Q,CA,R,628,2016-Q4,138.2242
Q,CA,R,628,2017-Q1,146.4312
Q,CA,R,628,2017-Q2,153.8499
Q,CA,R,628,2017-Q3,155.6749
Q,CA,R,628,2017-Q4,154.7041
Q,CA,R,628,2018-Q1,154.1596
Q,CA,R,628,2018-Q2,154.8668
Q,CA,R,628,2018-Q3,154.4322
Q,CA,R,628,2018-Q4,154.2986
Q,CA,R,628,2019-Q1,152.6025
Q,CA,R,628,2019-Q2,151.9017
Q,CA,R,628,2019-Q3,151.7855
Q,CA,R,628,2019-Q4,153.6127
Q,CA,R,628,2020-Q1,156.2876
Q,CA,R,628,2020-Q2,160.48
Q,CA,R,628,2020-Q3,161.8394
Q,CA,R,628,2020-Q4,165.1592
Q,CA,R,628,2021-Q1,167.5473
Q,CA,R,628,2021-Q2,176.1898
Q,CA,R,628,2021-Q3,177.8587
Q,CA,R,628,2021-Q4,179.6824
Q,CA,R,628,2022-Q1,198.616
Q,CA,R,628,2022-Q2,187.6237
Q,CA,R,628,2022-Q3,169.2118
Q,CA,R,628,2022-Q4,160.5274
Q,CA,R,628,2023-Q1,159.7178
Q,CA,R,628,2023-Q2,165.2448
Q,CA,R,628,2023-Q3,162.6759
Q,CA,R,628,2023-Q4,156.2596
Q,CA,R,628,2024-Q1,156.3841
Q,CA,R,628,2024-Q2,156.3428
Q,CA,R,628,2024-Q3,153.0088
Q,CA,R,628,2024-Q4,150.4749
Q,CA,R,628,2025-Q1,150.6123
Q,CA,R,628,2025-Q2,149.1457
Q,CA,R,628,2025-Q3,145.2473
Q,GB,N,771,2007-Q1,10.582
Q,GB,N,771,2007-Q2,10.7143
Q,GB,N,771,2007-Q3,10.396
Q,GB,N,771,2007-Q4,8.2524
Q,GB,N,771,2008-Q1,3.6683
Q,GB,N,771,2008-Q2,-0.768
Q,GB,N,771,2008-Q3,-7.1749
Q,GB,N,771,2008-Q4,-13.3034
Q,GB,N,771,2009-Q1,-15.3846
Q,GB,N,771,2009-Q2,-13.7771
Q,GB,N,771,2009-Q3,-6.7633
Q,GB,N,771,2009-Q4,1.7241
Q,GB,N,771,2010-Q1,7.6364
Q,GB,N,771,2010-Q2,8.2585
Q,GB,N,771,2010-Q3,5.6995
Q,GB,N,771,2010-Q4,1.5254
Q,GB,N,771,2011-Q1,-0.6757
Q,GB,N,771,2011-Q2,-1.8242
Q,GB,N,771,2011-Q3,-1.9608
Q,GB,N,771,2011-Q4,-1.3356
Q,GB,N,771,2012-Q1,-0.5102
Q,GB,N,771,2012-Q2,0.6757
Q,GB,N,771,2012-Q3,0.3333
Q,GB,N,771,2012-Q4,1.0152
Q,GB,N,771,2013-Q1,1.3675
Q,GB,N,771,2013-Q2,1.5101
Q,GB,N,771,2013-Q3,2.99
Q,GB,N,771,2013-Q4,4.3551
Q,GB,N,771,2014-Q1,6.5767
Q,GB,N,771,2014-Q2,8.0992
Q,GB,N,771,2014-Q3,8.871
Q,GB,N,771,2014-Q4,8.5072
Q,GB,N,771,2015-Q1,6.6456
Q,GB,N,771,2015-Q2,5.3517
Q,GB,N,771,2015-Q3,5.3333
Q,GB,N,771,2015-Q4,6.5089
Q,GB,N,771,2016-Q1,8.0119
Q,GB,N,771,2016-Q2,7.9826
Q,GB,N,771,2016-Q3,6.7511
Q,GB,N,771,2016-Q4,5.4167
Q,GB,N,771,2017-Q1,4.3956
Q,GB,N,771,2017-Q2,4.4355
Q,GB,N,771,2017-Q3,4.7431
Q,GB,N,771,2017-Q4,4.6113
Q,GB,N,771,2018-Q1,4.3421
Q,GB,N,771,2018-Q2,3.2175
Q,GB,N,771,2018-Q3,2.7673
Q,GB,N,771,2018-Q4,2.3929
Q,GB,N,771,2019-Q1,1.3871
Q,GB,N,771,2019-Q2,0.9975
Q,GB,N,771,2019-Q3,0.7344
Q,GB,N,771,2019-Q4,0.861
Q,GB,N,771,2020-Q1,1.7413
Q,GB,N,771,2020-Q2,1.2346
Q,GB,N,771,2020-Q3,2.5516
Q,GB,N,771,2020-Q4,5.8537
Q,GB,N,771,2021-Q1,7.7017
Q,GB,N,771,2021-Q2,9.3902
Q,GB,N,771,2021-Q3,8.2938
Q,GB,N,771,2021-Q4,7.2581
Q,GB,N,771,2022-Q1,8.1725
Q,GB,N,771,2022-Q2,8.9186
Q,GB,N,771,2022-Q3,10.9409
Q,GB,N,771,2022-Q4,9.0226
Q,GB,N,771,2023-Q1,3.9874
Q,GB,N,771,2023-Q2,0.9212
Q,GB,N,771,2023-Q3,-1.0848
Q,GB,N,771,2023-Q4,-2.4631
Q,GB,N,771,2024-Q1,-1.3118
Q,GB,N,771,2024-Q2,0.4057
Q,GB,N,771,2024-Q3,0.8973
Q,GB,N,771,2024-Q4,2.4242
Q,GB,N,771,2025-Q1,4.2945
Q,GB,N,771,2025-Q2,2.5253
Q,GB,N,771,2025-Q3,2.5692
Q,JP,R,771,2007-Q1,-1.439
Q,JP,R,771,2007-Q2,-1.0737
Q,JP,R,771,2007-Q3,-0.5955
Q,JP,R,771,2007-Q4,-1.2183
Q,JP,R,771,2008-Q1,-1.7034
Q,JP,R,771,2008-Q2,-2.5403
Q,JP,R,771,2008-Q3,-3.8342
Q,JP,R,771,2008-Q4,-3.5525
Q,JP,R,771,2009-Q1,-4.1
Q,JP,R,771,2009-Q2,-4.1392
Q,JP,R,771,2009-Q3,-0.7691
Q,JP,R,771,2009-Q4,-0.8349
Q,JP,R,771,2010-Q1,1.2843
Q,JP,R,771,2010-Q2,2.9391
Q,JP,R,771,2010-Q3,2.2794
Q,JP,R,771,2010-Q4,2.2885
Q,JP,R,771,2011-Q1,1.3704
Q,JP,R,771,2011-Q2,0.5886
Q,JP,R,771,2011-Q3,0.0913
Q,JP,R,771,2011-Q4,-0.6832
Q,JP,R,771,2012-Q1,-0.8128
Q,JP,R,771,2012-Q2,-1.2742
Q,JP,R,771,2012-Q3,-1.0398
Q,JP,R,771,2012-Q4,-0.1901
Q,JP,R,771,2013-Q1,0.2027
Q,JP,R,771,2013-Q2,2.0063
Q,JP,R,771,2013-Q3,1.5902
Q,JP,R,771,2013-Q4,1.3655
Q,JP,R,771,2014-Q1,1.537
Q,JP,R,771,2014-Q2,-1.9974
Q,JP,R,771,2014-Q3,-2.2079
Q,JP,R,771,2014-Q4,-1.9411
Q,JP,R,771,2015-Q1,0.0696
Q,JP,R,771,2015-Q2,1.9249
Q,JP,R,771,2015-Q3,2.7517
Q,JP,R,771,2015-Q4,1.7154
Q,JP,R,771,2016-Q1,1.5849
Q,JP,R,771,2016-Q2,3.3474
Q,JP,R,771,2016-Q3,2.2521
Q,JP,R,771,2016-Q4,2.2158
Q,JP,R,771,2017-Q1,3.5533
Q,JP,R,771,2017-Q2,1.597
Q,JP,R,771,2017-Q3,1.8258
Q,JP,R,771,2017-Q4,1.2281
Q,JP,R,771,2018-Q1,0.24
Q,JP,R,771,2018-Q2,1.2259
Q,JP,R,771,2018-Q3,0.662
Q,JP,R,771,2018-Q4,1.625
Q,JP,R,771,2019-Q1,2.0026
Q,JP,R,771,2019-Q2,1.1865
Q,JP,R,771,2019-Q3,0.9113
Q,JP,R,771,2019-Q4,0.4545
Q,JP,R,771,2020-Q1,-1.0956
Q,JP,R,771,2020-Q2,-0.833
Q,JP,R,771,2020-Q3,-0.1508
Q,JP,R,771,2020-Q4,2.5223
Q,JP,R,771,2021-Q1,3.8961
Q,JP,R,771,2021-Q2,6.2476
Q,JP,R,771,2021-Q3,8.3252
Q,JP,R,771,2021-Q4,6.2902
Q,JP,R,771,2022-Q1,8.1216
Q,JP,R,771,2022-Q2,6.6587
Q,JP,R,771,2022-Q3,4.8469
Q,JP,R,771,2022-Q4,3.5329
Q,JP,R,771,2023-Q1,1.0671
Q,JP,R,771,2023-Q2,-0.1293
Q,JP,R,771,2023-Q3,-0.975
Q,JP,R,771,2023-Q4,-0.8633
Q,JP,R,771,2024-Q1,-0.0346
Q,JP,R,771,2024-Q2,0.0417
Q,JP,R,771,2024-Q3,0.4514
Q,JP,R,771,2024-Q4,-0.1393
Q,JP,R,771,2025-Q1,0.8836
Q,JP,R,771,2025-Q2,0.2537
Q,JP,R,771,2025-Q3,1.2457
Q,CN,N,628,2007-Q1,82.1375
Q,CN,N,628,2007-Q2,84.218
Q,CN,N,628,2007-Q3,86.498
Q,CN,N,628,2007-Q4,89.1486
Q,CN,N,628,2008-Q1,89.8611
Q,CN,N,628,2008-Q2,90.8301
Q,CN,N,628,2008-Q3,91.2576
Q,CN,N,628,2008-Q4,90.7446
Q,CN,N,628,2009-Q1,89.6901
Q,CN,N,628,2009-Q2,90.4026
Q,CN,N,628,2009-Q3,92.3406
Q,CN,N,628,2009-Q4,94.7631
Q,CN,N,628,2010-Q1,97.7556
Q,CN,N,628,2010-Q2,100.0071
Q,CN,N,628,2010-Q3,100.3776
Q,CN,N,628,2010-Q4,101.8596
Q,CN,N,628,2011-Q1,103.5126
Q,CN,N,628,2011-Q2,104.2822
Q,CN,N,628,2011-Q3,104.4817
Q,CN,N,628,2011-Q4,104.1967
Q,CN,N,628,2012-Q1,103.6551
Q,CN,N,628,2012-Q2,103.1136
Q,CN,N,628,2012-Q3,103.2561
Q,CN,N,628,2012-Q4,103.6551
Q,CN,N,628,2013-Q1,105.5932
Q,CN,N,628,2013-Q2,108.5572
Q,CN,N,628,2013-Q3,111.0082
Q,CN,N,628,2013-Q4,113.0602
Q,CN,N,628,2014-Q1,114.2857
Q,CN,N,628,2014-Q2,114.3427
Q,CN,N,628,2014-Q3,111.7207
Q,CN,N,628,2014-Q4,109.1557
Q,CN,N,628,2015-Q1,107.8162
Q,CN,N,628,2015-Q2,107.5882
Q,CN,N,628,2015-Q3,108.2437
Q,CN,N,628,2015-Q4,108.8422
Q,CN,N,628,2016-Q1,111.5332
Q,CN,N,628,2016-Q2,113.8325
Q,CN,N,628,2016-Q3,116.4238
Q,CN,N,628,2016-Q4,119.1975
Q,CN,N,628,2017-Q1,120.6209
Q,CN,N,628,2017-Q2,122.9931
Q,CN,N,628,2017-Q3,124.38
Q,CN,N,628,2017-Q4,125.1464
Q,CN,N,628,2018-Q1,125.8764
Q,CN,N,628,2018-Q2,127.7012
Q,CN,N,628,2018-Q3,131.5698
Q,CN,N,628,2018-Q4,134.1611
Q,CN,N,628,2019-Q1,135.4384
Q,CN,N,628,2019-Q2,137.1538
Q,CN,N,628,2019-Q3,138.5041
Q,CN,N,628,2019-Q4,139.2341
Q,CN,N,628,2020-Q1,139.4895
Q,CN,N,628,2020-Q2,140.256
Q,CN,N,628,2020-Q3,141.5698
Q,CN,N,628,2020-Q4,142.4458
Q,CN,N,628,2021-Q1,143.7231
Q,CN,N,628,2021-Q2,145.402
Q,CN,N,628,2021-Q3,145.9129
Q,CN,N,628,2021-Q4,144.745
Q,CN,N,628,2022-Q1,143.5042
Q,CN,N,628,2022-Q2,142.2268
Q,CN,N,628,2022-Q3,141.1319
Q,CN,N,628,2022-Q4,139.3801
Q,CN,N,628,2023-Q1,138.6866
Q,CN,N,628,2023-Q2,138.4311
Q,CN,N,628,2023-Q3,136.6428
Q,CN,N,628,2023-Q4,134.1976
Q,CN,N,628,2024-Q1,131.5333
Q,CN,N,628,2024-Q2,128.2121
Q,CN,N,628,2024-Q3,124.9274
Q,CN,N,628,2024-Q4,122.7012
Q,CN,N,628,2025-Q1,121.6428
Q,CN,N,628,2025-Q2,120.0004
Q,CN,N,628,2025-Q3,118.0296
Q,AU,N,628,2007-Q1,77.9284
Q,AU,N,628,2007-Q2,81.4134
Q,AU,N,628,2007-Q3,84.3175
Q,AU,N,628,2007-Q4,87.5121
Q,AU,N,628,2008-Q1,87.8993
Q,AU,N,628,2008-Q2,87.1249
Q,AU,N,628,2008-Q3,85.1888
Q,AU,N,628,2008-Q4,84.0271
Q,AU,N,628,2009-Q1,83.8335
Q,AU,N,628,2009-Q2,87.3185
Q,AU,N,628,2009-Q3,90.9971
Q,AU,N,628,2009-Q4,96.031
Q,AU,N,628,2010-Q1,99.0319
Q,AU,N,628,2010-Q2,100.9681
Q,AU,N,628,2010-Q3,99.7096
Q,AU,N,628,2010-Q4,100.2904
Q,AU,N,628,2011-Q1,99.4192
Q,AU,N,628,2011-Q2,98.7415
Q,AU,N,628,2011-Q3,96.999
Q,AU,N,628,2011-Q4,96.2246
Q,AU,N,628,2012-Q1,96.8054
Q,AU,N,628,2012-Q2,97.1926
Q,AU,N,628,2012-Q3,96.999
Q,AU,N,628,2012-Q4,99.1288
Q,AU,N,628,2013-Q1,99.8064
Q,AU,N,628,2013-Q2,102.3233
Q,AU,N,628,2013-Q3,104.8403
Q,AU,N,628,2013-Q4,109.0029
Q,AU,N,628,2014-Q1,110.5518
Q,AU,N,628,2014-Q2,112.6815
Q,AU,N,628,2014-Q3,114.0368
Q,AU,N,628,2014-Q4,116.3601
Q,AU,N,628,2015-Q1,118.1994
Q,AU,N,628,2015-Q2,123.7173
Q,AU,N,628,2015-Q3,126.2343
Q,AU,N,628,2015-Q4,126.4279
Q,AU,N,628,2016-Q1,126.2343
Q,AU,N,628,2016-Q2,128.7512
Q,AU,N,628,2016-Q3,130.6873
Q,AU,N,628,2016-Q4,136.1084
Q,AU,N,628,2017-Q1,139.1094
Q,AU,N,628,2017-Q2,141.8199
Q,AU,N,628,2017-Q3,141.5295
Q,AU,N,628,2017-Q4,142.8848
Q,AU,N,628,2018-Q1,141.9167
Q,AU,N,628,2018-Q2,140.9487
Q,AU,N,628,2018-Q3,138.819
Q,AU,N,628,2018-Q4,135.5276
Q,AU,N,628,2019-Q1,131.4618
Q,AU,N,628,2019-Q2,130.4937
Q,AU,N,628,2019-Q3,133.6883
Q,AU,N,628,2019-Q4,138.9158
Q,AU,N,628,2020-Q1,141.1423
Q,AU,N,628,2020-Q2,138.6254
Q,AU,N,628,2020-Q3,139.6902
Q,AU,N,628,2020-Q4,143.9497
Q,AU,N,628,2021-Q1,151.6941
Q,AU,N,628,2021-Q2,161.8587
Q,AU,N,628,2021-Q3,169.9903
Q,AU,N,628,2021-Q4,178.0252
Q,AU,N,628,2022-Q1,182.9175
Q,AU,N,628,2022-Q2,183.4788
Q,AU,N,628,2022-Q3,177.1329
Q,AU,N,628,2022-Q4,172.5522
Q,AU,N,628,2023-Q1,171.7021
Q,AU,N,628,2023-Q2,176.5027
Q,AU,N,628,2023-Q3,181.3528
Q,AU,N,628,2023-Q4,185.0522
Q,AU,N,628,2024-Q1,188.104
Q,AU,N,628,2024-Q2,192.1255
Q,AU,N,628,2024-Q3,194.8374
Q,AU,N,628,2024-Q4,195.7362
Q,AU,N,628,2025-Q1,196.4905
Q,AU,N,628,2025-Q2,199.8636
Q,AU,N,628,2025-Q3,204.1595
Q,FR,N,771,2007-Q1,7.9295
Q,FR,N,771,2007-Q2,6.5171
Q,FR,N,771,2007-Q3,5.6995
Q,FR,N,771,2007-Q4,5.4471
Q,FR,N,771,2008-Q1,4.0816
Q,FR,N,771,2008-Q2,2.7081
Q,FR,N,771,2008-Q3,0.5882
Q,FR,N,771,2008-Q4,-3.3138
Q,FR,N,771,2009-Q1,-6.3725
Q,FR,N,771,2009-Q2,-8.0078
Q,FR,N,771,2009-Q3,-6.7251
Q,FR,N,771,2009-Q4,-3.2258
Q,FR,N,771,2010-Q1,1.2565
Q,FR,N,771,2010-Q2,4.6709
Q,FR,N,771,2010-Q3,5.8516
Q,FR,N,771,2010-Q4,6.7708
Q,FR,N,771,2011-Q1,6.6184
Q,FR,N,771,2011-Q2,6.5923
Q,FR,N,771,2011-Q3,5.923
Q,FR,N,771,2011-Q4,3.7073
Q,FR,N,771,2012-Q1,1.7459
Q,FR,N,771,2012-Q2,-0.1903
Q,FR,N,771,2012-Q3,-1.5843
Q,FR,N,771,2012-Q4,-2.0696
Q,FR,N,771,2013-Q1,-2.0019
Q,FR,N,771,2013-Q2,-2.0972
Q,FR,N,771,2013-Q3,-1.8939
Q,FR,N,771,2013-Q4,-1.537
Q,FR,N,771,2014-Q1,-1.4591
Q,FR,N,771,2014-Q2,-1.1685
Q,FR,N,771,2014-Q3,-1.2548
Q,FR,N,771,2014-Q4,-2.1463
Q,FR,N,771,2015-Q1,-1.8756
Q,FR,N,771,2015-Q2,-1.9704
Q,FR,N,771,2015-Q3,-1.3685
Q,FR,N,771,2015-Q4,-0.0997
Q,FR,N,771,2016-Q1,0.3018
Q,FR,N,771,2016-Q2,0.7035
Q,FR,N,771,2016-Q3,1.4866
Q,FR,N,771,2016-Q4,1.5968
Q,FR,N,771,2017-Q1,2.8084
Q,FR,N,771,2017-Q2,3.2934
Q,FR,N,771,2017-Q3,3.2227
Q,FR,N,771,2017-Q4,3.3399
Q,FR,N,771,2018-Q1,2.9268
Q,FR,N,771,2018-Q2,2.8019
Q,FR,N,771,2018-Q3,2.7436
Q,FR,N,771,2018-Q4,3.2319
Q,FR,N,771,2019-Q1,2.9384
Q,FR,N,771,2019-Q2,3.1955
Q,FR,N,771,2019-Q3,3.407
Q,FR,N,771,2019-Q4,3.7753
Q,FR,N,771,2020-Q1,4.8803
Q,FR,N,771,2020-Q2,5.1913
Q,FR,N,771,2020-Q3,4.8976
Q,FR,N,771,2020-Q4,5.8563
Q,FR,N,771,2021-Q1,5.5312
Q,FR,N,771,2021-Q2,6.0606
Q,FR,N,771,2021-Q3,7.1307
Q,FR,N,771,2021-Q4,6.8734
Q,FR,N,771,2022-Q1,6.9884
Q,FR,N,771,2022-Q2,6.7755
Q,FR,N,771,2022-Q3,6.4184
Q,FR,N,771,2022-Q4,4.7059
Q,FR,N,771,2023-Q1,2.8771
Q,FR,N,771,2023-Q2,0.6881
Q,FR,N,771,2023-Q3,-1.5637
Q,FR,N,771,2023-Q4,-3.5955
Q,FR,N,771,2024-Q1,-4.7619
Q,FR,N,771,2024-Q2,-4.5558
Q,FR,N,771,2024-Q3,-3.4796
Q,FR,N,771,2024-Q4,-1.8648
Q,FR,N,771,2025-Q1,0.3968
Q,FR,N,771,2025-Q2,0.6364
Q,FR,N,771,2025-Q3,0.7053
Q,CA,R,771,2007-Q1,9.4431
Q,CA,R,771,2007-Q2,8.6245
Q,CA,R,771,2007-Q3,8.1734
Q,CA,R,771,2007-Q4,7.6539
Q,CA,R,771,2008-Q1,6.5799
Q,CA,R,771,2008-Q2,2.3922
Q,CA,R,771,2008-Q3,-2.7997
Q,CA,R,771,2008-Q4,-5.5063
Q,CA,R,771,2009-Q1,-9.2485
Q,CA,R,771,2009-Q2,-6.7801
Q,CA,R,771,2009-Q3,-0.5746
Q,CA,R,771,2009-Q4,4.5901
Q,CA,R,771,2010-Q1,10.5338
Q,CA,R,771,2010-Q2,10.1886
Q,CA,R,771,2010-Q3,4.819
Q,CA,R,771,2010-Q4,1.0631
Q,CA,R,771,2011-Q1,0.3502
Q,CA,R,771,2011-Q2,1.212
Q,CA,R,771,2011-Q3,4.0555
Q,CA,R,771,2011-Q4,5.0218
Q,CA,R,771,2012-Q1,4.8389
Q,CA,R,771,2012-Q2,4.1819
Q,CA,R,771,2012-Q3,2.3003
Q,CA,R,771,2012-Q4,1.0546
Q,CA,R,771,2013-Q1,-0.0579
Q,CA,R,771,2013-Q2,0.1942
Q,CA,R,771,2013-Q3,1.2279
Q,CA,R,771,2013-Q4,3.1006
Q,CA,R,771,2014-Q1,3.7393
Q,CA,R,771,2014-Q2,3.1625
Q,CA,R,771,2014-Q3,3.4008
Q,CA,R,771,2014-Q4,3.5441
Q,CA,R,771,2015-Q1,4.9674
Q,CA,R,771,2015-Q2,6.3213
Q,CA,R,771,2015-Q3,7.2729
Q,CA,R,771,2015-Q4,8.0437
Q,CA,R,771,2016-Q1,10.4838
Q,CA,R,771,2016-Q2,13.4944
Q,CA,R,771,2016-Q3,15.1659
Q,CA,R,771,2016-Q4,14.4206
Q,CA,R,771,2017-Q1,15.4339
Q,CA,R,771,2017-Q2,15.3967
Q,CA,R,771,2017-Q3,13.4582
Q,CA,R,771,2017-Q4,11.9225
Q,CA,R,771,2018-Q1,5.2778
Q,CA,R,771,2018-Q2,0.661
Q,CA,R,771,2018-Q3,-0.7983
Q,CA,R,771,2018-Q4,-0.2621
Q,CA,R,771,2019-Q1,-1.01
Q,CA,R,771,2019-Q2,-1.9146
Q,CA,R,771,2019-Q3,-1.7138
Q,CA,R,771,2019-Q4,-0.4445
Q,CA,R,771,2020-Q1,2.4148
Q,CA,R,771,2020-Q2,5.6472
Q,CA,R,771,2020-Q3,6.6237
Q,CA,R,771,2020-Q4,7.5167
Q,CA,R,771,2021-Q1,7.2045
Q,CA,R,771,2021-Q2,9.7893
Q,CA,R,771,2021-Q3,9.8983
Q,CA,R,771,2021-Q4,8.7934
Q,CA,R,771,2022-Q1,18.5432
Q,CA,R,771,2022-Q2,6.4896
Q,CA,R,771,2022-Q3,-4.8616
Q,CA,R,771,2022-Q4,-10.6605
Q,CA,R,771,2023-Q1,-19.5846
Q,CA,R,771,2023-Q2,-11.9276
Q,CA,R,771,2023-Q3,-3.8626
Q,CA,R,771,2023-Q4,-2.6586
Q,CA,R,771,2024-Q1,-2.0873
Q,CA,R,771,2024-Q2,-5.3872
Q,CA,R,771,2024-Q3,-5.9425
Q,CA,R,771,2024-Q4,-3.702
Q,CA,R,771,2025-Q1,-3.6908
Q,CA,R,771,2025-Q2,-4.6034
Q,CA,R,771,2025-Q3,-5.0726
Q,DE,R,628,2007-Q1,101.6453
Q,DE,R,628,2007-Q2,100.7383
Q,DE,R,628,2007-Q3,100.8471
Q,DE,R,628,2007-Q4,100.1891
Q,DE,R,628,2008-Q1,101.639
Q,DE,R,628,2008-Q2,101.8112
Q,DE,R,628,2008-Q3,100.6326
Q,DE,R,628,2008-Q4,101.9201
Q,DE,R,628,2009-Q1,101.7331
Q,DE,R,628,2009-Q2,100.184
Q,DE,R,628,2009-Q3,99.9545
Q,DE,R,628,2009-Q4,100.2817
Q,DE,R,628,2010-Q1,99.1342
Q,DE,R,628,2010-Q2,99.8472
Q,DE,R,628,2010-Q3,100.4955
Q,DE,R,628,2010-Q4,100.5153
Q,DE,R,628,2011-Q1,100.2208
Q,DE,R,628,2011-Q2,99.9811
Q,DE,R,628,2011-Q3,100.7473
Q,DE,R,628,2011-Q4,100.4737
Q,DE,R,628,2012-Q1,100.6459
Q,DE,R,628,2012-Q2,101.5315
Q,DE,R,628,2012-Q3,101.3629
Q,DE,R,628,2012-Q4,101.7974
Q,DE,R,628,2013-Q1,102.2659
Q,DE,R,628,2013-Q2,103.0375
Q,DE,R,628,2013-Q3,103.319
Q,DE,R,628,2013-Q4,102.7744
Q,DE,R,628,2014-Q1,103.3807
Q,DE,R,628,2014-Q2,105.2256
Q,DE,R,628,2014-Q3,105.34
Q,DE,R,628,2014-Q4,105.6013
Q,DE,R,628,2015-Q1,107.7635
Q,DE,R,628,2015-Q2,108.7442
Q,DE,R,628,2015-Q3,109.1101
Q,DE,R,628,2015-Q4,111.273
Q,DE,R,628,2016-Q1,114.1153
Q,DE,R,628,2016-Q2,116.2022
Q,DE,R,628,2016-Q3,117.7171
Q,DE,R,628,2016-Q4,119.4624
Q,DE,R,628,2017-Q1,119.8911
Q,DE,R,628,2017-Q2,121.2749
Q,DE,R,628,2017-Q3,122.4409
Q,DE,R,628,2017-Q4,125.1533
Q,DE,R,628,2018-Q1,126.2463
Q,DE,R,628,2018-Q2,127.0859
Q,DE,R,628,2018-Q3,128.6006
Q,DE,R,628,2018-Q4,130.3818
Q,DE,R,628,2019-Q1,131.1792
Q,DE,R,628,2019-Q2,132.4337
Q,DE,R,628,2019-Q3,133.4876
Q,DE,R,628,2019-Q4,137.1975
Q,DE,R,628,2020-Q1,138.1141
Q,DE,R,628,2020-Q2,140.0671
Q,DE,R,628,2020-Q3,145.3409
Q,DE,R,628,2020-Q4,149.3463
Q,DE,R,628,2021-Q1,148.7445
Q,DE,R,628,2021-Q2,152.7808
Q,DE,R,628,2021-Q3,157.7869
Q,DE,R,628,2021-Q4,160.595
Q,DE,R,628,2022-Q1,159.2513
Q,DE,R,628,2022-Q2,157.8981
Q,DE,R,628,2022-Q3,154.3602
Q,DE,R,628,2022-Q4,144.253
Q,DE,R,628,2023-Q1,137.7979
Q,DE,R,628,2023-Q2,134.2151
Q,DE,R,628,2023-Q3,131.237
Q,DE,R,628,2023-Q4,128.6493
Q,DE,R,628,2024-Q1,127.4733
Q,DE,R,628,2024-Q2,127.9643
Q,DE,R,628,2024-Q3,128.5318
Q,DE,R,628,2024-Q4,128.1794
Q,DE,R,628,2025-Q1,129.0376
Q,DE,R,628,2025-Q2,129.2809
Q,DE,R,628,2025-Q3,129.8715
Q,US,N,628,2007-Q1,137.053
Q,US,N,628,2007-Q2,132.9842
Q,US,N,628,2007-Q3,129.3151
Q,US,N,628,2007-Q4,125.1882
Q,US,N,628,2008-Q1,120.3091
Q,US,N,628,2008-Q2,114.8649
Q,US,N,628,2008-Q3,109.7682
Q,US,N,628,2008-Q4,104.1281
Q,US,N,628,2009-Q1,101.101
Q,US,N,628,2009-Q2,101.1017
Q,US,N,628,2009-Q3,101.3861
Q,US,N,628,2009-Q4,101.9831
Q,US,N,628,2010-Q1,101.0509
Q,US,N,628,2010-Q2,101.3708
Q,US,N,628,2010-Q3,99.2127
Q,US,N,628,2010-Q4,98.3655
Q,US,N,628,2011-Q1,96.6803
Q,US,N,628,2011-Q2,97.2077
Q,US,N,628,2011-Q3,97.5813
Q,US,N,628,2011-Q4,97.4747
Q,US,N,628,2012-Q1,98.356
Q,US,N,628,2012-Q2,100.8689
Q,US,N,628,2012-Q3,102.8877
Q,US,N,628,2012-Q4,105.1539
Q,US,N,628,2013-Q1,107.8088
Q,US,N,628,2013-Q2,110.6038
Q,US,N,628,2013-Q3,113.3735
Q,US,N,628,2013-Q4,115.5642
Q,US,N,628,2014-Q1,117.0839
Q,US,N,628,2014-Q2,117.8369
Q,US,N,628,2014-Q3,119.382
Q,US,N,628,2014-Q4,121.2115
Q,US,N,628,2015-Q1,122.753
Q,US,N,628,2015-Q2,124.1813
Q,US,N,628,2015-Q3,125.9477
Q,US,N,628,2015-Q4,127.812
Q,US,N,628,2016-Q1,129.3666
Q,US,N,628,2016-Q2,130.8152
Q,US,N,628,2016-Q3,132.6294
Q,US,N,628,2016-Q4,134.6998
Q,US,N,628,2017-Q1,136.5126
Q,US,N,628,2017-Q2,138.4603
Q,US,N,628,2017-Q3,140.5756
Q,US,N,628,2017-Q4,142.828
Q,US,N,628,2018-Q1,145.0289
Q,US,N,628,2018-Q2,146.7118
Q,US,N,628,2018-Q3,148.1764
Q,US,N,628,2018-Q4,149.4248
Q,US,N,628,2019-Q1,150.5594
Q,US,N,628,2019-Q2,152.061
Q,US,N,628,2019-Q3,153.8462
Q,US,N,628,2019-Q4,156.1131
Q,US,N,628,2020-Q1,158.4351
Q,US,N,628,2020-Q2,159.7626
Q,US,N,628,2020-Q3,164.8848
Q,US,N,628,2020-Q4,171.0268
Q,US,N,628,2021-Q1,176.4202
Q,US,N,628,2021-Q2,184.7305
Q,US,N,628,2021-Q3,192.5432
Q,US,N,628,2021-Q4,200.0606
Q,US,N,628,2022-Q1,208.5007
Q,US,N,628,2022-Q2,214.3475
Q,US,N,628,2022-Q3,213.1194
Q,US,N,628,2022-Q4,213.9413
Q,US,N,628,2023-Q1,216.2415
Q,US,N,628,2023-Q2,218.9937
Q,US,N,628,2023-Q3,223.1177
Q,US,N,628,2023-Q4,225.7611
Q,US,N,628,2024-Q1,227.9257
Q,US,N,628,2024-Q2,229.4585
Q,US,N,628,2024-Q3,231.4091
Q,US,N,628,2024-Q4,233.5803
Q,US,N,628,2025-Q1,233.8762
Q,US,N,628,2025-Q2,233.5527
Q,US,N,628,2025-Q3,234.2382
Q,AU,N,771,2007-Q1,8.3445
Q,AU,N,771,2007-Q2,9.2208
Q,AU,N,771,2007-Q3,11.0969
Q,AU,N,771,2007-Q4,13.2832
Q,AU,N,771,2008-Q1,12.795
Q,AU,N,771,2008-Q2,7.0155
Q,AU,N,771,2008-Q3,1.0333
Q,AU,N,771,2008-Q4,-3.9823
Q,AU,N,771,2009-Q1,-4.6256
Q,AU,N,771,2009-Q2,0.2222
Q,AU,N,771,2009-Q3,6.8182
Q,AU,N,771,2009-Q4,14.2857
Q,AU,N,771,2010-Q1,18.1293
Q,AU,N,771,2010-Q2,15.6319
Q,AU,N,771,2010-Q3,9.5745
Q,AU,N,771,2010-Q4,4.4355
Q,AU,N,771,2011-Q1,0.391
Q,AU,N,771,2011-Q2,-2.2052
Q,AU,N,771,2011-Q3,-2.7184
Q,AU,N,771,2011-Q4,-4.0541
Q,AU,N,771,2012-Q1,-2.629
Q,AU,N,771,2012-Q2,-1.5686
Q,AU,N,771,2012-Q3,0.0
Q,AU,N,771,2012-Q4,3.0181
Q,AU,N,771,2013-Q1,3.1
Q,AU,N,771,2013-Q2,5.2789
Q,AU,N,771,2013-Q3,8.0838
Q,AU,N,771,2013-Q4,9.9609
Q,AU,N,771,2014-Q1,10.7662
Q,AU,N,771,2014-Q2,10.123
Q,AU,N,771,2014-Q3,8.7719
Q,AU,N,771,2014-Q4,6.7496
Q,AU,N,771,2015-Q1,6.9177
Q,AU,N,771,2015-Q2,9.7938
Q,AU,N,771,2015-Q3,10.6961
Q,AU,N,771,2015-Q4,8.6522
Q,AU,N,771,2016-Q1,6.7977
Q,AU,N,771,2016-Q2,4.0689
Q,AU,N,771,2016-Q3,3.5276
Q,AU,N,771,2016-Q4,7.657
Q,AU,N,771,2017-Q1,10.1994
Q,AU,N,771,2017-Q2,10.1504
Q,AU,N,771,2017-Q3,8.2963
Q,AU,N,771,2017-Q4,4.9787
Q,AU,N,771,2018-Q1,2.0181
Q,AU,N,771,2018-Q2,-0.6143
Q,AU,N,771,2018-Q3,-1.9152
Q,AU,N,771,2018-Q4,-5.1491
Q,AU,N,771,2019-Q1,-7.367
Q,AU,N,771,2019-Q2,-7.4176
Q,AU,N,771,2019-Q3,-3.696
Q,AU,N,771,2019-Q4,2.5
Q,AU,N,771,2020-Q1,7.3638
Q,AU,N,771,2020-Q2,6.2315
Q,AU,N,771,2020-Q3,4.4895
Q,AU,N,771,2020-Q4,3.6237
Q,AU,N,771,2021-Q1,7.476
Q,AU,N,771,2021-Q2,16.7598
Q,AU,N,771,2021-Q3,21.6909
Q,AU,N,771,2021-Q4,23.6718
Q,AU,N,771,2022-Q1,20.5831
Q,AU,N,771,2022-Q2,13.3574
Q,AU,N,771,2022-Q3,4.2018
Q,AU,N,771,2022-Q4,-3.0743
Q,AU,N,771,2023-Q1,-6.1314
Q,AU,N,771,2023-Q2,-3.8022
Q,AU,N,771,2023-Q3,2.3823
Q,AU,N,771,2023-Q4,7.2442
Q,AU,N,771,2024-Q1,9.5525
Q,AU,N,771,2024-Q2,8.8514
Q,AU,N,771,2024-Q3,7.4356
Q,AU,N,771,2024-Q4,5.7735
Q,AU,N,771,2025-Q1,4.4584
Q,AU,N,771,2025-Q2,4.0276
Q,AU,N,771,2025-Q3,4.7846
Q,KR,N,628,2007-Q1,92.9236
Q,KR,N,628,2007-Q2,93.3826
Q,KR,N,628,2007-Q3,93.8416
Q,KR,N,628,2007-Q4,94.5557
Q,KR,N,628,2008-Q1,95.4227
Q,KR,N,628,2008-Q2,97.4627
Q,KR,N,628,2008-Q3,98.5847
Q,KR,N,628,2008-Q4,98.2787
Q,KR,N,628,2009-Q1,96.9017
Q,KR,N,628,2009-Q2,96.8507
Q,KR,N,628,2009-Q3,97.7687
Q,KR,N,628,2009-Q4,98.9417
Q,KR,N,628,2010-Q1,99.5027
Q,KR,N,628,2010-Q2,100.0128
Q,KR,N,628,2010-Q3,99.9107
Q,KR,N,628,2010-Q4,100.5738
Q,KR,N,628,2011-Q1,102.3078
Q,KR,N,628,2011-Q2,104.7048
Q,KR,N,628,2011-Q3,106.2859
Q,KR,N,628,2011-Q4,107.6119
Q,KR,N,628,2012-Q1,108.2239
Q,KR,N,628,2012-Q2,108.5299
Q,KR,N,628,2012-Q3,108.3259
Q,KR,N,628,2012-Q4,107.9179
Q,KR,N,628,2013-Q1,107.7649
Q,KR,N,628,2013-Q2,107.7139
Q,KR,N,628,2013-Q3,107.6629
Q,KR,N,628,2013-Q4,108.0709
Q,KR,N,628,2014-Q1,108.6319
Q,KR,N,628,2014-Q2,109.1929
Q,KR,N,628,2014-Q3,109.6009
Q,KR,N,628,2014-Q4,110.3149
Q,KR,N,628,2015-Q1,110.9779
Q,KR,N,628,2015-Q2,112.406
Q,KR,N,628,2015-Q3,113.834
Q,KR,N,628,2015-Q4,115.109
Q,KR,N,628,2016-Q1,115.619
Q,KR,N,628,2016-Q2,115.772
Q,KR,N,628,2016-Q3,116.129
Q,KR,N,628,2016-Q4,116.843
Q,KR,N,628,2017-Q1,117.047
Q,KR,N,628,2017-Q2,117.2001
Q,KR,N,628,2017-Q3,117.8631
Q,KR,N,628,2017-Q4,118.2711
Q,KR,N,628,2018-Q1,118.9341
Q,KR,N,628,2018-Q2,119.4951
Q,KR,N,628,2018-Q3,120.3621
Q,KR,N,628,2018-Q4,122.0961
Q,KR,N,628,2019-Q1,122.0961
Q,KR,N,628,2019-Q2,121.7391
Q,KR,N,628,2019-Q3,121.6881
Q,KR,N,628,2019-Q4,122.1981
Q,KR,N,628,2020-Q1,123.4222
Q,KR,N,628,2020-Q2,124.6972
Q,KR,N,628,2020-Q3,127.1962
Q,KR,N,628,2020-Q4,130.9193
Q,KR,N,628,2021-Q1,136.1214
Q,KR,N,628,2021-Q2,140.9155
Q,KR,N,628,2021-Q3,146.4236
Q,KR,N,628,2021-Q4,151.4727
Q,KR,N,628,2022-Q1,153.2577
Q,KR,N,628,2022-Q2,154.1247
Q,KR,N,628,2022-Q3,154.1247
Q,KR,N,628,2022-Q4,151.3706
Q,KR,N,628,2023-Q1,146.6276
Q,KR,N,628,2023-Q2,143.6185
Q,KR,N,628,2023-Q3,142.8535
Q,KR,N,628,2023-Q4,142.8535
Q,KR,N,628,2024-Q1,142.5475
Q,KR,N,628,2024-Q2,142.2415
Q,KR,N,628,2024-Q3,142.3435
Q,KR,N,628,2024-Q4,142.7005
Q,KR,N,628,2025-Q1,142.3435
Q,KR,N,628,2025-Q2,142.3945
Q,KR,N,628,2025-Q3,142.8535
Q,CN,N,771,2007-Q1,5.2977
Q,CN,N,771,2007-Q2,5.876
Q,CN,N,771,2007-Q3,6.9792
Q,CN,N,771,2007-Q4,8.9517
Q,CN,N,771,2008-Q1,9.4033
Q,CN,N,771,2008-Q2,7.8512
Q,CN,N,771,2008-Q3,5.5026
Q,CN,N,771,2008-Q4,1.7903
Q,CN,N,771,2009-Q1,-0.1903
Q,CN,N,771,2009-Q2,-0.4707
Q,CN,N,771,2009-Q3,1.1868
Q,CN,N,771,2009-Q4,4.4284
Q,CN,N,771,2010-Q1,8.9926
Q,CN,N,771,2010-Q2,10.6241
Q,CN,N,771,2010-Q3,8.7036
Q,CN,N,771,2010-Q4,7.4887
Q,CN,N,771,2011-Q1,5.8892
Q,CN,N,771,2011-Q2,4.2748
Q,CN,N,771,2011-Q3,4.0887
Q,CN,N,771,2011-Q4,2.2944
Q,CN,N,771,2012-Q1,0.1377
Q,CN,N,771,2012-Q2,-1.1206
Q,CN,N,771,2012-Q3,-1.173
Q,CN,N,771,2012-Q4,-0.5198
Q,CN,N,771,2013-Q1,1.8698
Q,CN,N,771,2013-Q2,5.2792
Q,CN,N,771,2013-Q3,7.5076
Q,CN,N,771,2013-Q4,9.0735
Q,CN,N,771,2014-Q1,8.2321
Q,CN,N,771,2014-Q2,5.3294
Q,CN,N,771,2014-Q3,0.6418
Q,CN,N,771,2014-Q4,-3.4535
Q,CN,N,771,2015-Q1,-5.6608
Q,CN,N,771,2015-Q2,-5.9072
Q,CN,N,771,2015-Q3,-3.1122
Q,CN,N,771,2015-Q4,-0.2872
Q,CN,N,771,2016-Q1,3.4475
Q,CN,N,771,2016-Q2,5.8039
Q,CN,N,771,2016-Q3,7.5571
Q,CN,N,771,2016-Q4,9.514
Q,CN,N,771,2017-Q1,8.148
Q,CN,N,771,2017-Q2,8.0474
Q,CN,N,771,2017-Q3,6.8338
Q,CN,N,771,2017-Q4,4.9908
Q,CN,N,771,2018-Q1,4.357
Q,CN,N,771,2018-Q2,3.8279
Q,CN,N,771,2018-Q3,5.7805
Q,CN,N,771,2018-Q4,7.2033
Q,CN,N,771,2019-Q1,7.5963
Q,CN,N,771,2019-Q2,7.4021
Q,CN,N,771,2019-Q3,5.2704
Q,CN,N,771,2019-Q4,3.7813
Q,CN,N,771,2020-Q1,2.9911
Q,CN,N,771,2020-Q2,2.2618
Q,CN,N,771,2020-Q3,2.2134
Q,CN,N,771,2020-Q4,2.3067
Q,CN,N,771,2021-Q1,3.0351
Q,CN,N,771,2021-Q2,3.669
Q,CN,N,771,2021-Q3,3.0678
Q,CN,N,771,2021-Q4,1.6141
Q,CN,N,771,2022-Q1,-0.1523
Q,CN,N,771,2022-Q2,-2.1837
Q,CN,N,771,2022-Q3,-3.2766
Q,CN,N,771,2022-Q4,-3.7064
Q,CN,N,771,2023-Q1,-3.3571
Q,CN,N,771,2023-Q2,-2.6688
Q,CN,N,771,2023-Q3,-3.1808
Q,CN,N,771,2023-Q4,-3.7182
Q,CN,N,771,2024-Q1,-5.1579
Q,CN,N,771,2024-Q2,-7.382
Q,CN,N,771,2024-Q3,-8.5737
Q,CN,N,771,2024-Q4,-8.5668
Q,CN,N,771,2025-Q1,-7.5194
Q,CN,N,771,2025-Q2,-6.4048
Q,CN,N,771,2025-Q3,-5.5214
Q,DE,R,771,2007-Q1,-0.9706
Q,DE,R,771,2007-Q2,-2.7799
Q,DE,R,771,2007-Q3,-3.2354
Q,DE,R,771,2007-Q4,-2.7986
Q,DE,R,771,2008-Q1,-0.0062
Q,DE,R,771,2008-Q2,1.0651
Q,DE,R,771,2008-Q3,-0.2127
Q,DE,R,771,2008-Q4,1.7278
Q,DE,R,771,2009-Q1,0.0926
Q,DE,R,771,2009-Q2,-1.5983
Q,DE,R,771,2009-Q3,-0.6739
Q,DE,R,771,2009-Q4,-1.6075
Q,DE,R,771,2010-Q1,-2.5546
Q,DE,R,771,2010-Q2,-0.3362
Q,DE,R,771,2010-Q3,0.5413
Q,DE,R,771,2010-Q4,0.2329
Q,DE,R,771,2011-Q1,1.0961
Q,DE,R,771,2011-Q2,0.1341
Q,DE,R,771,2011-Q3,0.2506
Q,DE,R,771,2011-Q4,-0.0414
Q,DE,R,771,2012-Q1,0.4241
Q,DE,R,771,2012-Q2,1.5507
Q,DE,R,771,2012-Q3,0.6111
Q,DE,R,771,2012-Q4,1.3175
Q,DE,R,771,2013-Q1,1.6097
Q,DE,R,771,2013-Q2,1.4833
Q,DE,R,771,2013-Q3,1.9298
Q,DE,R,771,2013-Q4,0.9597
Q,DE,R,771,2014-Q1,1.0901
Q,DE,R,771,2014-Q2,2.1236
Q,DE,R,771,2014-Q3,1.9561
Q,DE,R,771,2014-Q4,2.7506
Q,DE,R,771,2015-Q1,4.2395
Q,DE,R,771,2015-Q2,3.3439
Q,DE,R,771,2015-Q3,3.5789
Q,DE,R,771,2015-Q4,5.3708
Q,DE,R,771,2016-Q1,5.8942
Q,DE,R,771,2016-Q2,6.8583
Q,DE,R,771,2016-Q3,7.8884
Q,DE,R,771,2016-Q4,7.3598
Q,DE,R,771,2017-Q1,5.0614
Q,DE,R,771,2017-Q2,4.3654
Q,DE,R,771,2017-Q3,4.0128
Q,DE,R,771,2017-Q4,4.7637
Q,DE,R,771,2018-Q1,5.3008
Q,DE,R,771,2018-Q2,4.7916
Q,DE,R,771,2018-Q3,5.0308
Q,DE,R,771,2018-Q4,4.1777
Q,DE,R,771,2019-Q1,3.9074
Q,DE,R,771,2019-Q2,4.208
Q,DE,R,771,2019-Q3,3.8001
Q,DE,R,771,2019-Q4,5.2275
Q,DE,R,771,2020-Q1,5.2865
Q,DE,R,771,2020-Q2,5.764
Q,DE,R,771,2020-Q3,8.8797
Q,DE,R,771,2020-Q4,8.8549
Q,DE,R,771,2021-Q1,7.6968
Q,DE,R,771,2021-Q2,9.0768
Q,DE,R,771,2021-Q3,8.5633
Q,DE,R,771,2021-Q4,7.532
Q,DE,R,771,2022-Q1,7.0636
Q,DE,R,771,2022-Q2,3.3495
Q,DE,R,771,2022-Q3,-2.1718
Q,DE,R,771,2022-Q4,-10.1759
Q,DE,R,771,2023-Q1,-13.4714
Q,DE,R,771,2023-Q2,-14.9989
Q,DE,R,771,2023-Q3,-14.98
Q,DE,R,771,2023-Q4,-10.8169
Q,DE,R,771,2024-Q1,-7.4925
Q,DE,R,771,2024-Q2,-4.6574
Q,DE,R,771,2024-Q3,-2.0614
Q,DE,R,771,2024-Q4,-0.3653
Q,DE,R,771,2025-Q1,1.2272
Q,DE,R,771,2025-Q2,1.0289
Q,DE,R,771,2025-Q3,1.0423
Q,US,N,771,2007-Q1,-2.4288
Q,US,N,771,2007-Q2,-4.6484
Q,US,N,771,2007-Q3,-6.5785
Q,US,N,771,2007-Q4,-9.5509
Q,US,N,771,2008-Q1,-12.2171
Q,US,N,771,2008-Q2,-13.6251
Q,US,N,771,2008-Q3,-15.1157
Q,US,N,771,2008-Q4,-16.8227
Q,US,N,771,2009-Q1,-15.9656
Q,US,N,771,2009-Q2,-11.9821
Q,US,N,771,2009-Q3,-7.6362
Q,US,N,771,2009-Q4,-2.06
Q,US,N,771,2010-Q1,-0.0495
Q,US,N,771,2010-Q2,0.2662
Q,US,N,771,2010-Q3,-2.1436
Q,US,N,771,2010-Q4,-3.5473
Q,US,N,771,2011-Q1,-4.3251
Q,US,N,771,2011-Q2,-4.1068
Q,US,N,771,2011-Q3,-1.6444
Q,US,N,771,2011-Q4,-0.9056
Q,US,N,771,2012-Q1,1.7332
Q,US,N,771,2012-Q2,3.7663
Q,US,N,771,2012-Q3,5.4379
Q,US,N,771,2012-Q4,7.8781
Q,US,N,771,2013-Q1,9.6108
Q,US,N,771,2013-Q2,9.6511
Q,US,N,771,2013-Q3,10.1915
Q,US,N,771,2013-Q4,9.9001
Q,US,N,771,2014-Q1,8.6033
Q,US,N,771,2014-Q2,6.5396
Q,US,N,771,2014-Q3,5.2998
Q,US,N,771,2014-Q4,4.8867
Q,US,N,771,2015-Q1,4.8419
Q,US,N,771,2015-Q2,5.3841
Q,US,N,771,2015-Q3,5.4997
Q,US,N,771,2015-Q4,5.4454
Q,US,N,771,2016-Q1,5.3877
Q,US,N,771,2016-Q2,5.3421
Q,US,N,771,2016-Q3,5.3052
Q,US,N,771,2016-Q4,5.389
Q,US,N,771,2017-Q1,5.5238
Q,US,N,771,2017-Q2,5.8442
Q,US,N,771,2017-Q3,5.9912
Q,US,N,771,2017-Q4,6.0343
Q,US,N,771,2018-Q1,6.2385
Q,US,N,771,2018-Q2,5.9595
Q,US,N,771,2018-Q3,5.4069
Q,US,N,771,2018-Q4,4.6188
Q,US,N,771,2019-Q1,3.8134
Q,US,N,771,2019-Q2,3.646
Q,US,N,771,2019-Q3,3.8264
Q,US,N,771,2019-Q4,4.476
Q,US,N,771,2020-Q1,5.231
Q,US,N,771,2020-Q2,5.0649
Q,US,N,771,2020-Q3,7.1751
Q,US,N,771,2020-Q4,9.5531
Q,US,N,771,2021-Q1,11.3517
Q,US,N,771,2021-Q2,15.6281
Q,US,N,771,2021-Q3,16.7744
Q,US,N,771,2021-Q4,16.9762
Q,US,N,771,2022-Q1,18.1841
Q,US,N,771,2022-Q2,16.0325
Q,US,N,771,2022-Q3,10.6866
Q,US,N,771,2022-Q4,6.9383
Q,US,N,771,2023-Q1,3.7126
Q,US,N,771,2023-Q2,2.1676
Q,US,N,771,2023-Q3,4.6914
Q,US,N,771,2023-Q4,5.5248
Q,US,N,771,2024-Q1,5.4033
Q,US,N,771,2024-Q2,4.7786
Q,US,N,771,2024-Q3,3.7162
Q,US,N,771,2024-Q4,3.4635
Q,US,N,771,2025-Q1,2.6107
Q,US,N,771,2025-Q2,1.7843
Q,US,N,771,2025-Q3,1.2226
Q,JP,N,628,2007-Q1,104.327
Q,JP,N,628,2007-Q2,104.1835
Q,JP,N,628,2007-Q3,104.0385
Q,JP,N,628,2007-Q4,103.7981
Q,JP,N,628,2008-Q1,103.5577
Q,JP,N,628,2008-Q2,102.8847
Q,JP,N,628,2008-Q3,102.2116
Q,JP,N,628,2008-Q4,101.1539
Q,JP,N,628,2009-Q1,99.2083
Q,JP,N,628,2009-Q2,97.7081
Q,JP,N,628,2009-Q3,99.1416
Q,JP,N,628,2009-Q4,98.2749
Q,JP,N,628,2010-Q1,99.6083
Q,JP,N,628,2010-Q2,99.775
Q,JP,N,628,2010-Q3,100.375
Q,JP,N,628,2010-Q4,100.2417
Q,JP,N,628,2011-Q1,100.4417
Q,JP,N,628,2011-Q2,99.975
Q,JP,N,628,2011-Q3,100.6084
Q,JP,N,628,2011-Q4,99.2416
Q,JP,N,628,2012-Q1,99.9417
Q,JP,N,628,2012-Q2,98.8749
Q,JP,N,628,2012-Q3,99.1416
Q,JP,N,628,2012-Q4,98.8082
Q,JP,N,628,2013-Q1,99.475
Q,JP,N,628,2013-Q2,100.575
Q,JP,N,628,2013-Q3,101.6085
Q,JP,N,628,2013-Q4,101.5751
Q,JP,N,628,2014-Q1,102.5419
Q,JP,N,628,2014-Q2,102.0752
Q,JP,N,628,2014-Q3,102.7086
Q,JP,N,628,2014-Q4,102.1752
Q,JP,N,628,2015-Q1,104.9754
Q,JP,N,628,2015-Q2,104.6421
Q,JP,N,628,2015-Q3,105.6421
Q,JP,N,628,2015-Q4,104.1753
Q,JP,N,628,2016-Q1,106.6756
Q,JP,N,628,2016-Q2,107.7423
Q,JP,N,628,2016-Q3,107.509
Q,JP,N,628,2016-Q4,106.8089
Q,JP,N,628,2017-Q1,110.8426
Q,JP,N,628,2017-Q2,109.9092
Q,JP,N,628,2017-Q3,110.1425
Q,JP,N,628,2017-Q4,108.7424
Q,JP,N,628,2018-Q1,112.5427
Q,JP,N,628,2018-Q2,112.0093
Q,JP,N,628,2018-Q3,112.1093
Q,JP,N,628,2018-Q4,111.476
Q,JP,N,628,2019-Q1,115.1429
Q,JP,N,628,2019-Q2,114.1762
Q,JP,N,628,2019-Q3,113.5095
Q,JP,N,628,2019-Q4,112.5427
Q,JP,N,628,2020-Q1,114.6429
Q,JP,N,628,2020-Q2,113.3761
Q,JP,N,628,2020-Q3,113.3761
Q,JP,N,628,2020-Q4,114.3095
Q,JP,N,628,2021-Q1,118.4765
Q,JP,N,628,2021-Q2,119.5766
Q,JP,N,628,2021-Q3,122.6102
Q,JP,N,628,2021-Q4,122.1102
Q,JP,N,628,2022-Q1,129.2108
Q,JP,N,628,2022-Q2,130.5775
Q,JP,N,628,2022-Q3,132.2444
Q,JP,N,628,2022-Q4,131.3109
Q,JP,N,628,2023-Q1,135.3446
Q,JP,N,628,2023-Q2,134.8112
Q,JP,N,628,2023-Q3,135.0779
Q,JP,N,628,2023-Q4,133.9778
Q,JP,N,628,2024-Q1,138.7116
Q,JP,N,628,2024-Q2,138.5449
Q,JP,N,628,2024-Q3,139.445
Q,JP,N,628,2024-Q4,137.7115
Q,JP,N,628,2025-Q1,145.2121
Q,JP,N,628,2025-Q2,143.612
Q,JP,N,628,2025-Q3,145.2454
Q,KR,N,771,2007-Q1,11.9165
Q,KR,N,771,2007-Q2,9.97
Q,KR,N,771,2007-Q3,9.1988
Q,KR,N,771,2007-Q4,5.2811
Q,KR,N,771,2008-Q1,2.6894
Q,KR,N,771,2008-Q2,4.3692
Q,KR,N,771,2008-Q3,5.0543
Q,KR,N,771,2008-Q4,3.9374
Q,KR,N,771,2009-Q1,1.55
Q,KR,N,771,2009-Q2,-0.6279
Q,KR,N,771,2009-Q3,-0.8277
Q,KR,N,771,2009-Q4,0.6746
Q,KR,N,771,2010-Q1,2.6842
Q,KR,N,771,2010-Q2,3.2649
Q,KR,N,771,2010-Q3,2.1909
Q,KR,N,771,2010-Q4,1.6495
Q,KR,N,771,2011-Q1,2.8191
Q,KR,N,771,2011-Q2,4.6915
Q,KR,N,771,2011-Q3,6.3808
Q,KR,N,771,2011-Q4,6.998
Q,KR,N,771,2012-Q1,5.7827
Q,KR,N,771,2012-Q2,3.6532
Q,KR,N,771,2012-Q3,1.9194
Q,KR,N,771,2012-Q4,0.2844
Q,KR,N,771,2013-Q1,-0.4241
Q,KR,N,771,2013-Q2,-0.7519
Q,KR,N,771,2013-Q3,-0.6121
Q,KR,N,771,2013-Q4,0.1418
Q,KR,N,771,2014-Q1,0.8045
Q,KR,N,771,2014-Q2,1.3731
Q,KR,N,771,2014-Q3,1.8001
Q,KR,N,771,2014-Q4,2.0765
Q,KR,N,771,2015-Q1,2.1596
Q,KR,N,771,2015-Q2,2.9426
Q,KR,N,771,2015-Q3,3.8623
Q,KR,N,771,2015-Q4,4.3458
Q,KR,N,771,2016-Q1,4.182
Q,KR,N,771,2016-Q2,2.9946
Q,KR,N,771,2016-Q3,2.0161
Q,KR,N,771,2016-Q4,1.5064
Q,KR,N,771,2017-Q1,1.2351
Q,KR,N,771,2017-Q2,1.2335
Q,KR,N,771,2017-Q3,1.4932
Q,KR,N,771,2017-Q4,1.2222
Q,KR,N,771,2018-Q1,1.6122
Q,KR,N,771,2018-Q2,1.9582
Q,KR,N,771,2018-Q3,2.1203
Q,KR,N,771,2018-Q4,3.2342
Q,KR,N,771,2019-Q1,2.6587
Q,KR,N,771,2019-Q2,1.8779
Q,KR,N,771,2019-Q3,1.1017
Q,KR,N,771,2019-Q4,0.0835
Q,KR,N,771,2020-Q1,1.086
Q,KR,N,771,2020-Q2,2.4298
Q,KR,N,771,2020-Q3,4.5264
Q,KR,N,771,2020-Q4,7.1369
Q,KR,N,771,2021-Q1,10.2893
Q,KR,N,771,2021-Q2,13.0061
Q,KR,N,771,2021-Q3,15.1163
Q,KR,N,771,2021-Q4,15.6993
Q,KR,N,771,2022-Q1,12.589
Q,KR,N,771,2022-Q2,9.3739
Q,KR,N,771,2022-Q3,5.2595
Q,KR,N,771,2022-Q4,-0.0673
Q,KR,N,771,2023-Q1,-4.3261
Q,KR,N,771,2023-Q2,-6.8167
Q,KR,N,771,2023-Q3,-7.313
Q,KR,N,771,2023-Q4,-5.6267
Q,KR,N,771,2024-Q1,-2.7826
Q,KR,N,771,2024-Q2,-0.9588
Q,KR,N,771,2024-Q3,-0.357
Q,KR,N,771,2024-Q4,-0.1071
Q,KR,N,771,2025-Q1,-0.1431
Q,KR,N,771,2025-Q2,0.1076
Q,KR,N,771,2025-Q3,0.3583
Q,IT,R,628,2007-Q1,103.7027
Q,IT,R,628,2007-Q2,104.2274
Q,IT,R,628,2007-Q3,105.0506
Q,IT,R,628,2007-Q4,104.863
Q,IT,R,628,2008-Q1,104.3853
Q,IT,R,628,2008-Q2,104.2421
Q,IT,R,628,2008-Q3,103.6755
Q,IT,R,628,2008-Q4,102.5444
Q,IT,R,628,2009-Q1,103.1062
Q,IT,R,628,2009-Q2,102.4725
Q,IT,R,628,2009-Q3,102.3805
Q,IT,R,628,2009-Q4,101.6107
Q,IT,R,628,2010-Q1,99.6538
Q,IT,R,628,2010-Q2,99.9677
Q,IT,R,628,2010-Q3,100.2773
Q,IT,R,628,2010-Q4,100.097
Q,IT,R,628,2011-Q1,98.6254
Q,IT,R,628,2011-Q2,99.6764
Q,IT,R,628,2011-Q3,98.7695
Q,IT,R,628,2011-Q4,97.3849
Q,IT,R,628,2012-Q1,96.0858
Q,IT,R,628,2012-Q2,94.4295
Q,IT,R,628,2012-Q3,92.2334
Q,IT,R,628,2012-Q4,90.3482
Q,IT,R,628,2013-Q1,87.5526
Q,IT,R,628,2013-Q2,87.1016
Q,IT,R,628,2013-Q3,85.4596
Q,IT,R,628,2013-Q4,84.5976
Q,IT,R,628,2014-Q1,83.333
Q,IT,R,628,2014-Q2,82.3933
Q,IT,R,628,2014-Q3,81.4979
Q,IT,R,628,2014-Q4,80.4122
Q,IT,R,628,2015-Q1,78.7998
Q,IT,R,628,2015-Q2,78.4876
Q,IT,R,628,2015-Q3,79.1453
Q,IT,R,628,2015-Q4,78.6342
Q,IT,R,628,2016-Q1,78.9528
Q,IT,R,628,2016-Q2,79.3472
Q,IT,R,628,2016-Q3,79.1611
Q,IT,R,628,2016-Q4,78.6632
Q,IT,R,628,2017-Q1,77.3627
Q,IT,R,628,2017-Q2,77.4714
Q,IT,R,628,2017-Q3,77.1095
Q,IT,R,628,2017-Q4,77.0267
Q,IT,R,628,2018-Q1,76.4168
Q,IT,R,628,2018-Q2,76.4554
Q,IT,R,628,2018-Q3,75.3716
Q,IT,R,628,2018-Q4,75.5645
Q,IT,R,628,2019-Q1,75.0057
Q,IT,R,628,2019-Q2,75.7359
Q,IT,R,628,2019-Q3,75.409
Q,IT,R,628,2019-Q4,75.4972
Q,IT,R,628,2020-Q1,76.0882
Q,IT,R,628,2020-Q2,78.3593
Q,IT,R,628,2020-Q3,76.5432
Q,IT,R,628,2020-Q4,76.8214
Q,IT,R,628,2021-Q1,76.9408
Q,IT,R,628,2021-Q2,77.7337
Q,IT,R,628,2021-Q3,77.9912
Q,IT,R,628,2021-Q4,77.1591
Q,IT,R,628,2022-Q1,76.1252
Q,IT,R,628,2022-Q2,76.4551
Q,IT,R,628,2022-Q3,74.0326
Q,IT,R,628,2022-Q4,70.9075
Q,IT,R,628,2023-Q1,70.6296
Q,IT,R,628,2023-Q2,71.6514
Q,IT,R,628,2023-Q3,71.3072
Q,IT,R,628,2023-Q4,71.466
Q,IT,R,628,2024-Q1,71.097
Q,IT,R,628,2024-Q2,73.1672
Q,IT,R,628,2024-Q3,73.2442
Q,IT,R,628,2024-Q4,73.7596
Q,IT,R,628,2025-Q1,73.0269
Q,IT,R,628,2025-Q2,74.7598
Q,IT,R,628,2025-Q3,74.8431
