FREQ,BORROWERS_CTY,TC_BORROWERS,TC_LENDERS,CG_DTYPE,TIME_PERIOD,OBS_VALUE
Q,CN,P,A,B,2007-Q1,116.0
Q,CN,P,A,B,2007-Q2,116.4
Q,CN,P,A,B,2007-Q3,116.7
Q,CN,P,A,B,2007-Q4,116.8
Q,CN,P,A,B,2008-Q1,116.9
Q,CN,P,A,B,2008-Q2,117.0
Q,CN,P,A,B,2008-Q3,117.0
Q,CN,P,A,B,2008-Q4,117.0
Q,CN,P,A,B,2009-Q1,117.6
Q,CN,P,A,B,2009-Q2,118.7
Q,CN,P,A,B,2009-Q3,120.0
Q,CN,P,A,B,2009-Q4,121.4
Q,CN,P,A,B,2010-Q1,122.8
Q,CN,P,A,B,2010-Q2,124.3
Q,CN,P,A,B,2010-Q3,125.7
Q,CN,P,A,B,2010-Q4,127.0
Q,CN,P,A,B,2011-Q1,128.3
Q,CN,P,A,B,2011-Q2,129.5
Q,CN,P,A,B,2011-Q3,130.6
Q,CN,P,A,B,2011-Q4,131.7
Q,CN,P,A,B,2012-Q1,133.0
Q,CN,P,A,B,2012-Q2,134.3
Q,CN,P,A,B,2012-Q3,135.7
Q,CN,P,A,B,2012-Q4,137.2
Q,CN,P,A,B,2013-Q1,139.0
Q,CN,P,A,B,2013-Q2,140.9
Q,CN,P,A,B,2013-Q3,142.8
Q,CN,P,A,B,2013-Q4,144.8
Q,CN,P,A,B,2014-Q1,146.8
Q,CN,P,A,B,2014-Q2,149.0
Q,CN,P,A,B,2014-Q3,151.1
Q,CN,P,A,B,2014-Q4,153.2
Q,CN,P,A,B,2015-Q1,155.5
Q,CN,P,A,B,2015-Q2,157.8
Q,CN,P,A,B,2015-Q3,160.2
Q,CN,P,A,B,2015-Q4,162.8
Q,CN,P,A,B,2016-Q1,165.5
Q,CN,P,A,B,2016-Q2,168.0
Q,CN,P,A,B,2016-Q3,170.4
Q,CN,P,A,B,2016-Q4,172.6
Q,CN,P,A,B,2017-Q1,174.8
Q,CN,P,A,B,2017-Q2,176.8
Q,CN,P,A,B,2017-Q3,178.5
Q,CN,P,A,B,2017-Q4,180.1
Q,CN,P,A,B,2018-Q1,181.5
Q,CN,P,A,B,2018-Q2,182.8
Q,CN,P,A,B,2018-Q3,183.9
Q,CN,P,A,B,2018-Q4,184.9
Q,CN,P,A,B,2019-Q1,186.0
Q,CN,P,A,B,2019-Q2,186.9
Q,CN,P,A,B,2019-Q3,187.9
Q,CN,P,A,B,2019-Q4,188.7
Q,CN,P,A,B,2020-Q1,190.0
Q,CN,P,A,B,2020-Q2,191.5
Q,CN,P,A,B,2020-Q3,193.0
Q,CN,P,A,B,2020-Q4,194.3
Q,CN,P,A,B,2021-Q1,195.4
Q,CN,P,A,B,2021-Q2,196.3
Q,CN,P,A,B,2021-Q3,197.1
Q,CN,P,A,B,2021-Q4,197.6
Q,CN,P,A,B,2022-Q1,198.3
Q,CN,P,A,B,2022-Q2,199.0
Q,CN,P,A,B,2022-Q3,199.7
Q,CN,P,A,B,2022-Q4,200.3
Q,CN,P,A,B,2023-Q1,201.2
Q,CN,P,A,B,2023-Q2,202.0
Q,CN,P,A,B,2023-Q3,202.8
Q,CN,P,A,B,2023-Q4,203.6
Q,CN,P,A,B,2024-Q1,204.5
Q,CN,P,A,B,2024-Q2,205.3
Q,CN,P,A,B,2024-Q3,206.1
Q,CN,P,A,B,2024-Q4,206.7
Q,CN,P,A,B,2025-Q1,207.5
Q,CN,P,A,B,2025-Q2,208.3
Q,CN,P,A,C,2007-Q1,-5.2
Q,CN,P,A,C,2007-Q2,-5.1
Q,CN,P,A,C,2007-Q3,-6.2
Q,CN,P,A,C,2007-Q4,-9.2
Q,CN,P,A,C,2008-Q1,-8.9
Q,CN,P,A,C,2008-Q2,-9.7
Q,CN,P,A,C,2008-Q3,-10.2
Q,CN,P,A,C,2008-Q4,-10.7
Q,CN,P,A,C,2009-Q1,0.8
Q,CN,P,A,C,2009-Q2,8.8
Q,CN,P,A,C,2009-Q3,11.7
Q,CN,P,A,C,2009-Q4,11.9
Q,CN,P,A,C,2010-Q1,13.4
Q,CN,P,A,C,2010-Q2,13.9
Q,CN,P,A,C,2010-Q3,12.4
Q,CN,P,A,C,2010-Q4,10.6
Q,CN,P,A,C,2011-Q1,9.7
Q,CN,P,A,C,2011-Q2,8.3
Q,CN,P,A,C,2011-Q3,5.9
Q,CN,P,A,C,2011-Q4,5.9
Q,CN,P,A,C,2012-Q1,7.8
Q,CN,P,A,C,2012-Q2,9.0
Q,CN,P,A,C,2012-Q3,10.9
Q,CN,P,A,C,2012-Q4,12.2
Q,CN,P,A,C,2013-Q1,16.2
Q,CN,P,A,C,2013-Q2,17.3
Q,CN,P,A,C,2013-Q3,18.3
Q,CN,P,A,C,2013-Q4,17.2
Q,CN,P,A,C,2014-Q1,19.4
Q,CN,P,A,C,2014-Q2,20.4
Q,CN,P,A,C,2014-Q3,18.9
Q,CN,P,A,C,2014-Q4,18.6
Q,CN,P,A,C,2015-Q1,20.5
Q,CN,P,A,C,2015-Q2,21.0
Q,CN,P,A,C,2015-Q3,21.8
Q,CN,P,A,C,2015-Q4,23.9
Q,CN,P,A,C,2016-Q1,25.5
Q,CN,P,A,C,2016-Q2,21.8
Q,CN,P,A,C,2016-Q3,18.4
Q,CN,P,A,C,2016-Q4,15.9
Q,CN,P,A,C,2017-Q1,14.3
Q,CN,P,A,C,2017-Q2,10.0
Q,CN,P,A,C,2017-Q3,6.5
Q,CN,P,A,C,2017-Q4,2.4
Q,CN,P,A,C,2018-Q1,1.1
Q,CN,P,A,C,2018-Q2,-2.0
Q,CN,P,A,C,2018-Q3,-4.9
Q,CN,P,A,C,2018-Q4,-7.6
Q,CN,P,A,C,2019-Q1,-5.5
Q,CN,P,A,C,2019-Q2,-6.8
Q,CN,P,A,C,2019-Q3,-7.6
Q,CN,P,A,C,2019-Q4,-8.8
Q,CN,P,A,C,2020-Q1,-0.2
Q,CN,P,A,C,2020-Q2,2.9
Q,CN,P,A,C,2020-Q3,2.6
Q,CN,P,A,C,2020-Q4,-0.7
Q,CN,P,A,C,2021-Q1,-3.9
Q,CN,P,A,C,2021-Q2,-7.3
Q,CN,P,A,C,2021-Q3,-9.8
Q,CN,P,A,C,2021-Q4,-13.2
Q,CN,P,A,C,2022-Q1,-10.8
Q,CN,P,A,C,2022-Q2,-9.7
Q,CN,P,A,C,2022-Q3,-9.9
Q,CN,P,A,C,2022-Q4,-10.9
Q,CN,P,A,C,2023-Q1,-5.8
Q,CN,P,A,C,2023-Q2,-6.4
Q,CN,P,A,C,2023-Q3,-6.7
Q,CN,P,A,C,2023-Q4,-8.4
Q,CN,P,A,C,2024-Q1,-4.5
Q,CN,P,A,C,2024-Q2,-5.8
Q,CN,P,A,C,2024-Q3,-6.6
Q,CN,P,A,C,2024-Q4,-8.6
Q,CN,P,A,C,2025-Q1,-5.6
Q,CN,P,A,C,2025-Q2,-6.7
Q,DE,P,A,B,2007-Q1,151.6
Q,DE,P,A,B,2007-Q2,151.7
Q,DE,P,A,B,2007-Q3,151.6
Q,DE,P,A,B,2007-Q4,151.6
Q,DE,P,A,B,2008-Q1,151.5
Q,DE,P,A,B,2008-Q2,151.5
Q,DE,P,A,B,2008-Q3,151.4
Q,DE,P,A,B,2008-Q4,151.4
Q,DE,P,A,B,2009-Q1,151.5
Q,DE,P,A,B,2009-Q2,151.6
Q,DE,P,A,B,2009-Q3,151.7
Q,DE,P,A,B,2009-Q4,151.9
Q,DE,P,A,B,2010-Q1,151.9
Q,DE,P,A,B,2010-Q2,151.9
Q,DE,P,A,B,2010-Q3,151.8
Q,DE,P,A,B,2010-Q4,151.7
Q,DE,P,A,B,2011-Q1,151.3
Q,DE,P,A,B,2011-Q2,150.8
Q,DE,P,A,B,2011-Q3,150.4
Q,DE,P,A,B,2011-Q4,150.0
Q,DE,P,A,B,2012-Q1,149.6
Q,DE,P,A,B,2012-Q2,149.2
Q,DE,P,A,B,2012-Q3,148.8
Q,DE,P,A,B,2012-Q4,148.4
Q,DE,P,A,B,2013-Q1,148.0
Q,DE,P,A,B,2013-Q2,147.7
Q,DE,P,A,B,2013-Q3,147.4
Q,DE,P,A,B,2013-Q4,147.1
Q,DE,P,A,B,2014-Q1,146.7
Q,DE,P,A,B,2014-Q2,146.3
Q,DE,P,A,B,2014-Q3,145.9
Q,DE,P,A,B,2014-Q4,145.3
Q,DE,P,A,B,2015-Q1,144.7
Q,DE,P,A,B,2015-Q2,144.1
Q,DE,P,A,B,2015-Q3,143.5
Q,DE,P,A,B,2015-Q4,143.0
Q,DE,P,A,B,2016-Q1,142.5
Q,DE,P,A,B,2016-Q2,142.0
Q,DE,P,A,B,2016-Q3,141.6
Q,DE,P,A,B,2016-Q4,141.2
Q,DE,P,A,B,2017-Q1,140.8
Q,DE,P,A,B,2017-Q2,140.4
Q,DE,P,A,B,2017-Q3,140.0
Q,DE,P,A,B,2017-Q4,139.6
Q,DE,P,A,B,2018-Q1,139.2
Q,DE,P,A,B,2018-Q2,138.9
Q,DE,P,A,B,2018-Q3,138.6
Q,DE,P,A,B,2018-Q4,138.3
Q,DE,P,A,B,2019-Q1,138.1
Q,DE,P,A,B,2019-Q2,137.9
Q,DE,P,A,B,2019-Q3,137.8
Q,DE,P,A,B,2019-Q4,137.7
Q,DE,P,A,B,2020-Q1,137.7
Q,DE,P,A,B,2020-Q2,137.9
Q,DE,P,A,B,2020-Q3,138.3
Q,DE,P,A,B,2020-Q4,138.8
Q,DE,P,A,B,2021-Q1,139.4
Q,DE,P,A,B,2021-Q2,139.9
Q,DE,P,A,B,2021-Q3,140.3
Q,DE,P,A,B,2021-Q4,140.7
Q,DE,P,A,B,2022-Q1,141.0
Q,DE,P,A,B,2022-Q2,141.3
Q,DE,P,A,B,2022-Q3,141.6
Q,DE,P,A,B,2022-Q4,141.9
Q,DE,P,A,B,2023-Q1,142.0
Q,DE,P,A,B,2023-Q2,142.1
Q,DE,P,A,B,2023-Q3,142.0
Q,DE,P,A,B,2023-Q4,141.9
Q,DE,P,A,B,2024-Q1,141.8
Q,DE,P,A,B,2024-Q2,141.7
Q,DE,P,A,B,2024-Q3,141.5
Q,DE,P,A,B,2024-Q4,141.4
Q,DE,P,A,B,2025-Q1,141.3
Q,DE,P,A,B,2025-Q2,141.2
Q,JP,P,A,C,2007-Q1,-16.3
Q,JP,P,A,C,2007-Q2,-17.9
Q,JP,P,A,C,2007-Q3,-15.9
Q,JP,P,A,C,2007-Q4,-13.5
Q,JP,P,A,C,2008-Q1,-14.0
Q,JP,P,A,C,2008-Q2,-10.6
Q,JP,P,A,C,2008-Q3,-8.9
Q,JP,P,A,C,2008-Q4,-3.9
Q,JP,P,A,C,2009-Q1,-1.6
Q,JP,P,A,C,2009-Q2,0.7
Q,JP,P,A,C,2009-Q3,3.0
Q,JP,P,A,C,2009-Q4,4.5
Q,JP,P,A,C,2010-Q1,1.8
Q,JP,P,A,C,2010-Q2,0.6
Q,JP,P,A,C,2010-Q3,-1.1
Q,JP,P,A,C,2010-Q4,-2.0
Q,JP,P,A,C,2011-Q1,-2.3
Q,JP,P,A,C,2011-Q2,-1.7
Q,JP,P,A,C,2011-Q3,-0.2
Q,JP,P,A,C,2011-Q4,0.7
Q,JP,P,A,C,2012-Q1,0.2
Q,JP,P,A,C,2012-Q2,-2.2
Q,JP,P,A,C,2012-Q3,-0.4
Q,JP,P,A,C,2012-Q4,1.3
Q,JP,P,A,C,2013-Q1,1.9
Q,JP,P,A,C,2013-Q2,1.2
Q,JP,P,A,C,2013-Q3,1.4
Q,JP,P,A,C,2013-Q4,2.0
Q,JP,P,A,C,2014-Q1,1.4
Q,JP,P,A,C,2014-Q2,0.2
Q,JP,P,A,C,2014-Q3,1.0
Q,JP,P,A,C,2014-Q4,2.2
Q,JP,P,A,C,2015-Q1,1.4
Q,JP,P,A,C,2015-Q2,-0.4
Q,JP,P,A,C,2015-Q3,-0.5
Q,JP,P,A,C,2015-Q4,0.4
Q,JP,P,A,C,2016-Q1,-0.3
Q,JP,P,A,C,2016-Q2,0.7
Q,JP,P,A,C,2016-Q3,2.6
Q,JP,P,A,C,2016-Q4,4.3
Q,JP,P,A,C,2017-Q1,5.3
Q,JP,P,A,C,2017-Q2,4.8
Q,JP,P,A,C,2017-Q3,5.1
Q,JP,P,A,C,2017-Q4,5.7
Q,JP,P,A,C,2018-Q1,5.3
Q,JP,P,A,C,2018-Q2,6.2
Q,JP,P,A,C,2018-Q3,7.6
Q,JP,P,A,C,2018-Q4,9.5
Q,JP,P,A,C,2019-Q1,10.3
Q,JP,P,A,C,2019-Q2,10.9
Q,JP,P,A,C,2019-Q3,12.2
Q,JP,P,A,C,2019-Q4,13.9
Q,JP,P,A,C,2020-Q1,15.0
Q,JP,P,A,C,2020-Q2,25.6
Q,JP,P,A,C,2020-Q3,27.8
Q,JP,P,A,C,2020-Q4,28.6
Q,JP,P,A,C,2021-Q1,28.3
Q,JP,P,A,C,2021-Q2,25.0
Q,JP,P,A,C,2021-Q3,23.5
Q,JP,P,A,C,2021-Q4,24.0
Q,JP,P,A,C,2022-Q1,22.5
Q,JP,P,A,C,2022-Q2,22.3
Q,JP,P,A,C,2022-Q3,21.5
Q,JP,P,A,C,2022-Q4,21.0
Q,JP,P,A,C,2023-Q1,18.2
Q,JP,P,A,C,2023-Q2,15.9
Q,JP,P,A,C,2023-Q3,14.1
Q,JP,P,A,C,2023-Q4,12.7
Q,JP,P,A,C,2024-Q1,12.4
Q,JP,P,A,C,2024-Q2,11.3
Q,JP,P,A,C,2024-Q3,8.9
Q,JP,P,A,C,2024-Q4,9.2
Q,JP,P,A,C,2025-Q1,6.7
Q,JP,P,A,C,2025-Q2,5.4
Q,DE,P,A,C,2007-Q1,-7.9
Q,DE,P,A,C,2007-Q2,-8.6
Q,DE,P,A,C,2007-Q3,-10.0
Q,DE,P,A,C,2007-Q4,-9.7
Q,DE,P,A,C,2008-Q1,-10.5
Q,DE,P,A,C,2008-Q2,-10.3
Q,DE,P,A,C,2008-Q3,-9.8
Q,DE,P,A,C,2008-Q4,-8.1
Q,DE,P,A,C,2009-Q1,-6.7
Q,DE,P,A,C,2009-Q2,-5.4
Q,DE,P,A,C,2009-Q3,-5.5
Q,DE,P,A,C,2009-Q4,-5.3
Q,DE,P,A,C,2010-Q1,-6.9
Q,DE,P,A,C,2010-Q2,-7.2
Q,DE,P,A,C,2010-Q3,-8.1
Q,DE,P,A,C,2010-Q4,-9.9
Q,DE,P,A,C,2011-Q1,-13.3
Q,DE,P,A,C,2011-Q2,-13.8
Q,DE,P,A,C,2011-Q3,-12.6
Q,DE,P,A,C,2011-Q4,-12.1
Q,DE,P,A,C,2012-Q1,-12.2
Q,DE,P,A,C,2012-Q2,-11.6
Q,DE,P,A,C,2012-Q3,-11.6
Q,DE,P,A,C,2012-Q4,-11.4
Q,DE,P,A,C,2013-Q1,-10.0
Q,DE,P,A,C,2013-Q2,-9.2
Q,DE,P,A,C,2013-Q3,-8.6
Q,DE,P,A,C,2013-Q4,-8.5
Q,DE,P,A,C,2014-Q1,-9.0
Q,DE,P,A,C,2014-Q2,-8.6
Q,DE,P,A,C,2014-Q3,-9.6
Q,DE,P,A,C,2014-Q4,-12.9
Q,DE,P,A,C,2015-Q1,-11.8
Q,DE,P,A,C,2015-Q2,-11.2
Q,DE,P,A,C,2015-Q3,-10.7
Q,DE,P,A,C,2015-Q4,-10.3
Q,DE,P,A,C,2016-Q1,-9.2
Q,DE,P,A,C,2016-Q2,-8.3
Q,DE,P,A,C,2016-Q3,-7.1
Q,DE,P,A,C,2016-Q4,-6.5
Q,DE,P,A,C,2017-Q1,-5.8
Q,DE,P,A,C,2017-Q2,-6.0
Q,DE,P,A,C,2017-Q3,-6.0
Q,DE,P,A,C,2017-Q4,-5.7
Q,DE,P,A,C,2018-Q1,-6.0
Q,DE,P,A,C,2018-Q2,-4.5
Q,DE,P,A,C,2018-Q3,-3.4
Q,DE,P,A,C,2018-Q4,-3.5
Q,DE,P,A,C,2019-Q1,-2.3
Q,DE,P,A,C,2019-Q2,-0.9
Q,DE,P,A,C,2019-Q3,-0.5
Q,DE,P,A,C,2019-Q4,-0.1
Q,DE,P,A,C,2020-Q1,1.1
Q,DE,P,A,C,2020-Q2,6.4
Q,DE,P,A,C,2020-Q3,8.5
Q,DE,P,A,C,2020-Q4,9.9
Q,DE,P,A,C,2021-Q1,11.6
Q,DE,P,A,C,2021-Q2,8.5
Q,DE,P,A,C,2021-Q3,7.4
Q,DE,P,A,C,2021-Q4,6.8
Q,DE,P,A,C,2022-Q1,5.8
Q,DE,P,A,C,2022-Q2,5.0
Q,DE,P,A,C,2022-Q3,5.9
Q,DE,P,A,C,2022-Q4,4.2
Q,DE,P,A,C,2023-Q1,1.9
Q,DE,P,A,C,2023-Q2,0.4
Q,DE,P,A,C,2023-Q3,-1.3
Q,DE,P,A,C,2023-Q4,-2.3
Q,DE,P,A,C,2024-Q1,-2.7
Q,DE,P,A,C,2024-Q2,-2.7
Q,DE,P,A,C,2024-Q3,-2.5
Q,DE,P,A,C,2024-Q4,-2.8
Q,DE,P,A,C,2025-Q1,-2.0
Q,DE,P,A,C,2025-Q2,-2.2
Q,CA,P,A,C,2007-Q1,1.1
Q,CA,P,A,C,2007-Q2,0.8
Q,CA,P,A,C,2007-Q3,1.9
Q,CA,P,A,C,2007-Q4,2.0
Q,CA,P,A,C,2008-Q1,4.5
Q,CA,P,A,C,2008-Q2,2.9
Q,CA,P,A,C,2008-Q3,2.6
Q,CA,P,A,C,2008-Q4,5.1
Q,CA,P,A,C,2009-Q1,7.9
Q,CA,P,A,C,2009-Q2,12.4
Q,CA,P,A,C,2009-Q3,16.1
Q,CA,P,A,C,2009-Q4,16.2
Q,CA,P,A,C,2010-Q1,13.6
Q,CA,P,A,C,2010-Q2,12.6
Q,CA,P,A,C,2010-Q3,10.2
Q,CA,P,A,C,2010-Q4,8.2
Q,CA,P,A,C,2011-Q1,7.6
Q,CA,P,A,C,2011-Q2,6.6
Q,CA,P,A,C,2011-Q3,6.9
Q,CA,P,A,C,2011-Q4,3.9
Q,CA,P,A,C,2012-Q1,3.6
Q,CA,P,A,C,2012-Q2,4.5
Q,CA,P,A,C,2012-Q3,5.5
Q,CA,P,A,C,2012-Q4,5.7
Q,CA,P,A,C,2013-Q1,6.9
Q,CA,P,A,C,2013-Q2,8.0
Q,CA,P,A,C,2013-Q3,7.7
Q,CA,P,A,C,2013-Q4,6.9
Q,CA,P,A,C,2014-Q1,7.4
Q,CA,P,A,C,2014-Q2,6.7
Q,CA,P,A,C,2014-Q3,7.3
Q,CA,P,A,C,2014-Q4,6.3
Q,CA,P,A,C,2015-Q1,11.1
Q,CA,P,A,C,2015-Q2,12.0
Q,CA,P,A,C,2015-Q3,14.2
Q,CA,P,A,C,2015-Q4,15.3
Q,CA,P,A,C,2016-Q1,13.0
Q,CA,P,A,C,2016-Q2,14.9
Q,CA,P,A,C,2016-Q3,15.4
Q,CA,P,A,C,2016-Q4,13.1
Q,CA,P,A,C,2017-Q1,12.3
Q,CA,P,A,C,2017-Q2,10.5
Q,CA,P,A,C,2017-Q3,8.5
Q,CA,P,A,C,2017-Q4,7.0
Q,CA,P,A,C,2018-Q1,5.9
Q,CA,P,A,C,2018-Q2,6.6
Q,CA,P,A,C,2018-Q3,4.5
Q,CA,P,A,C,2018-Q4,4.3
Q,CA,P,A,C,2019-Q1,3.9
Q,CA,P,A,C,2019-Q2,5.2
Q,CA,P,A,C,2019-Q3,5.5
Q,CA,P,A,C,2019-Q4,4.2
Q,CA,P,A,C,2020-Q1,7.3
Q,CA,P,A,C,2020-Q2,16.8
Q,CA,P,A,C,2020-Q3,18.8
Q,CA,P,A,C,2020-Q4,19.7
Q,CA,P,A,C,2021-Q1,16.2
Q,CA,P,A,C,2021-Q2,8.4
Q,CA,P,A,C,2021-Q3,4.0
Q,CA,P,A,C,2021-Q4,-0.4
Q,CA,P,A,C,2022-Q1,-7.7
Q,CA,P,A,C,2022-Q2,-13.9
Q,CA,P,A,C,2022-Q3,-16.5
Q,CA,P,A,C,2022-Q4,-18.3
Q,CA,P,A,C,2023-Q1,-18.2
Q,CA,P,A,C,2023-Q2,-17.3
Q,CA,P,A,C,2023-Q3,-17.2
Q,CA,P,A,C,2023-Q4,-16.9
Q,CA,P,A,C,2024-Q1,-19.0
Q,CA,P,A,C,2024-Q2,-18.5
Q,CA,P,A,C,2024-Q3,-17.4
Q,CA,P,A,C,2024-Q4,-17.9
Q,CA,P,A,C,2025-Q1,-18.6
Q,CA,P,A,C,2025-Q2,-18.5
Q,CA,P,A,B,2007-Q1,158.5
Q,CA,P,A,B,2007-Q2,158.9
Q,CA,P,A,B,2007-Q3,159.4
Q,CA,P,A,B,2007-Q4,159.9
Q,CA,P,A,B,2008-Q1,160.5
Q,CA,P,A,B,2008-Q2,161.1
Q,CA,P,A,B,2008-Q3,161.6
Q,CA,P,A,B,2008-Q4,162.3
Q,CA,P,A,B,2009-Q1,163.2
Q,CA,P,A,B,2009-Q2,164.3
Q,CA,P,A,B,2009-Q3,165.7
Q,CA,P,A,B,2009-Q4,167.1
Q,CA,P,A,B,2010-Q1,168.4
Q,CA,P,A,B,2010-Q2,169.6
Q,CA,P,A,B,2010-Q3,170.7
Q,CA,P,A,B,2010-Q4,171.8
Q,CA,P,A,B,2011-Q1,172.8
Q,CA,P,A,B,2011-Q2,173.7
Q,CA,P,A,B,2011-Q3,174.7
Q,CA,P,A,B,2011-Q4,175.5
Q,CA,P,A,B,2012-Q1,176.4
Q,CA,P,A,B,2012-Q2,177.2
Q,CA,P,A,B,2012-Q3,178.2
Q,CA,P,A,B,2012-Q4,179.1
Q,CA,P,A,B,2013-Q1,180.2
Q,CA,P,A,B,2013-Q2,181.3
Q,CA,P,A,B,2013-Q3,182.4
Q,CA,P,A,B,2013-Q4,183.5
Q,CA,P,A,B,2014-Q1,184.6
Q,CA,P,A,B,2014-Q2,185.7
Q,CA,P,A,B,2014-Q3,186.8
Q,CA,P,A,B,2014-Q4,187.9
Q,CA,P,A,B,2015-Q1,189.3
Q,CA,P,A,B,2015-Q2,190.7
Q,CA,P,A,B,2015-Q3,192.3
Q,CA,P,A,B,2015-Q4,194.0
Q,CA,P,A,B,2016-Q1,195.5
Q,CA,P,A,B,2016-Q2,197.2
Q,CA,P,A,B,2016-Q3,199.0
Q,CA,P,A,B,2016-Q4,200.6
Q,CA,P,A,B,2017-Q1,202.3
Q,CA,P,A,B,2017-Q2,203.8
Q,CA,P,A,B,2017-Q3,205.2
Q,CA,P,A,B,2017-Q4,206.6
Q,CA,P,A,B,2018-Q1,207.9
Q,CA,P,A,B,2018-Q2,209.3
Q,CA,P,A,B,2018-Q3,210.5
Q,CA,P,A,B,2018-Q4,211.8
Q,CA,P,A,B,2019-Q1,213.0
Q,CA,P,A,B,2019-Q2,214.3
Q,CA,P,A,B,2019-Q3,215.7
Q,CA,P,A,B,2019-Q4,216.9
Q,CA,P,A,B,2020-Q1,218.4
Q,CA,P,A,B,2020-Q2,220.4
Q,CA,P,A,B,2020-Q3,222.6
Q,CA,P,A,B,2020-Q4,224.8
Q,CA,P,A,B,2021-Q1,226.9
Q,CA,P,A,B,2021-Q2,228.5
Q,CA,P,A,B,2021-Q3,230.0
Q,CA,P,A,B,2021-Q4,231.1
Q,CA,P,A,B,2022-Q1,231.9
Q,CA,P,A,B,2022-Q2,232.2
Q,CA,P,A,B,2022-Q3,232.4
Q,CA,P,A,B,2022-Q4,232.5
Q,CA,P,A,B,2023-Q1,232.5
Q,CA,P,A,B,2023-Q2,232.6
Q,CA,P,A,B,2023-Q3,232.6
Q,CA,P,A,B,2023-Q4,232.7
Q,CA,P,A,B,2024-Q1,232.5
Q,CA,P,A,B,2024-Q2,232.4
Q,CA,P,A,B,2024-Q3,232.3
Q,CA,P,A,B,2024-Q4,232.2
Q,CA,P,A,B,2025-Q1,232.0
Q,CA,P,A,B,2025-Q2,231.7
Q,JP,P,A,B,2007-Q1,178.4
Q,JP,P,A,B,2007-Q2,176.9
Q,JP,P,A,B,2007-Q3,175.5
Q,JP,P,A,B,2007-Q4,174.2
Q,JP,P,A,B,2008-Q1,172.9
Q,JP,P,A,B,2008-Q2,171.7
Q,JP,P,A,B,2008-Q3,170.6
Q,JP,P,A,B,2008-Q4,169.8
Q,JP,P,A,B,2009-Q1,169.1
Q,JP,P,A,B,2009-Q2,168.5
Q,JP,P,A,B,2009-Q3,168.1
Q,JP,P,A,B,2009-Q4,167.8
Q,JP,P,A,B,2010-Q1,167.3
Q,JP,P,A,B,2010-Q2,166.7
Q,JP,P,A,B,2010-Q3,166.1
Q,JP,P,A,B,2010-Q4,165.4
Q,JP,P,A,B,2011-Q1,164.7
Q,JP,P,A,B,2011-Q2,164.0
Q,JP,P,A,B,2011-Q3,163.4
Q,JP,P,A,B,2011-Q4,162.8
Q,JP,P,A,B,2012-Q1,162.2
Q,JP,P,A,B,2012-Q2,161.5
Q,JP,P,A,B,2012-Q3,160.9
Q,JP,P,A,B,2012-Q4,160.3
Q,JP,P,A,B,2013-Q1,159.9
Q,JP,P,A,B,2013-Q2,159.3
Q,JP,P,A,B,2013-Q3,158.8
Q,JP,P,A,B,2013-Q4,158.3
Q,JP,P,A,B,2014-Q1,157.8
Q,JP,P,A,B,2014-Q2,157.3
Q,JP,P,A,B,2014-Q3,156.7
Q,JP,P,A,B,2014-Q4,156.3
Q,JP,P,A,B,2015-Q1,155.8
Q,JP,P,A,B,2015-Q2,155.2
Q,JP,P,A,B,2015-Q3,154.6
Q,JP,P,A,B,2015-Q4,154.0
Q,JP,P,A,B,2016-Q1,153.4
Q,JP,P,A,B,2016-Q2,152.9
Q,JP,P,A,B,2016-Q3,152.4
Q,JP,P,A,B,2016-Q4,152.1
Q,JP,P,A,B,2017-Q1,151.9
Q,JP,P,A,B,2017-Q2,151.6
Q,JP,P,A,B,2017-Q3,151.3
Q,JP,P,A,B,2017-Q4,151.1
Q,JP,P,A,B,2018-Q1,150.9
Q,JP,P,A,B,2018-Q2,150.7
Q,JP,P,A,B,2018-Q3,150.6
Q,JP,P,A,B,2018-Q4,150.7
Q,JP,P,A,B,2019-Q1,150.8
Q,JP,P,A,B,2019-Q2,151.0
Q,JP,P,A,B,2019-Q3,151.2
Q,JP,P,A,B,2019-Q4,151.6
Q,JP,P,A,B,2020-Q1,152.0
Q,JP,P,A,B,2020-Q2,153.1
Q,JP,P,A,B,2020-Q3,154.4
Q,JP,P,A,B,2020-Q4,155.8
Q,JP,P,A,B,2021-Q1,157.2
Q,JP,P,A,B,2021-Q2,158.4
Q,JP,P,A,B,2021-Q3,159.6
Q,JP,P,A,B,2021-Q4,160.8
Q,JP,P,A,B,2022-Q1,162.1
Q,JP,P,A,B,2022-Q2,163.3
Q,JP,P,A,B,2022-Q3,164.5
Q,JP,P,A,B,2022-Q4,165.8
Q,JP,P,A,B,2023-Q1,166.9
Q,JP,P,A,B,2023-Q2,167.9
Q,JP,P,A,B,2023-Q3,168.8
Q,JP,P,A,B,2023-Q4,169.7
Q,JP,P,A,B,2024-Q1,170.5
Q,JP,P,A,B,2024-Q2,171.4
Q,JP,P,A,B,2024-Q3,172.1
Q,JP,P,A,B,2024-Q4,172.8
Q,JP,P,A,B,2025-Q1,173.4
Q,JP,P,A,B,2025-Q2,174.0
Q,IT,P,A,A,2007-Q1,104.1
Q,IT,P,A,A,2007-Q2,106.7
Q,IT,P,A,A,2007-Q3,107.6
Q,IT,P,A,A,2007-Q4,111.3
Q,IT,P,A,A,2008-Q1,114.9
Q,IT,P,A,A,2008-Q2,115.3
Q,IT,P,A,A,2008-Q3,115.3
Q,IT,P,A,A,2008-Q4,114.9
Q,IT,P,A,A,2009-Q1,118.3
Q,IT,P,A,A,2009-Q2,122.1
Q,IT,P,A,A,2009-Q3,122.5
Q,IT,P,A,A,2009-Q4,123.4
Q,IT,P,A,A,2010-Q1,123.6
Q,IT,P,A,A,2010-Q2,123.9
Q,IT,P,A,A,2010-Q3,124.1
Q,IT,P,A,A,2010-Q4,124.1
Q,IT,P,A,A,2011-Q1,123.9
Q,IT,P,A,A,2011-Q2,124.1
Q,IT,P,A,A,2011-Q3,123.6
Q,IT,P,A,A,2011-Q4,122.9
Q,IT,P,A,A,2012-Q1,123.5
Q,IT,P,A,A,2012-Q2,124.1
Q,IT,P,A,A,2012-Q3,124.2
Q,IT,P,A,A,2012-Q4,125.1
Q,IT,P,A,A,2013-Q1,124.5
Q,IT,P,A,A,2013-Q2,124.1
Q,IT,P,A,A,2013-Q3,123.7
Q,IT,P,A,A,2013-Q4,123.0
Q,IT,P,A,A,2014-Q1,122.6
Q,IT,P,A,A,2014-Q2,122.6
Q,IT,P,A,A,2014-Q3,122.3
Q,IT,P,A,A,2014-Q4,121.0
Q,IT,P,A,A,2015-Q1,121.0
Q,IT,P,A,A,2015-Q2,120.3
Q,IT,P,A,A,2015-Q3,119.4
Q,IT,P,A,A,2015-Q4,117.2
Q,IT,P,A,A,2016-Q1,116.0
Q,IT,P,A,A,2016-Q2,116.2
Q,IT,P,A,A,2016-Q3,115.3
Q,IT,P,A,A,2016-Q4,113.3
Q,IT,P,A,A,2017-Q1,113.0
Q,IT,P,A,A,2017-Q2,112.0
Q,IT,P,A,A,2017-Q3,110.4
Q,IT,P,A,A,2017-Q4,110.6
Q,IT,P,A,A,2018-Q1,109.6
Q,IT,P,A,A,2018-Q2,109.8
Q,IT,P,A,A,2018-Q3,109.3
Q,IT,P,A,A,2018-Q4,109.0
Q,IT,P,A,A,2019-Q1,108.2
Q,IT,P,A,A,2019-Q2,108.2
Q,IT,P,A,A,2019-Q3,108.4
Q,IT,P,A,A,2019-Q4,107.9
Q,IT,P,A,A,2020-Q1,109.6
Q,IT,P,A,A,2020-Q2,115.4
Q,IT,P,A,A,2020-Q3,118.5
Q,IT,P,A,A,2020-Q4,120.6
Q,IT,P,A,A,2021-Q1,120.4
Q,IT,P,A,A,2021-Q2,115.9
Q,IT,P,A,A,2021-Q3,113.5
Q,IT,P,A,A,2021-Q4,113.1
Q,IT,P,A,A,2022-Q1,110.4
Q,IT,P,A,A,2022-Q2,108.6
Q,IT,P,A,A,2022-Q3,107.1
Q,IT,P,A,A,2022-Q4,105.8
Q,IT,P,A,A,2023-Q1,103.1
Q,IT,P,A,A,2023-Q2,101.2
Q,IT,P,A,A,2023-Q3,98.4
Q,IT,P,A,A,2023-Q4,98.0
Q,IT,P,A,A,2024-Q1,96.6
Q,IT,P,A,A,2024-Q2,95.8
Q,IT,P,A,A,2024-Q3,94.5
Q,IT,P,A,A,2024-Q4,95.0
Q,IT,P,A,A,2025-Q1,94.7
Q,IT,P,A,A,2025-Q2,95.0
Q,US,P,A,C,2007-Q1,10.0
Q,US,P,A,C,2007-Q2,11.2
Q,US,P,A,C,2007-Q3,11.6
Q,US,P,A,C,2007-Q4,11.6
Q,US,P,A,C,2008-Q1,11.1
Q,US,P,A,C,2008-Q2,9.6
Q,US,P,A,C,2008-Q3,9.1
Q,US,P,A,C,2008-Q4,6.7
Q,US,P,A,C,2009-Q1,5.2
Q,US,P,A,C,2009-Q2,4.8
Q,US,P,A,C,2009-Q3,4.0
Q,US,P,A,C,2009-Q4,1.5
Q,US,P,A,C,2010-Q1,-1.2
Q,US,P,A,C,2010-Q2,-4.3
Q,US,P,A,C,2010-Q3,-6.7
Q,US,P,A,C,2010-Q4,-9.2
Q,US,P,A,C,2011-Q1,-11.0
Q,US,P,A,C,2011-Q2,-12.3
Q,US,P,A,C,2011-Q3,-13.1
Q,US,P,A,C,2011-Q4,-13.8
Q,US,P,A,C,2012-Q1,-15.2
Q,US,P,A,C,2012-Q2,-16.0
Q,US,P,A,C,2012-Q3,-16.1
Q,US,P,A,C,2012-Q4,-16.1
Q,US,P,A,C,2013-Q1,-16.8
Q,US,P,A,C,2013-Q2,-16.4
Q,US,P,A,C,2013-Q3,-16.0
Q,US,P,A,C,2013-Q4,-15.5
Q,US,P,A,C,2014-Q1,-15.2
Q,US,P,A,C,2014-Q2,-15.1
Q,US,P,A,C,2014-Q3,-15.4
Q,US,P,A,C,2014-Q4,-14.7
Q,US,P,A,C,2015-Q1,-14.9
Q,US,P,A,C,2015-Q2,-13.7
Q,US,P,A,C,2015-Q3,-12.9
Q,US,P,A,C,2015-Q4,-12.7
Q,US,P,A,C,2016-Q1,-11.7
Q,US,P,A,C,2016-Q2,-10.7
Q,US,P,A,C,2016-Q3,-9.5
Q,US,P,A,C,2016-Q4,-9.7
Q,US,P,A,C,2017-Q1,-9.1
Q,US,P,A,C,2017-Q2,-8.2
Q,US,P,A,C,2017-Q3,-7.8
Q,US,P,A,C,2017-Q4,-6.9
Q,US,P,A,C,2018-Q1,-7.5
Q,US,P,A,C,2018-Q2,-6.6
Q,US,P,A,C,2018-Q3,-6.9
Q,US,P,A,C,2018-Q4,-6.6
Q,US,P,A,C,2019-Q1,-6.4
Q,US,P,A,C,2019-Q2,-5.9
Q,US,P,A,C,2019-Q3,-5.6
Q,US,P,A,C,2019-Q4,-5.9
Q,US,P,A,C,2020-Q1,-2.7
Q,US,P,A,C,2020-Q2,2.8
Q,US,P,A,C,2020-Q3,3.6
Q,US,P,A,C,2020-Q4,4.5
Q,US,P,A,C,2021-Q1,4.4
Q,US,P,A,C,2021-Q2,2.2
Q,US,P,A,C,2021-Q3,0.3
Q,US,P,A,C,2021-Q4,-1.1
Q,US,P,A,C,2022-Q1,-2.4
Q,US,P,A,C,2022-Q2,-3.5
Q,US,P,A,C,2022-Q3,-5.1
Q,US,P,A,C,2022-Q4,-6.4
Q,US,P,A,C,2023-Q1,-7.8
Q,US,P,A,C,2023-Q2,-8.9
Q,US,P,A,C,2023-Q3,-10.0
Q,US,P,A,C,2023-Q4,-10.8
Q,US,P,A,C,2024-Q1,-11.2
Q,US,P,A,C,2024-Q2,-11.4
Q,US,P,A,C,2024-Q3,-11.3
Q,US,P,A,C,2024-Q4,-12.6
Q,US,P,A,C,2025-Q1,-12.8
Q,US,P,A,C,2025-Q2,-12.6
Q,GB,P,A,C,2007-Q1,5.0
Q,GB,P,A,C,2007-Q2,4.2
Q,GB,P,A,C,2007-Q3,6.0
Q,GB,P,A,C,2007-Q4,5.8
Q,GB,P,A,C,2008-Q1,7.2
Q,GB,P,A,C,2008-Q2,5.2
Q,GB,P,A,C,2008-Q3,4.5
Q,GB,P,A,C,2008-Q4,8.8
Q,GB,P,A,C,2009-Q1,6.8
Q,GB,P,A,C,2009-Q2,2.1
Q,GB,P,A,C,2009-Q3,4.2
Q,GB,P,A,C,2009-Q4,2.8
Q,GB,P,A,C,2010-Q1,2.6
Q,GB,P,A,C,2010-Q2,-2.3
Q,GB,P,A,C,2010-Q3,-3.8
Q,GB,P,A,C,2010-Q4,-9.1
Q,GB,P,A,C,2011-Q1,-11.0
Q,GB,P,A,C,2011-Q2,-12.1
Q,GB,P,A,C,2011-Q3,-13.5
Q,GB,P,A,C,2011-Q4,-15.6
Q,GB,P,A,C,2012-Q1,-13.8
Q,GB,P,A,C,2012-Q2,-13.3
Q,GB,P,A,C,2012-Q3,-13.5
Q,GB,P,A,C,2012-Q4,-16.0
Q,GB,P,A,C,2013-Q1,-18.1
Q,GB,P,A,C,2013-Q2,-16.9
Q,GB,P,A,C,2013-Q3,-19.1
Q,GB,P,A,C,2013-Q4,-21.2
Q,GB,P,A,C,2014-Q1,-23.6
Q,GB,P,A,C,2014-Q2,-25.3
Q,GB,P,A,C,2014-Q3,-26.0
Q,GB,P,A,C,2014-Q4,-26.8
Q,GB,P,A,C,2015-Q1,-25.6
Q,GB,P,A,C,2015-Q2,-28.0
Q,GB,P,A,C,2015-Q3,-26.6
Q,GB,P,A,C,2015-Q4,-25.4
Q,GB,P,A,C,2016-Q1,-23.9
Q,GB,P,A,C,2016-Q2,-19.9
Q,GB,P,A,C,2016-Q3,-17.3
Q,GB,P,A,C,2016-Q4,-17.4
Q,GB,P,A,C,2017-Q1,-16.5
Q,GB,P,A,C,2017-Q2,-17.4
Q,GB,P,A,C,2017-Q3,-16.2
Q,GB,P,A,C,2017-Q4,-15.0
Q,GB,P,A,C,2018-Q1,-16.7
Q,GB,P,A,C,2018-Q2,-16.9
Q,GB,P,A,C,2018-Q3,-17.8
Q,GB,P,A,C,2018-Q4,-17.8
Q,GB,P,A,C,2019-Q1,-19.3
Q,GB,P,A,C,2019-Q2,-17.3
Q,GB,P,A,C,2019-Q3,-15.2
Q,GB,P,A,C,2019-Q4,-16.1
Q,GB,P,A,C,2020-Q1,-12.0
Q,GB,P,A,C,2020-Q2,-3.1
Q,GB,P,A,C,2020-Q3,0.2
Q,GB,P,A,C,2020-Q4,3.4
Q,GB,P,A,C,2021-Q1,4.2
Q,GB,P,A,C,2021-Q2,-0.7
Q,GB,P,A,C,2021-Q3,-3.3
Q,GB,P,A,C,2021-Q4,-6.9
Q,GB,P,A,C,2022-Q1,-11.9
Q,GB,P,A,C,2022-Q2,-14.5
Q,GB,P,A,C,2022-Q3,-15.6
Q,GB,P,A,C,2022-Q4,-17.6
Q,GB,P,A,C,2023-Q1,-20.4
Q,GB,P,A,C,2023-Q2,-22.8
Q,GB,P,A,C,2023-Q3,-22.3
Q,GB,P,A,C,2023-Q4,-21.8
Q,GB,P,A,C,2024-Q1,-22.2
Q,GB,P,A,C,2024-Q2,-21.7
Q,GB,P,A,C,2024-Q3,-21.6
Q,GB,P,A,C,2024-Q4,-20.6
Q,GB,P,A,C,2025-Q1,-20.5
Q,GB,P,A,C,2025-Q2,-20.0
Q,US,P,A,B,2007-Q1,155.0
Q,US,P,A,B,2007-Q2,156.3
Q,US,P,A,B,2007-Q3,157.6
Q,US,P,A,B,2007-Q4,159.0
Q,US,P,A,B,2008-Q1,160.3
Q,US,P,A,B,2008-Q2,161.6
Q,US,P,A,B,2008-Q3,162.9
Q,US,P,A,B,2008-Q4,164.0
Q,US,P,A,B,2009-Q1,165.1
Q,US,P,A,B,2009-Q2,166.1
Q,US,P,A,B,2009-Q3,167.1
Q,US,P,A,B,2009-Q4,168.0
Q,US,P,A,B,2010-Q1,168.7
Q,US,P,A,B,2010-Q2,169.3
Q,US,P,A,B,2010-Q3,169.6
Q,US,P,A,B,2010-Q4,169.9
Q,US,P,A,B,2011-Q1,170.0
Q,US,P,A,B,2011-Q2,170.0
Q,US,P,A,B,2011-Q3,170.0
Q,US,P,A,B,2011-Q4,169.9
Q,US,P,A,B,2012-Q1,169.7
Q,US,P,A,B,2012-Q2,169.4
Q,US,P,A,B,2012-Q3,169.1
Q,US,P,A,B,2012-Q4,168.8
Q,US,P,A,B,2013-Q1,168.3
Q,US,P,A,B,2013-Q2,167.9
Q,US,P,A,B,2013-Q3,167.5
Q,US,P,A,B,2013-Q4,167.1
Q,US,P,A,B,2014-Q1,166.7
Q,US,P,A,B,2014-Q2,166.3
Q,US,P,A,B,2014-Q3,165.8
Q,US,P,A,B,2014-Q4,165.3
Q,US,P,A,B,2015-Q1,164.8
Q,US,P,A,B,2015-Q2,164.4
Q,US,P,A,B,2015-Q3,164.0
Q,US,P,A,B,2015-Q4,163.5
Q,US,P,A,B,2016-Q1,163.1
Q,US,P,A,B,2016-Q2,162.8
Q,US,P,A,B,2016-Q3,162.5
Q,US,P,A,B,2016-Q4,162.1
Q,US,P,A,B,2017-Q1,161.8
Q,US,P,A,B,2017-Q2,161.5
Q,US,P,A,B,2017-Q3,161.3
Q,US,P,A,B,2017-Q4,161.0
Q,US,P,A,B,2018-Q1,160.8
Q,US,P,A,B,2018-Q2,160.5
Q,US,P,A,B,2018-Q3,160.3
Q,US,P,A,B,2018-Q4,160.0
Q,US,P,A,B,2019-Q1,159.8
Q,US,P,A,B,2019-Q2,159.5
Q,US,P,A,B,2019-Q3,159.3
Q,US,P,A,B,2019-Q4,159.0
Q,US,P,A,B,2020-Q1,158.9
Q,US,P,A,B,2020-Q2,159.2
Q,US,P,A,B,2020-Q3,159.5
Q,US,P,A,B,2020-Q4,159.8
Q,US,P,A,B,2021-Q1,160.1
Q,US,P,A,B,2021-Q2,160.4
Q,US,P,A,B,2021-Q3,160.5
Q,US,P,A,B,2021-Q4,160.5
Q,US,P,A,B,2022-Q1,160.5
Q,US,P,A,B,2022-Q2,160.4
Q,US,P,A,B,2022-Q3,160.2
Q,US,P,A,B,2022-Q4,159.9
Q,US,P,A,B,2023-Q1,159.5
Q,US,P,A,B,2023-Q2,159.0
Q,US,P,A,B,2023-Q3,158.5
Q,US,P,A,B,2023-Q4,157.9
Q,US,P,A,B,2024-Q1,157.3
Q,US,P,A,B,2024-Q2,156.6
Q,US,P,A,B,2024-Q3,155.9
Q,US,P,A,B,2024-Q4,155.1
Q,US,P,A,B,2025-Q1,154.3
Q,US,P,A,B,2025-Q2,153.5
Q,GB,P,A,B,2007-Q1,165.0
Q,GB,P,A,B,2007-Q2,166.4
Q,GB,P,A,B,2007-Q3,167.9
Q,GB,P,A,B,2007-Q4,169.4
Q,GB,P,A,B,2008-Q1,170.9
Q,GB,P,A,B,2008-Q2,172.4
Q,GB,P,A,B,2008-Q3,173.8
Q,GB,P,A,B,2008-Q4,175.5
Q,GB,P,A,B,2009-Q1,177.1
Q,GB,P,A,B,2009-Q2,178.4
Q,GB,P,A,B,2009-Q3,179.8
Q,GB,P,A,B,2009-Q4,181.2
Q,GB,P,A,B,2010-Q1,182.6
Q,GB,P,A,B,2010-Q2,183.7
Q,GB,P,A,B,2010-Q3,184.6
Q,GB,P,A,B,2010-Q4,185.3
Q,GB,P,A,B,2011-Q1,185.9
Q,GB,P,A,B,2011-Q2,186.4
Q,GB,P,A,B,2011-Q3,186.7
Q,GB,P,A,B,2011-Q4,187.0
Q,GB,P,A,B,2012-Q1,187.3
Q,GB,P,A,B,2012-Q2,187.6
Q,GB,P,A,B,2012-Q3,187.9
Q,GB,P,A,B,2012-Q4,188.0
Q,GB,P,A,B,2013-Q1,188.0
Q,GB,P,A,B,2013-Q2,188.0
Q,GB,P,A,B,2013-Q3,187.8
Q,GB,P,A,B,2013-Q4,187.5
Q,GB,P,A,B,2014-Q1,187.1
Q,GB,P,A,B,2014-Q2,186.5
Q,GB,P,A,B,2014-Q3,185.8
Q,GB,P,A,B,2014-Q4,185.0
Q,GB,P,A,B,2015-Q1,184.2
Q,GB,P,A,B,2015-Q2,183.3
Q,GB,P,A,B,2015-Q3,182.4
Q,GB,P,A,B,2015-Q4,181.5
Q,GB,P,A,B,2016-Q1,180.7
Q,GB,P,A,B,2016-Q2,180.1
Q,GB,P,A,B,2016-Q3,179.6
Q,GB,P,A,B,2016-Q4,179.0
Q,GB,P,A,B,2017-Q1,178.5
Q,GB,P,A,B,2017-Q2,177.9
Q,GB,P,A,B,2017-Q3,177.3
Q,GB,P,A,B,2017-Q4,176.8
Q,GB,P,A,B,2018-Q1,176.2
Q,GB,P,A,B,2018-Q2,175.5
Q,GB,P,A,B,2018-Q3,174.7
Q,GB,P,A,B,2018-Q4,173.9
Q,GB,P,A,B,2019-Q1,173.0
Q,GB,P,A,B,2019-Q2,172.2
Q,GB,P,A,B,2019-Q3,171.5
Q,GB,P,A,B,2019-Q4,170.7
Q,GB,P,A,B,2020-Q1,170.1
Q,GB,P,A,B,2020-Q2,170.0
Q,GB,P,A,B,2020-Q3,170.1
Q,GB,P,A,B,2020-Q4,170.3
Q,GB,P,A,B,2021-Q1,170.7
Q,GB,P,A,B,2021-Q2,170.7
Q,GB,P,A,B,2021-Q3,170.6
Q,GB,P,A,B,2021-Q4,170.3
Q,GB,P,A,B,2022-Q1,169.7
Q,GB,P,A,B,2022-Q2,168.9
Q,GB,P,A,B,2022-Q3,168.0
Q,GB,P,A,B,2022-Q4,167.0
Q,GB,P,A,B,2023-Q1,165.8
Q,GB,P,A,B,2023-Q2,164.4
Q,GB,P,A,B,2023-Q3,163.0
Q,GB,P,A,B,2023-Q4,161.6
Q,GB,P,A,B,2024-Q1,160.2
Q,GB,P,A,B,2024-Q2,158.7
Q,GB,P,A,B,2024-Q3,157.2
Q,GB,P,A,B,2024-Q4,155.8
Q,GB,P,A,B,2025-Q1,154.3
Q,GB,P,A,B,2025-Q2,152.8
Q,FR,P,A,A,2007-Q1,156.1
Q,FR,P,A,A,2007-Q2,158.4
Q,FR,P,A,A,2007-Q3,159.4
Q,FR,P,A,A,2007-Q4,159.4
Q,FR,P,A,A,2008-Q1,160.2
Q,FR,P,A,A,2008-Q2,163.0
Q,FR,P,A,A,2008-Q3,165.4
Q,FR,P,A,A,2008-Q4,166.5
Q,FR,P,A,A,2009-Q1,169.0
Q,FR,P,A,A,2009-Q2,171.1
Q,FR,P,A,A,2009-Q3,172.6
Q,FR,P,A,A,2009-Q4,173.7
Q,FR,P,A,A,2010-Q1,173.4
Q,FR,P,A,A,2010-Q2,172.8
Q,FR,P,A,A,2010-Q3,172.5
Q,FR,P,A,A,2010-Q4,174.0
Q,FR,P,A,A,2011-Q1,174.4
Q,FR,P,A,A,2011-Q2,177.1
Q,FR,P,A,A,2011-Q3,179.4
Q,FR,P,A,A,2011-Q4,180.6
Q,FR,P,A,A,2012-Q1,182.6
Q,FR,P,A,A,2012-Q2,184.7
Q,FR,P,A,A,2012-Q3,184.7
Q,FR,P,A,A,2012-Q4,185.1
Q,FR,P,A,A,2013-Q1,184.9
Q,FR,P,A,A,2013-Q2,183.1
Q,FR,P,A,A,2013-Q3,183.4
Q,FR,P,A,A,2013-Q4,182.8
Q,FR,P,A,A,2014-Q1,184.7
Q,FR,P,A,A,2014-Q2,187.0
Q,FR,P,A,A,2014-Q3,188.3
Q,FR,P,A,A,2014-Q4,189.3
Q,FR,P,A,A,2015-Q1,191.8
Q,FR,P,A,A,2015-Q2,192.1
Q,FR,P,A,A,2015-Q3,192.8
Q,FR,P,A,A,2015-Q4,194.7
Q,FR,P,A,A,2016-Q1,193.7
Q,FR,P,A,A,2016-Q2,196.1
Q,FR,P,A,A,2016-Q3,197.3
Q,FR,P,A,A,2016-Q4,199.0
Q,FR,P,A,A,2017-Q1,201.1
Q,FR,P,A,A,2017-Q2,201.4
Q,FR,P,A,A,2017-Q3,201.2
Q,FR,P,A,A,2017-Q4,201.5
Q,FR,P,A,A,2018-Q1,202.7
Q,FR,P,A,A,2018-Q2,204.7
Q,FR,P,A,A,2018-Q3,205.6
Q,FR,P,A,A,2018-Q4,206.2
Q,FR,P,A,A,2019-Q1,207.9
Q,FR,P,A,A,2019-Q2,209.7
Q,FR,P,A,A,2019-Q3,211.8
Q,FR,P,A,A,2019-Q4,212.0
Q,FR,P,A,A,2020-Q1,216.2
Q,FR,P,A,A,2020-Q2,231.1
Q,FR,P,A,A,2020-Q3,235.7
Q,FR,P,A,A,2020-Q4,239.7
Q,FR,P,A,A,2021-Q1,237.9
Q,FR,P,A,A,2021-Q2,231.3
Q,FR,P,A,A,2021-Q3,229.1
Q,FR,P,A,A,2021-Q4,227.8
Q,FR,P,A,A,2022-Q1,226.2
Q,FR,P,A,A,2022-Q2,225.3
Q,FR,P,A,A,2022-Q3,226.0
Q,FR,P,A,A,2022-Q4,224.9
Q,FR,P,A,A,2023-Q1,223.2
Q,FR,P,A,A,2023-Q2,220.4
Q,FR,P,A,A,2023-Q3,218.1
Q,FR,P,A,A,2023-Q4,216.6
Q,FR,P,A,A,2024-Q1,214.2
Q,FR,P,A,A,2024-Q2,214.3
Q,FR,P,A,A,2024-Q3,213.4
Q,FR,P,A,A,2024-Q4,213.8
Q,FR,P,A,A,2025-Q1,214.7
Q,FR,P,A,A,2025-Q2,214.9
Q,FR,P,A,B,2007-Q1,152.7
Q,FR,P,A,B,2007-Q2,153.5
Q,FR,P,A,B,2007-Q3,154.3
Q,FR,P,A,B,2007-Q4,155.0
Q,FR,P,A,B,2008-Q1,155.8
Q,FR,P,A,B,2008-Q2,156.6
Q,FR,P,A,B,2008-Q3,157.6
Q,FR,P,A,B,2008-Q4,158.6
Q,FR,P,A,B,2009-Q1,159.7
Q,FR,P,A,B,2009-Q2,160.8
Q,FR,P,A,B,2009-Q3,162.0
Q,FR,P,A,B,2009-Q4,163.2
Q,FR,P,A,B,2010-Q1,164.4
Q,FR,P,A,B,2010-Q2,165.4
Q,FR,P,A,B,2010-Q3,166.4
Q,FR,P,A,B,2010-Q4,167.4
Q,FR,P,A,B,2011-Q1,168.4
Q,FR,P,A,B,2011-Q2,169.6
Q,FR,P,A,B,2011-Q3,170.7
Q,FR,P,A,B,2011-Q4,171.9
Q,FR,P,A,B,2012-Q1,173.2
Q,FR,P,A,B,2012-Q2,174.5
Q,FR,P,A,B,2012-Q3,175.8
Q,FR,P,A,B,2012-Q4,177.0
Q,FR,P,A,B,2013-Q1,178.1
Q,FR,P,A,B,2013-Q2,179.1
Q,FR,P,A,B,2013-Q3,180.1
Q,FR,P,A,B,2013-Q4,181.0
Q,FR,P,A,B,2014-Q1,182.0
Q,FR,P,A,B,2014-Q2,183.0
Q,FR,P,A,B,2014-Q3,184.0
Q,FR,P,A,B,2014-Q4,185.1
Q,FR,P,A,B,2015-Q1,186.2
Q,FR,P,A,B,2015-Q2,187.4
Q,FR,P,A,B,2015-Q3,188.4
Q,FR,P,A,B,2015-Q4,189.6
Q,FR,P,A,B,2016-Q1,190.6
Q,FR,P,A,B,2016-Q2,191.7
Q,FR,P,A,B,2016-Q3,192.8
Q,FR,P,A,B,2016-Q4,194.0
Q,FR,P,A,B,2017-Q1,195.2
Q,FR,P,A,B,2017-Q2,196.4
Q,FR,P,A,B,2017-Q3,197.5
Q,FR,P,A,B,2017-Q4,198.6
Q,FR,P,A,B,2018-Q1,199.7
Q,FR,P,A,B,2018-Q2,200.8
Q,FR,P,A,B,2018-Q3,201.9
Q,FR,P,A,B,2018-Q4,203.0
Q,FR,P,A,B,2019-Q1,204.2
Q,FR,P,A,B,2019-Q2,205.4
Q,FR,P,A,B,2019-Q3,206.6
Q,FR,P,A,B,2019-Q4,207.8
Q,FR,P,A,B,2020-Q1,209.2
Q,FR,P,A,B,2020-Q2,211.3
Q,FR,P,A,B,2020-Q3,213.6
Q,FR,P,A,B,2020-Q4,216.0
Q,FR,P,A,B,2021-Q1,218.2
Q,FR,P,A,B,2021-Q2,220.0
Q,FR,P,A,B,2021-Q3,221.5
Q,FR,P,A,B,2021-Q4,222.9
Q,FR,P,A,B,2022-Q1,224.2
Q,FR,P,A,B,2022-Q2,225.4
Q,FR,P,A,B,2022-Q3,226.5
Q,FR,P,A,B,2022-Q4,227.5
Q,FR,P,A,B,2023-Q1,228.3
Q,FR,P,A,B,2023-Q2,229.0
Q,FR,P,A,B,2023-Q3,229.4
Q,FR,P,A,B,2023-Q4,229.8
Q,FR,P,A,B,2024-Q1,229.9
Q,FR,P,A,B,2024-Q2,230.1
Q,FR,P,A,B,2024-Q3,230.2
Q,FR,P,A,B,2024-Q4,230.2
Q,FR,P,A,B,2025-Q1,230.3
Q,FR,P,A,B,2025-Q2,230.3
Q,FR,P,A,C,2007-Q1,3.4
Q,FR,P,A,C,2007-Q2,5.0
Q,FR,P,A,C,2007-Q3,5.1
Q,FR,P,A,C,2007-Q4,4.4
Q,FR,P,A,C,2008-Q1,4.4
Q,FR,P,A,C,2008-Q2,6.4
Q,FR,P,A,C,2008-Q3,7.8
Q,FR,P,A,C,2008-Q4,7.9
Q,FR,P,A,C,2009-Q1,9.3
Q,FR,P,A,C,2009-Q2,10.2
Q,FR,P,A,C,2009-Q3,10.6
Q,FR,P,A,C,2009-Q4,10.5
Q,FR,P,A,C,2010-Q1,9.0
Q,FR,P,A,C,2010-Q2,7.4
Q,FR,P,A,C,2010-Q3,6.0
Q,FR,P,A,C,2010-Q4,6.5
Q,FR,P,A,C,2011-Q1,6.0
Q,FR,P,A,C,2011-Q2,7.5
Q,FR,P,A,C,2011-Q3,8.7
Q,FR,P,A,C,2011-Q4,8.7
Q,FR,P,A,C,2012-Q1,9.4
Q,FR,P,A,C,2012-Q2,10.2
Q,FR,P,A,C,2012-Q3,8.9
Q,FR,P,A,C,2012-Q4,8.1
Q,FR,P,A,C,2013-Q1,6.7
Q,FR,P,A,C,2013-Q2,3.9
Q,FR,P,A,C,2013-Q3,3.3
Q,FR,P,A,C,2013-Q4,1.8
Q,FR,P,A,C,2014-Q1,2.7
Q,FR,P,A,C,2014-Q2,4.0
Q,FR,P,A,C,2014-Q3,4.2
Q,FR,P,A,C,2014-Q4,4.2
Q,FR,P,A,C,2015-Q1,5.6
Q,FR,P,A,C,2015-Q2,4.8
Q,FR,P,A,C,2015-Q3,4.4
Q,FR,P,A,C,2015-Q4,5.1
Q,FR,P,A,C,2016-Q1,3.1
Q,FR,P,A,C,2016-Q2,4.4
Q,FR,P,A,C,2016-Q3,4.5
Q,FR,P,A,C,2016-Q4,5.0
Q,FR,P,A,C,2017-Q1,5.9
Q,FR,P,A,C,2017-Q2,5.0
Q,FR,P,A,C,2017-Q3,3.7
Q,FR,P,A,C,2017-Q4,2.9
Q,FR,P,A,C,2018-Q1,3.1
Q,FR,P,A,C,2018-Q2,3.9
Q,FR,P,A,C,2018-Q3,3.7
Q,FR,P,A,C,2018-Q4,3.2
Q,FR,P,A,C,2019-Q1,3.7
Q,FR,P,A,C,2019-Q2,4.3
Q,FR,P,A,C,2019-Q3,5.2
Q,FR,P,A,C,2019-Q4,4.2
Q,FR,P,A,C,2020-Q1,7.0
Q,FR,P,A,C,2020-Q2,19.8
Q,FR,P,A,C,2020-Q3,22.1
Q,FR,P,A,C,2020-Q4,23.8
Q,FR,P,A,C,2021-Q1,19.7
Q,FR,P,A,C,2021-Q2,11.3
Q,FR,P,A,C,2021-Q3,7.6
Q,FR,P,A,C,2021-Q4,4.8
Q,FR,P,A,C,2022-Q1,2.0
Q,FR,P,A,C,2022-Q2,-0.1
Q,FR,P,A,C,2022-Q3,-0.5
Q,FR,P,A,C,2022-Q4,-2.6
Q,FR,P,A,C,2023-Q1,-5.1
Q,FR,P,A,C,2023-Q2,-8.6
Q,FR,P,A,C,2023-Q3,-11.3
Q,FR,P,A,C,2023-Q4,-13.2
Q,FR,P,A,C,2024-Q1,-15.8
Q,FR,P,A,C,2024-Q2,-15.8
Q,FR,P,A,C,2024-Q3,-16.7
Q,FR,P,A,C,2024-Q4,-16.4
Q,FR,P,A,C,2025-Q1,-15.6
Q,FR,P,A,C,2025-Q2,-15.4
Q,AU,P,A,B,2007-Q1,163.5
Q,AU,P,A,B,2007-Q2,165.4
Q,AU,P,A,B,2007-Q3,167.4
Q,AU,P,A,B,2007-Q4,169.4
Q,AU,P,A,B,2008-Q1,171.5
Q,AU,P,A,B,2008-Q2,173.4
Q,AU,P,A,B,2008-Q3,175.2
Q,AU,P,A,B,2008-Q4,177.0
Q,AU,P,A,B,2009-Q1,178.5
Q,AU,P,A,B,2009-Q2,179.9
Q,AU,P,A,B,2009-Q3,181.3
Q,AU,P,A,B,2009-Q4,182.6
Q,AU,P,A,B,2010-Q1,183.9
Q,AU,P,A,B,2010-Q2,185.0
Q,AU,P,A,B,2010-Q3,185.9
Q,AU,P,A,B,2010-Q4,186.6
Q,AU,P,A,B,2011-Q1,187.1
Q,AU,P,A,B,2011-Q2,187.5
Q,AU,P,A,B,2011-Q3,187.8
Q,AU,P,A,B,2011-Q4,188.0
Q,AU,P,A,B,2012-Q1,188.2
Q,AU,P,A,B,2012-Q2,188.4
Q,AU,P,A,B,2012-Q3,188.6
Q,AU,P,A,B,2012-Q4,188.9
Q,AU,P,A,B,2013-Q1,189.1
Q,AU,P,A,B,2013-Q2,189.4
Q,AU,P,A,B,2013-Q3,189.7
Q,AU,P,A,B,2013-Q4,190.1
Q,AU,P,A,B,2014-Q1,190.4
Q,AU,P,A,B,2014-Q2,190.8
Q,AU,P,A,B,2014-Q3,191.3
Q,AU,P,A,B,2014-Q4,191.8
Q,AU,P,A,B,2015-Q1,192.6
Q,AU,P,A,B,2015-Q2,193.4
Q,AU,P,A,B,2015-Q3,194.4
Q,AU,P,A,B,2015-Q4,195.3
Q,AU,P,A,B,2016-Q1,196.3
Q,AU,P,A,B,2016-Q2,197.3
Q,AU,P,A,B,2016-Q3,198.3
Q,AU,P,A,B,2016-Q4,199.1
Q,AU,P,A,B,2017-Q1,199.7
Q,AU,P,A,B,2017-Q2,200.3
Q,AU,P,A,B,2017-Q3,200.7
Q,AU,P,A,B,2017-Q4,201.1
Q,AU,P,A,B,2018-Q1,201.6
Q,AU,P,A,B,2018-Q2,201.9
Q,AU,P,A,B,2018-Q3,202.3
Q,AU,P,A,B,2018-Q4,202.6
Q,AU,P,A,B,2019-Q1,202.8
Q,AU,P,A,B,2019-Q2,202.9
Q,AU,P,A,B,2019-Q3,202.9
Q,AU,P,A,B,2019-Q4,202.9
Q,AU,P,A,B,2020-Q1,203.0
Q,AU,P,A,B,2020-Q2,203.1
Q,AU,P,A,B,2020-Q3,203.2
Q,AU,P,A,B,2020-Q4,203.1
Q,AU,P,A,B,2021-Q1,203.1
Q,AU,P,A,B,2021-Q2,202.7
Q,AU,P,A,B,2021-Q3,202.2
Q,AU,P,A,B,2021-Q4,201.6
Q,AU,P,A,B,2022-Q1,200.8
Q,AU,P,A,B,2022-Q2,200.0
Q,AU,P,A,B,2022-Q3,199.0
Q,AU,P,A,B,2022-Q4,197.9
Q,AU,P,A,B,2023-Q1,196.6
Q,AU,P,A,B,2023-Q2,195.4
Q,AU,P,A,B,2023-Q3,194.2
Q,AU,P,A,B,2023-Q4,193.1
Q,AU,P,A,B,2024-Q1,192.0
Q,AU,P,A,B,2024-Q2,191.0
Q,AU,P,A,B,2024-Q3,190.0
Q,AU,P,A,B,2024-Q4,189.2
Q,AU,P,A,B,2025-Q1,188.5
Q,AU,P,A,B,2025-Q2,187.8
Q,AU,P,A,C,2007-Q1,15.7
Q,AU,P,A,C,2007-Q2,16.4
Q,AU,P,A,C,2007-Q3,18.0
Q,AU,P,A,C,2007-Q4,18.0
Q,AU,P,A,C,2008-Q1,17.0
Q,AU,P,A,C,2008-Q2,15.2
Q,AU,P,A,C,2008-Q3,12.7
Q,AU,P,A,C,2008-Q4,11.1
Q,AU,P,A,C,2009-Q1,7.2
Q,AU,P,A,C,2009-Q2,4.5
Q,AU,P,A,C,2009-Q3,4.2
Q,AU,P,A,C,2009-Q4,3.7
Q,AU,P,A,C,2010-Q1,2.0
Q,AU,P,A,C,2010-Q2,-0.7
Q,AU,P,A,C,2010-Q3,-4.4
Q,AU,P,A,C,2010-Q4,-8.7
Q,AU,P,A,C,2011-Q1,-10.6
Q,AU,P,A,C,2011-Q2,-12.9
Q,AU,P,A,C,2011-Q3,-13.2
Q,AU,P,A,C,2011-Q4,-14.7
Q,AU,P,A,C,2012-Q1,-14.9
Q,AU,P,A,C,2012-Q2,-14.1
Q,AU,P,A,C,2012-Q3,-13.9
Q,AU,P,A,C,2012-Q4,-13.4
Q,AU,P,A,C,2013-Q1,-13.3
Q,AU,P,A,C,2013-Q2,-10.2
Q,AU,P,A,C,2013-Q3,-10.6
Q,AU,P,A,C,2013-Q4,-8.7
Q,AU,P,A,C,2014-Q1,-10.1
Q,AU,P,A,C,2014-Q2,-8.5
Q,AU,P,A,C,2014-Q3,-6.9
Q,AU,P,A,C,2014-Q4,-5.0
Q,AU,P,A,C,2015-Q1,-1.6
Q,AU,P,A,C,2015-Q2,0.2
Q,AU,P,A,C,2015-Q3,1.7
Q,AU,P,A,C,2015-Q4,1.8
Q,AU,P,A,C,2016-Q1,2.5
Q,AU,P,A,C,2016-Q2,2.8
Q,AU,P,A,C,2016-Q3,1.9
Q,AU,P,A,C,2016-Q4,-0.2
Q,AU,P,A,C,2017-Q1,-4.2
Q,AU,P,A,C,2017-Q2,-5.0
Q,AU,P,A,C,2017-Q3,-7.0
Q,AU,P,A,C,2017-Q4,-7.0
Q,AU,P,A,C,2018-Q1,-6.7
Q,AU,P,A,C,2018-Q2,-7.7
Q,AU,P,A,C,2018-Q3,-8.0
Q,AU,P,A,C,2018-Q4,-8.7
Q,AU,P,A,C,2019-Q1,-9.6
Q,AU,P,A,C,2019-Q2,-10.8
Q,AU,P,A,C,2019-Q3,-12.1
Q,AU,P,A,C,2019-Q4,-13.3
Q,AU,P,A,C,2020-Q1,-10.3
Q,AU,P,A,C,2020-Q2,-10.1
Q,AU,P,A,C,2020-Q3,-9.8
Q,AU,P,A,C,2020-Q4,-11.4
Q,AU,P,A,C,2021-Q1,-12.2
Q,AU,P,A,C,2021-Q2,-16.5
Q,AU,P,A,C,2021-Q3,-18.5
Q,AU,P,A,C,2021-Q4,-20.2
Q,AU,P,A,C,2022-Q1,-22.2
Q,AU,P,A,C,2022-Q2,-22.7
Q,AU,P,A,C,2022-Q3,-24.6
Q,AU,P,A,C,2022-Q4,-27.1
Q,AU,P,A,C,2023-Q1,-27.7
Q,AU,P,A,C,2023-Q2,-26.5
Q,AU,P,A,C,2023-Q3,-25.3
Q,AU,P,A,C,2023-Q4,-23.9
Q,AU,P,A,C,2024-Q1,-21.7
Q,AU,P,A,C,2024-Q2,-20.2
Q,AU,P,A,C,2024-Q3,-18.7
Q,AU,P,A,C,2024-Q4,-15.6
Q,AU,P,A,C,2025-Q1,-14.0
Q,AU,P,A,C,2025-Q2,-12.4
Q,KR,P,A,A,2007-Q1,144.1
Q,KR,P,A,A,2007-Q2,145.7
Q,KR,P,A,A,2007-Q3,146.6
Q,KR,P,A,A,2007-Q4,147.9
Q,KR,P,A,A,2008-Q1,151.3
Q,KR,P,A,A,2008-Q2,154.9
Q,KR,P,A,A,2008-Q3,158.0
Q,KR,P,A,A,2008-Q4,161.5
Q,KR,P,A,A,2009-Q1,163.7
Q,KR,P,A,A,2009-Q2,166.1
Q,KR,P,A,A,2009-Q3,167.2
Q,KR,P,A,A,2009-Q4,166.6
Q,KR,P,A,A,2010-Q1,164.6
Q,KR,P,A,A,2010-Q2,164.1
Q,KR,P,A,A,2010-Q3,163.4
Q,KR,P,A,A,2010-Q4,161.8
Q,KR,P,A,A,2011-Q1,162.1
Q,KR,P,A,A,2011-Q2,163.2
Q,KR,P,A,A,2011-Q3,165.8
Q,KR,P,A,A,2011-Q4,165.7
Q,KR,P,A,A,2012-Q1,166.1
Q,KR,P,A,A,2012-Q2,167.2
Q,KR,P,A,A,2012-Q3,168.7
Q,KR,P,A,A,2012-Q4,167.8
Q,KR,P,A,A,2013-Q1,169.7
Q,KR,P,A,A,2013-Q2,169.8
Q,KR,P,A,A,2013-Q3,169.4
Q,KR,P,A,A,2013-Q4,168.4
Q,KR,P,A,A,2014-Q1,168.6
Q,KR,P,A,A,2014-Q2,168.7
Q,KR,P,A,A,2014-Q3,170.6
Q,KR,P,A,A,2014-Q4,171.3
Q,KR,P,A,A,2015-Q1,171.2
Q,KR,P,A,A,2015-Q2,171.2
Q,KR,P,A,A,2015-Q3,172.2
Q,KR,P,A,A,2015-Q4,172.3
Q,KR,P,A,A,2016-Q1,172.0
Q,KR,P,A,A,2016-Q2,172.3
Q,KR,P,A,A,2016-Q3,172.2
Q,KR,P,A,A,2016-Q4,172.6
Q,KR,P,A,A,2017-Q1,171.9
Q,KR,P,A,A,2017-Q2,173.2
Q,KR,P,A,A,2017-Q3,173.0
Q,KR,P,A,A,2017-Q4,172.6
Q,KR,P,A,A,2018-Q1,173.4
Q,KR,P,A,A,2018-Q2,174.4
Q,KR,P,A,A,2018-Q3,176.2
Q,KR,P,A,A,2018-Q4,177.2
Q,KR,P,A,A,2019-Q1,178.4
Q,KR,P,A,A,2019-Q2,180.9
Q,KR,P,A,A,2019-Q3,183.1
Q,KR,P,A,A,2019-Q4,185.1
Q,KR,P,A,A,2020-Q1,188.5
Q,KR,P,A,A,2020-Q2,193.9
Q,KR,P,A,A,2020-Q3,198.1
Q,KR,P,A,A,2020-Q4,200.6
Q,KR,P,A,A,2021-Q1,202.7
Q,KR,P,A,A,2021-Q2,204.0
Q,KR,P,A,A,2021-Q3,205.2
Q,KR,P,A,A,2021-Q4,205.6
Q,KR,P,A,A,2022-Q1,204.9
Q,KR,P,A,A,2022-Q2,206.3
Q,KR,P,A,A,2022-Q3,208.3
Q,KR,P,A,A,2022-Q4,209.0
Q,KR,P,A,A,2023-Q1,208.4
Q,KR,P,A,A,2023-Q2,208.2
Q,KR,P,A,A,2023-Q3,208.6
Q,KR,P,A,A,2023-Q4,205.9
Q,KR,P,A,A,2024-Q1,203.4
Q,KR,P,A,A,2024-Q2,202.0
Q,KR,P,A,A,2024-Q3,201.3
Q,KR,P,A,A,2024-Q4,200.3
Q,KR,P,A,A,2025-Q1,200.8
Q,KR,P,A,A,2025-Q2,200.5
Q,IT,P,A,C,2007-Q1,11.9
Q,IT,P,A,C,2007-Q2,13.1
Q,IT,P,A,C,2007-Q3,12.7
Q,IT,P,A,C,2007-Q4,15.0
Q,IT,P,A,C,2008-Q1,16.9
Q,IT,P,A,C,2008-Q2,15.8
Q,IT,P,A,C,2008-Q3,14.4
Q,IT,P,A,C,2008-Q4,12.5
Q,IT,P,A,C,2009-Q1,14.4
Q,IT,P,A,C,2009-Q2,16.5
Q,IT,P,A,C,2009-Q3,15.3
Q,IT,P,A,C,2009-Q4,14.5
Q,IT,P,A,C,2010-Q1,13.1
Q,IT,P,A,C,2010-Q2,12.0
Q,IT,P,A,C,2010-Q3,10.7
Q,IT,P,A,C,2010-Q4,9.3
Q,IT,P,A,C,2011-Q1,7.7
Q,IT,P,A,C,2011-Q2,6.7
Q,IT,P,A,C,2011-Q3,5.0
Q,IT,P,A,C,2011-Q4,3.2
Q,IT,P,A,C,2012-Q1,2.7
Q,IT,P,A,C,2012-Q2,2.3
Q,IT,P,A,C,2012-Q3,1.3
Q,IT,P,A,C,2012-Q4,1.2
Q,IT,P,A,C,2013-Q1,-0.3
Q,IT,P,A,C,2013-Q2,-1.5
Q,IT,P,A,C,2013-Q3,-2.7
Q,IT,P,A,C,2013-Q4,-4.1
Q,IT,P,A,C,2014-Q1,-5.0
Q,IT,P,A,C,2014-Q2,-5.6
Q,IT,P,A,C,2014-Q3,-6.5
Q,IT,P,A,C,2014-Q4,-8.2
Q,IT,P,A,C,2015-Q1,-8.5
Q,IT,P,A,C,2015-Q2,-9.6
Q,IT,P,A,C,2015-Q3,-10.7
Q,IT,P,A,C,2015-Q4,-13.0
Q,IT,P,A,C,2016-Q1,-14.2
Q,IT,P,A,C,2016-Q2,-13.9
Q,IT,P,A,C,2016-Q3,-14.8
Q,IT,P,A,C,2016-Q4,-16.6
Q,IT,P,A,C,2017-Q1,-16.6
Q,IT,P,A,C,2017-Q2,-17.3
Q,IT,P,A,C,2017-Q3,-18.4
Q,IT,P,A,C,2017-Q4,-17.9
Q,IT,P,A,C,2018-Q1,-18.4
Q,IT,P,A,C,2018-Q2,-17.7
Q,IT,P,A,C,2018-Q3,-17.7
Q,IT,P,A,C,2018-Q4,-17.6
Q,IT,P,A,C,2019-Q1,-17.8
Q,IT,P,A,C,2019-Q2,-17.2
Q,IT,P,A,C,2019-Q3,-16.5
Q,IT,P,A,C,2019-Q4,-16.4
Q,IT,P,A,C,2020-Q1,-14.3
Q,IT,P,A,C,2020-Q2,-8.3
Q,IT,P,A,C,2020-Q3,-5.3
Q,IT,P,A,C,2020-Q4,-3.3
Q,IT,P,A,C,2021-Q1,-3.6
Q,IT,P,A,C,2021-Q2,-7.9
Q,IT,P,A,C,2021-Q3,-10.1
Q,IT,P,A,C,2021-Q4,-10.2
Q,IT,P,A,C,2022-Q1,-12.4
Q,IT,P,A,C,2022-Q2,-13.7
Q,IT,P,A,C,2022-Q3,-14.5
Q,IT,P,A,C,2022-Q4,-15.2
Q,IT,P,A,C,2023-Q1,-17.1
Q,IT,P,A,C,2023-Q2,-18.0
Q,IT,P,A,C,2023-Q3,-19.9
Q,IT,P,A,C,2023-Q4,-19.2
Q,IT,P,A,C,2024-Q1,-19.5
Q,IT,P,A,C,2024-Q2,-19.3
Q,IT,P,A,C,2024-Q3,-19.4
Q,IT,P,A,C,2024-Q4,-17.8
Q,IT,P,A,C,2025-Q1,-17.1
Q,IT,P,A,C,2025-Q2,-15.8
Q,IT,P,A,B,2007-Q1,92.3
Q,IT,P,A,B,2007-Q2,93.6
Q,IT,P,A,B,2007-Q3,94.9
Q,IT,P,A,B,2007-Q4,96.3
Q,IT,P,A,B,2008-Q1,97.9
Q,IT,P,A,B,2008-Q2,99.5
Q,IT,P,A,B,2008-Q3,101.0
Q,IT,P,A,B,2008-Q4,102.4
Q,IT,P,A,B,2009-Q1,103.9
Q,IT,P,A,B,2009-Q2,105.6
Q,IT,P,A,B,2009-Q3,107.3
Q,IT,P,A,B,2009-Q4,108.9
Q,IT,P,A,B,2010-Q1,110.4
Q,IT,P,A,B,2010-Q2,112.0
Q,IT,P,A,B,2010-Q3,113.4
Q,IT,P,A,B,2010-Q4,114.8
Q,IT,P,A,B,2011-Q1,116.2
Q,IT,P,A,B,2011-Q2,117.4
Q,IT,P,A,B,2011-Q3,118.6
Q,IT,P,A,B,2011-Q4,119.7
Q,IT,P,A,B,2012-Q1,120.8
Q,IT,P,A,B,2012-Q2,121.8
Q,IT,P,A,B,2012-Q3,122.8
Q,IT,P,A,B,2012-Q4,123.8
Q,IT,P,A,B,2013-Q1,124.8
Q,IT,P,A,B,2013-Q2,125.6
Q,IT,P,A,B,2013-Q3,126.4
Q,IT,P,A,B,2013-Q4,127.1
Q,IT,P,A,B,2014-Q1,127.7
Q,IT,P,A,B,2014-Q2,128.3
Q,IT,P,A,B,2014-Q3,128.8
Q,IT,P,A,B,2014-Q4,129.2
Q,IT,P,A,B,2015-Q1,129.6
Q,IT,P,A,B,2015-Q2,129.9
Q,IT,P,A,B,2015-Q3,130.1
Q,IT,P,A,B,2015-Q4,130.2
Q,IT,P,A,B,2016-Q1,130.2
Q,IT,P,A,B,2016-Q2,130.1
Q,IT,P,A,B,2016-Q3,130.0
Q,IT,P,A,B,2016-Q4,129.8
Q,IT,P,A,B,2017-Q1,129.6
Q,IT,P,A,B,2017-Q2,129.3
Q,IT,P,A,B,2017-Q3,128.8
Q,IT,P,A,B,2017-Q4,128.4
Q,IT,P,A,B,2018-Q1,128.0
Q,IT,P,A,B,2018-Q2,127.5
Q,IT,P,A,B,2018-Q3,127.0
Q,IT,P,A,B,2018-Q4,126.5
Q,IT,P,A,B,2019-Q1,126.0
Q,IT,P,A,B,2019-Q2,125.4
Q,IT,P,A,B,2019-Q3,124.9
Q,IT,P,A,B,2019-Q4,124.3
Q,IT,P,A,B,2020-Q1,123.9
Q,IT,P,A,B,2020-Q2,123.7
Q,IT,P,A,B,2020-Q3,123.8
Q,IT,P,A,B,2020-Q4,123.9
Q,IT,P,A,B,2021-Q1,124.0
Q,IT,P,A,B,2021-Q2,123.9
Q,IT,P,A,B,2021-Q3,123.6
Q,IT,P,A,B,2021-Q4,123.3
Q,IT,P,A,B,2022-Q1,122.8
Q,IT,P,A,B,2022-Q2,122.3
Q,IT,P,A,B,2022-Q3,121.7
Q,IT,P,A,B,2022-Q4,121.0
Q,IT,P,A,B,2023-Q1,120.2
Q,IT,P,A,B,2023-Q2,119.3
Q,IT,P,A,B,2023-Q3,118.2
Q,IT,P,A,B,2023-Q4,117.2
Q,IT,P,A,B,2024-Q1,116.1
Q,IT,P,A,B,2024-Q2,115.0
Q,IT,P,A,B,2024-Q3,113.9
Q,IT,P,A,B,2024-Q4,112.8
Q,IT,P,A,B,2025-Q1,111.8
Q,IT,P,A,B,2025-Q2,110.8
Q,JP,P,A,A,2007-Q1,162.1
Q,JP,P,A,A,2007-Q2,159.1
Q,JP,P,A,A,2007-Q3,159.7
Q,JP,P,A,A,2007-Q4,160.8
Q,JP,P,A,A,2008-Q1,158.9
Q,JP,P,A,A,2008-Q2,161.1
Q,JP,P,A,A,2008-Q3,161.7
Q,JP,P,A,A,2008-Q4,165.9
Q,JP,P,A,A,2009-Q1,167.5
Q,JP,P,A,A,2009-Q2,169.3
Q,JP,P,A,A,2009-Q3,171.1
Q,JP,P,A,A,2009-Q4,172.3
Q,JP,P,A,A,2010-Q1,169.1
Q,JP,P,A,A,2010-Q2,167.3
Q,JP,P,A,A,2010-Q3,164.9
Q,JP,P,A,A,2010-Q4,163.4
Q,JP,P,A,A,2011-Q1,162.4
Q,JP,P,A,A,2011-Q2,162.3
Q,JP,P,A,A,2011-Q3,163.1
Q,JP,P,A,A,2011-Q4,163.5
Q,JP,P,A,A,2012-Q1,162.4
Q,JP,P,A,A,2012-Q2,159.3
Q,JP,P,A,A,2012-Q3,160.4
Q,JP,P,A,A,2012-Q4,161.7
Q,JP,P,A,A,2013-Q1,161.8
Q,JP,P,A,A,2013-Q2,160.5
Q,JP,P,A,A,2013-Q3,160.2
Q,JP,P,A,A,2013-Q4,160.3
Q,JP,P,A,A,2014-Q1,159.3
Q,JP,P,A,A,2014-Q2,157.5
Q,JP,P,A,A,2014-Q3,157.7
Q,JP,P,A,A,2014-Q4,158.5
Q,JP,P,A,A,2015-Q1,157.2
Q,JP,P,A,A,2015-Q2,154.7
Q,JP,P,A,A,2015-Q3,154.0
Q,JP,P,A,A,2015-Q4,154.4
Q,JP,P,A,A,2016-Q1,153.1
Q,JP,P,A,A,2016-Q2,153.6
Q,JP,P,A,A,2016-Q3,155.0
Q,JP,P,A,A,2016-Q4,156.4
Q,JP,P,A,A,2017-Q1,157.1
Q,JP,P,A,A,2017-Q2,156.4
Q,JP,P,A,A,2017-Q3,156.4
Q,JP,P,A,A,2017-Q4,156.9
Q,JP,P,A,A,2018-Q1,156.2
Q,JP,P,A,A,2018-Q2,156.9
Q,JP,P,A,A,2018-Q3,158.2
Q,JP,P,A,A,2018-Q4,160.2
Q,JP,P,A,A,2019-Q1,161.2
Q,JP,P,A,A,2019-Q2,161.9
Q,JP,P,A,A,2019-Q3,163.4
Q,JP,P,A,A,2019-Q4,165.5
Q,JP,P,A,A,2020-Q1,167.1
Q,JP,P,A,A,2020-Q2,178.8
Q,JP,P,A,A,2020-Q3,182.2
Q,JP,P,A,A,2020-Q4,184.4
Q,JP,P,A,A,2021-Q1,185.5
Q,JP,P,A,A,2021-Q2,183.3
Q,JP,P,A,A,2021-Q3,183.1
Q,JP,P,A,A,2021-Q4,184.8
Q,JP,P,A,A,2022-Q1,184.5
Q,JP,P,A,A,2022-Q2,185.6
Q,JP,P,A,A,2022-Q3,186.0
Q,JP,P,A,A,2022-Q4,186.8
Q,JP,P,A,A,2023-Q1,185.0
Q,JP,P,A,A,2023-Q2,183.8
Q,JP,P,A,A,2023-Q3,182.9
Q,JP,P,A,A,2023-Q4,182.4
Q,JP,P,A,A,2024-Q1,182.9
Q,JP,P,A,A,2024-Q2,182.7
Q,JP,P,A,A,2024-Q3,180.9
Q,JP,P,A,A,2024-Q4,182.0
Q,JP,P,A,A,2025-Q1,180.1
Q,JP,P,A,A,2025-Q2,179.3
Q,AU,P,A,A,2007-Q1,179.2
Q,AU,P,A,A,2007-Q2,181.8
Q,AU,P,A,A,2007-Q3,185.4
Q,AU,P,A,A,2007-Q4,187.4
Q,AU,P,A,A,2008-Q1,188.5
Q,AU,P,A,A,2008-Q2,188.6
Q,AU,P,A,A,2008-Q3,187.9
Q,AU,P,A,A,2008-Q4,188.0
Q,AU,P,A,A,2009-Q1,185.7
Q,AU,P,A,A,2009-Q2,184.4
Q,AU,P,A,A,2009-Q3,185.5
Q,AU,P,A,A,2009-Q4,186.4
Q,AU,P,A,A,2010-Q1,185.9
Q,AU,P,A,A,2010-Q2,184.3
Q,AU,P,A,A,2010-Q3,181.5
Q,AU,P,A,A,2010-Q4,177.9
Q,AU,P,A,A,2011-Q1,176.5
Q,AU,P,A,A,2011-Q2,174.6
Q,AU,P,A,A,2011-Q3,174.6
Q,AU,P,A,A,2011-Q4,173.4
Q,AU,P,A,A,2012-Q1,173.4
Q,AU,P,A,A,2012-Q2,174.4
Q,AU,P,A,A,2012-Q3,174.7
Q,AU,P,A,A,2012-Q4,175.5
Q,AU,P,A,A,2013-Q1,175.8
Q,AU,P,A,A,2013-Q2,179.2
Q,AU,P,A,A,2013-Q3,179.1
Q,AU,P,A,A,2013-Q4,181.4
Q,AU,P,A,A,2014-Q1,180.3
Q,AU,P,A,A,2014-Q2,182.3
Q,AU,P,A,A,2014-Q3,184.3
Q,AU,P,A,A,2014-Q4,186.8
Q,AU,P,A,A,2015-Q1,191.0
Q,AU,P,A,A,2015-Q2,193.6
Q,AU,P,A,A,2015-Q3,196.1
Q,AU,P,A,A,2015-Q4,197.1
Q,AU,P,A,A,2016-Q1,198.8
Q,AU,P,A,A,2016-Q2,200.1
Q,AU,P,A,A,2016-Q3,200.1
Q,AU,P,A,A,2016-Q4,198.9
Q,AU,P,A,A,2017-Q1,195.5
Q,AU,P,A,A,2017-Q2,195.3
Q,AU,P,A,A,2017-Q3,193.7
Q,AU,P,A,A,2017-Q4,194.1
Q,AU,P,A,A,2018-Q1,194.9
Q,AU,P,A,A,2018-Q2,194.2
Q,AU,P,A,A,2018-Q3,194.3
Q,AU,P,A,A,2018-Q4,193.8
Q,AU,P,A,A,2019-Q1,193.2
Q,AU,P,A,A,2019-Q2,192.1
Q,AU,P,A,A,2019-Q3,190.8
Q,AU,P,A,A,2019-Q4,189.6
Q,AU,P,A,A,2020-Q1,192.7
Q,AU,P,A,A,2020-Q2,192.9
Q,AU,P,A,A,2020-Q3,193.4
Q,AU,P,A,A,2020-Q4,191.8
Q,AU,P,A,A,2021-Q1,190.9
Q,AU,P,A,A,2021-Q2,186.2
Q,AU,P,A,A,2021-Q3,183.7
Q,AU,P,A,A,2021-Q4,181.4
Q,AU,P,A,A,2022-Q1,178.6
Q,AU,P,A,A,2022-Q2,177.3
Q,AU,P,A,A,2022-Q3,174.5
Q,AU,P,A,A,2022-Q4,170.7
Q,AU,P,A,A,2023-Q1,168.9
Q,AU,P,A,A,2023-Q2,168.9
Q,AU,P,A,A,2023-Q3,169.0
Q,AU,P,A,A,2023-Q4,169.2
Q,AU,P,A,A,2024-Q1,170.3
Q,AU,P,A,A,2024-Q2,170.8
Q,AU,P,A,A,2024-Q3,171.3
Q,AU,P,A,A,2024-Q4,173.7
Q,AU,P,A,A,2025-Q1,174.5
Q,AU,P,A,A,2025-Q2,175.4
Q,KR,P,A,B,2007-Q1,147.8
Q,KR,P,A,B,2007-Q2,148.0
Q,KR,P,A,B,2007-Q3,148.3
Q,KR,P,A,B,2007-Q4,148.6
Q,KR,P,A,B,2008-Q1,149.1
Q,KR,P,A,B,2008-Q2,149.8
Q,KR,P,A,B,2008-Q3,150.5
Q,KR,P,A,B,2008-Q4,151.5
Q,KR,P,A,B,2009-Q1,152.5
Q,KR,P,A,B,2009-Q2,153.7
Q,KR,P,A,B,2009-Q3,154.8
Q,KR,P,A,B,2009-Q4,155.9
Q,KR,P,A,B,2010-Q1,156.8
Q,KR,P,A,B,2010-Q2,157.7
Q,KR,P,A,B,2010-Q3,158.5
Q,KR,P,A,B,2010-Q4,159.1
Q,KR,P,A,B,2011-Q1,159.8
Q,KR,P,A,B,2011-Q2,160.4
Q,KR,P,A,B,2011-Q3,161.2
Q,KR,P,A,B,2011-Q4,161.9
Q,KR,P,A,B,2012-Q1,162.7
Q,KR,P,A,B,2012-Q2,163.4
Q,KR,P,A,B,2012-Q3,164.2
Q,KR,P,A,B,2012-Q4,164.9
Q,KR,P,A,B,2013-Q1,165.7
Q,KR,P,A,B,2013-Q2,166.5
Q,KR,P,A,B,2013-Q3,167.2
Q,KR,P,A,B,2013-Q4,167.8
Q,KR,P,A,B,2014-Q1,168.3
Q,KR,P,A,B,2014-Q2,168.9
Q,KR,P,A,B,2014-Q3,169.5
Q,KR,P,A,B,2014-Q4,170.2
Q,KR,P,A,B,2015-Q1,170.8
Q,KR,P,A,B,2015-Q2,171.3
Q,KR,P,A,B,2015-Q3,171.9
Q,KR,P,A,B,2015-Q4,172.5
Q,KR,P,A,B,2016-Q1,173.0
Q,KR,P,A,B,2016-Q2,173.5
Q,KR,P,A,B,2016-Q3,174.0
Q,KR,P,A,B,2016-Q4,174.4
Q,KR,P,A,B,2017-Q1,174.8
Q,KR,P,A,B,2017-Q2,175.3
Q,KR,P,A,B,2017-Q3,175.7
Q,KR,P,A,B,2017-Q4,176.0
Q,KR,P,A,B,2018-Q1,176.4
Q,KR,P,A,B,2018-Q2,176.8
Q,KR,P,A,B,2018-Q3,177.3
Q,KR,P,A,B,2018-Q4,177.8
Q,KR,P,A,B,2019-Q1,178.3
Q,KR,P,A,B,2019-Q2,179.0
Q,KR,P,A,B,2019-Q3,179.7
Q,KR,P,A,B,2019-Q4,180.5
Q,KR,P,A,B,2020-Q1,181.5
Q,KR,P,A,B,2020-Q2,182.7
Q,KR,P,A,B,2020-Q3,184.1
Q,KR,P,A,B,2020-Q4,185.5
Q,KR,P,A,B,2021-Q1,187.1
Q,KR,P,A,B,2021-Q2,188.6
Q,KR,P,A,B,2021-Q3,190.2
Q,KR,P,A,B,2021-Q4,191.7
Q,KR,P,A,B,2022-Q1,193.1
Q,KR,P,A,B,2022-Q2,194.5
Q,KR,P,A,B,2022-Q3,196.0
Q,KR,P,A,B,2022-Q4,197.4
Q,KR,P,A,B,2023-Q1,198.8
Q,KR,P,A,B,2023-Q2,200.1
Q,KR,P,A,B,2023-Q3,201.3
Q,KR,P,A,B,2023-Q4,202.4
Q,KR,P,A,B,2024-Q1,203.2
Q,KR,P,A,B,2024-Q2,204.0
Q,KR,P,A,B,2024-Q3,204.6
Q,KR,P,A,B,2024-Q4,205.2
Q,KR,P,A,B,2025-Q1,205.7
Q,KR,P,A,B,2025-Q2,206.2
Q,KR,P,A,C,2007-Q1,-3.7
Q,KR,P,A,C,2007-Q2,-2.4
Q,KR,P,A,C,2007-Q3,-1.7
Q,KR,P,A,C,2007-Q4,-0.7
Q,KR,P,A,C,2008-Q1,2.2
Q,KR,P,A,C,2008-Q2,5.1
Q,KR,P,A,C,2008-Q3,7.4
Q,KR,P,A,C,2008-Q4,10.0
Q,KR,P,A,C,2009-Q1,11.2
Q,KR,P,A,C,2009-Q2,12.4
Q,KR,P,A,C,2009-Q3,12.4
Q,KR,P,A,C,2009-Q4,10.7
Q,KR,P,A,C,2010-Q1,7.8
Q,KR,P,A,C,2010-Q2,6.4
Q,KR,P,A,C,2010-Q3,4.9
Q,KR,P,A,C,2010-Q4,2.6
Q,KR,P,A,C,2011-Q1,2.3
Q,KR,P,A,C,2011-Q2,2.8
Q,KR,P,A,C,2011-Q3,4.6
Q,KR,P,A,C,2011-Q4,3.8
Q,KR,P,A,C,2012-Q1,3.4
Q,KR,P,A,C,2012-Q2,3.8
Q,KR,P,A,C,2012-Q3,4.5
Q,KR,P,A,C,2012-Q4,2.9
Q,KR,P,A,C,2013-Q1,4.0
Q,KR,P,A,C,2013-Q2,3.3
Q,KR,P,A,C,2013-Q3,2.2
Q,KR,P,A,C,2013-Q4,0.6
Q,KR,P,A,C,2014-Q1,0.2
Q,KR,P,A,C,2014-Q2,-0.2
Q,KR,P,A,C,2014-Q3,1.1
Q,KR,P,A,C,2014-Q4,1.2
Q,KR,P,A,C,2015-Q1,0.4
Q,KR,P,A,C,2015-Q2,-0.1
Q,KR,P,A,C,2015-Q3,0.3
Q,KR,P,A,C,2015-Q4,-0.2
Q,KR,P,A,C,2016-Q1,-1.0
Q,KR,P,A,C,2016-Q2,-1.2
Q,KR,P,A,C,2016-Q3,-1.7
Q,KR,P,A,C,2016-Q4,-1.9
Q,KR,P,A,C,2017-Q1,-2.9
Q,KR,P,A,C,2017-Q2,-2.0
Q,KR,P,A,C,2017-Q3,-2.6
Q,KR,P,A,C,2017-Q4,-3.4
Q,KR,P,A,C,2018-Q1,-3.0
Q,KR,P,A,C,2018-Q2,-2.4
Q,KR,P,A,C,2018-Q3,-1.1
Q,KR,P,A,C,2018-Q4,-0.6
Q,KR,P,A,C,2019-Q1,0.1
Q,KR,P,A,C,2019-Q2,1.9
Q,KR,P,A,C,2019-Q3,3.4
Q,KR,P,A,C,2019-Q4,4.6
Q,KR,P,A,C,2020-Q1,7.1
Q,KR,P,A,C,2020-Q2,11.2
Q,KR,P,A,C,2020-Q3,14.0
Q,KR,P,A,C,2020-Q4,15.1
Q,KR,P,A,C,2021-Q1,15.6
Q,KR,P,A,C,2021-Q2,15.3
Q,KR,P,A,C,2021-Q3,15.1
Q,KR,P,A,C,2021-Q4,13.9
Q,KR,P,A,C,2022-Q1,11.8
Q,KR,P,A,C,2022-Q2,11.8
Q,KR,P,A,C,2022-Q3,12.3
Q,KR,P,A,C,2022-Q4,11.5
Q,KR,P,A,C,2023-Q1,9.6
Q,KR,P,A,C,2023-Q2,8.2
Q,KR,P,A,C,2023-Q3,7.3
Q,KR,P,A,C,2023-Q4,3.5
Q,KR,P,A,C,2024-Q1,0.2
Q,KR,P,A,C,2024-Q2,-2.0
Q,KR,P,A,C,2024-Q3,-3.3
Q,KR,P,A,C,2024-Q4,-4.9
Q,KR,P,A,C,2025-Q1,-5.0
Q,KR,P,A,C,2025-Q2,-5.7
Q,US,P,A,A,2007-Q1,164.9
Q,US,P,A,A,2007-Q2,167.5
Q,US,P,A,A,2007-Q3,169.2
Q,US,P,A,A,2007-Q4,170.6
Q,US,P,A,A,2008-Q1,171.4
Q,US,P,A,A,2008-Q2,171.2
Q,US,P,A,A,2008-Q3,172.0
Q,US,P,A,A,2008-Q4,170.7
Q,US,P,A,A,2009-Q1,170.3
Q,US,P,A,A,2009-Q2,170.9
Q,US,P,A,A,2009-Q3,171.1
Q,US,P,A,A,2009-Q4,169.5
Q,US,P,A,A,2010-Q1,167.5
Q,US,P,A,A,2010-Q2,165.0
Q,US,P,A,A,2010-Q3,162.9
Q,US,P,A,A,2010-Q4,160.7
Q,US,P,A,A,2011-Q1,159.0
Q,US,P,A,A,2011-Q2,157.7
Q,US,P,A,A,2011-Q3,156.8
Q,US,P,A,A,2011-Q4,156.1
Q,US,P,A,A,2012-Q1,154.5
Q,US,P,A,A,2012-Q2,153.4
Q,US,P,A,A,2012-Q3,153.0
Q,US,P,A,A,2012-Q4,152.7
Q,US,P,A,A,2013-Q1,151.5
Q,US,P,A,A,2013-Q2,151.6
Q,US,P,A,A,2013-Q3,151.6
Q,US,P,A,A,2013-Q4,151.6
Q,US,P,A,A,2014-Q1,151.5
Q,US,P,A,A,2014-Q2,151.2
Q,US,P,A,A,2014-Q3,150.4
Q,US,P,A,A,2014-Q4,150.6
Q,US,P,A,A,2015-Q1,149.9
Q,US,P,A,A,2015-Q2,150.7
Q,US,P,A,A,2015-Q3,151.0
Q,US,P,A,A,2015-Q4,150.8
Q,US,P,A,A,2016-Q1,151.4
Q,US,P,A,A,2016-Q2,152.1
Q,US,P,A,A,2016-Q3,153.0
Q,US,P,A,A,2016-Q4,152.5
Q,US,P,A,A,2017-Q1,152.7
Q,US,P,A,A,2017-Q2,153.4
Q,US,P,A,A,2017-Q3,153.5
Q,US,P,A,A,2017-Q4,154.1
Q,US,P,A,A,2018-Q1,153.3
Q,US,P,A,A,2018-Q2,153.9
Q,US,P,A,A,2018-Q3,153.4
Q,US,P,A,A,2018-Q4,153.4
Q,US,P,A,A,2019-Q1,153.3
Q,US,P,A,A,2019-Q2,153.6
Q,US,P,A,A,2019-Q3,153.7
Q,US,P,A,A,2019-Q4,153.1
Q,US,P,A,A,2020-Q1,156.2
Q,US,P,A,A,2020-Q2,162.0
Q,US,P,A,A,2020-Q3,163.0
Q,US,P,A,A,2020-Q4,164.3
Q,US,P,A,A,2021-Q1,164.6
Q,US,P,A,A,2021-Q2,162.6
Q,US,P,A,A,2021-Q3,160.8
Q,US,P,A,A,2021-Q4,159.4
Q,US,P,A,A,2022-Q1,158.1
Q,US,P,A,A,2022-Q2,156.9
Q,US,P,A,A,2022-Q3,155.1
Q,US,P,A,A,2022-Q4,153.5
Q,US,P,A,A,2023-Q1,151.7
Q,US,P,A,A,2023-Q2,150.1
Q,US,P,A,A,2023-Q3,148.5
Q,US,P,A,A,2023-Q4,147.1
Q,US,P,A,A,2024-Q1,146.1
Q,US,P,A,A,2024-Q2,145.2
Q,US,P,A,A,2024-Q3,144.6
Q,US,P,A,A,2024-Q4,142.5
Q,US,P,A,A,2025-Q1,141.5
Q,US,P,A,A,2025-Q2,140.9
Q,CN,P,A,A,2007-Q1,110.8
Q,CN,P,A,A,2007-Q2,111.3
Q,CN,P,A,A,2007-Q3,110.5
Q,CN,P,A,A,2007-Q4,107.6
Q,CN,P,A,A,2008-Q1,108.1
Q,CN,P,A,A,2008-Q2,107.3
Q,CN,P,A,A,2008-Q3,106.8
Q,CN,P,A,A,2008-Q4,106.3
Q,CN,P,A,A,2009-Q1,118.5
Q,CN,P,A,A,2009-Q2,127.5
Q,CN,P,A,A,2009-Q3,131.7
Q,CN,P,A,A,2009-Q4,133.3
Q,CN,P,A,A,2010-Q1,136.2
Q,CN,P,A,A,2010-Q2,138.2
Q,CN,P,A,A,2010-Q3,138.1
Q,CN,P,A,A,2010-Q4,137.6
Q,CN,P,A,A,2011-Q1,138.0
Q,CN,P,A,A,2011-Q2,137.8
Q,CN,P,A,A,2011-Q3,136.5
Q,CN,P,A,A,2011-Q4,137.6
Q,CN,P,A,A,2012-Q1,140.7
Q,CN,P,A,A,2012-Q2,143.3
Q,CN,P,A,A,2012-Q3,146.6
Q,CN,P,A,A,2012-Q4,149.4
Q,CN,P,A,A,2013-Q1,155.2
Q,CN,P,A,A,2013-Q2,158.2
Q,CN,P,A,A,2013-Q3,161.1
Q,CN,P,A,A,2013-Q4,161.9
Q,CN,P,A,A,2014-Q1,166.2
Q,CN,P,A,A,2014-Q2,169.4
Q,CN,P,A,A,2014-Q3,170.0
Q,CN,P,A,A,2014-Q4,171.9
Q,CN,P,A,A,2015-Q1,176.0
Q,CN,P,A,A,2015-Q2,178.8
Q,CN,P,A,A,2015-Q3,182.0
Q,CN,P,A,A,2015-Q4,186.7
Q,CN,P,A,A,2016-Q1,191.0
Q,CN,P,A,A,2016-Q2,189.9
Q,CN,P,A,A,2016-Q3,188.8
Q,CN,P,A,A,2016-Q4,188.5
Q,CN,P,A,A,2017-Q1,189.1
Q,CN,P,A,A,2017-Q2,186.7
Q,CN,P,A,A,2017-Q3,185.0
Q,CN,P,A,A,2017-Q4,182.4
Q,CN,P,A,A,2018-Q1,182.6
Q,CN,P,A,A,2018-Q2,180.8
Q,CN,P,A,A,2018-Q3,179.0
Q,CN,P,A,A,2018-Q4,177.3
Q,CN,P,A,A,2019-Q1,180.4
Q,CN,P,A,A,2019-Q2,180.1
Q,CN,P,A,A,2019-Q3,180.2
Q,CN,P,A,A,2019-Q4,179.9
Q,CN,P,A,A,2020-Q1,189.8
Q,CN,P,A,A,2020-Q2,194.4
Q,CN,P,A,A,2020-Q3,195.6
Q,CN,P,A,A,2020-Q4,193.6
Q,CN,P,A,A,2021-Q1,191.5
Q,CN,P,A,A,2021-Q2,189.1
Q,CN,P,A,A,2021-Q3,187.3
Q,CN,P,A,A,2021-Q4,184.5
Q,CN,P,A,A,2022-Q1,187.6
Q,CN,P,A,A,2022-Q2,189.3
Q,CN,P,A,A,2022-Q3,189.8
Q,CN,P,A,A,2022-Q4,189.4
Q,CN,P,A,A,2023-Q1,195.4
Q,CN,P,A,A,2023-Q2,195.7
Q,CN,P,A,A,2023-Q3,196.2
Q,CN,P,A,A,2023-Q4,195.2
Q,CN,P,A,A,2024-Q1,199.9
Q,CN,P,A,A,2024-Q2,199.5
Q,CN,P,A,A,2024-Q3,199.5
Q,CN,P,A,A,2024-Q4,198.1
Q,CN,P,A,A,2025-Q1,201.9
Q,CN,P,A,A,2025-Q2,201.6
Q,GB,P,A,A,2007-Q1,170.0
Q,GB,P,A,A,2007-Q2,170.6
Q,GB,P,A,A,2007-Q3,173.9
Q,GB,P,A,A,2007-Q4,175.2
Q,GB,P,A,A,2008-Q1,178.1
Q,GB,P,A,A,2008-Q2,177.6
Q,GB,P,A,A,2008-Q3,178.3
Q,GB,P,A,A,2008-Q4,184.3
Q,GB,P,A,A,2009-Q1,183.9
Q,GB,P,A,A,2009-Q2,180.5
Q,GB,P,A,A,2009-Q3,184.1
Q,GB,P,A,A,2009-Q4,184.0
Q,GB,P,A,A,2010-Q1,185.2
Q,GB,P,A,A,2010-Q2,181.4
Q,GB,P,A,A,2010-Q3,180.9
Q,GB,P,A,A,2010-Q4,176.2
Q,GB,P,A,A,2011-Q1,174.9
Q,GB,P,A,A,2011-Q2,174.3
Q,GB,P,A,A,2011-Q3,173.3
Q,GB,P,A,A,2011-Q4,171.4
Q,GB,P,A,A,2012-Q1,173.5
Q,GB,P,A,A,2012-Q2,174.3
Q,GB,P,A,A,2012-Q3,174.4
Q,GB,P,A,A,2012-Q4,172.0
Q,GB,P,A,A,2013-Q1,169.9
Q,GB,P,A,A,2013-Q2,171.1
Q,GB,P,A,A,2013-Q3,168.7
Q,GB,P,A,A,2013-Q4,166.4
Q,GB,P,A,A,2014-Q1,163.5
Q,GB,P,A,A,2014-Q2,161.2
Q,GB,P,A,A,2014-Q3,159.8
Q,GB,P,A,A,2014-Q4,158.2
Q,GB,P,A,A,2015-Q1,158.7
Q,GB,P,A,A,2015-Q2,155.3
Q,GB,P,A,A,2015-Q3,155.8
Q,GB,P,A,A,2015-Q4,156.1
Q,GB,P,A,A,2016-Q1,156.8
Q,GB,P,A,A,2016-Q2,160.2
Q,GB,P,A,A,2016-Q3,162.3
Q,GB,P,A,A,2016-Q4,161.6
Q,GB,P,A,A,2017-Q1,162.0
Q,GB,P,A,A,2017-Q2,160.4
Q,GB,P,A,A,2017-Q3,161.1
Q,GB,P,A,A,2017-Q4,161.8
Q,GB,P,A,A,2018-Q1,159.4
Q,GB,P,A,A,2018-Q2,158.6
Q,GB,P,A,A,2018-Q3,156.9
Q,GB,P,A,A,2018-Q4,156.2
Q,GB,P,A,A,2019-Q1,153.7
Q,GB,P,A,A,2019-Q2,154.9
Q,GB,P,A,A,2019-Q3,156.3
Q,GB,P,A,A,2019-Q4,154.6
Q,GB,P,A,A,2020-Q1,158.1
Q,GB,P,A,A,2020-Q2,166.9
Q,GB,P,A,A,2020-Q3,170.3
Q,GB,P,A,A,2020-Q4,173.8
Q,GB,P,A,A,2021-Q1,174.8
Q,GB,P,A,A,2021-Q2,170.0
Q,GB,P,A,A,2021-Q3,167.3
Q,GB,P,A,A,2021-Q4,163.4
Q,GB,P,A,A,2022-Q1,157.7
Q,GB,P,A,A,2022-Q2,154.3
Q,GB,P,A,A,2022-Q3,152.4
Q,GB,P,A,A,2022-Q4,149.3
Q,GB,P,A,A,2023-Q1,145.3
Q,GB,P,A,A,2023-Q2,141.6
Q,GB,P,A,A,2023-Q3,140.7
Q,GB,P,A,A,2023-Q4,139.8
Q,GB,P,A,A,2024-Q1,138.0
Q,GB,P,A,A,2024-Q2,137.0
Q,GB,P,A,A,2024-Q3,135.6
Q,GB,P,A,A,2024-Q4,135.2
Q,GB,P,A,A,2025-Q1,133.8
Q,GB,P,A,A,2025-Q2,132.8
Q,CA,P,A,A,2007-Q1,159.5
Q,CA,P,A,A,2007-Q2,159.7
Q,CA,P,A,A,2007-Q3,161.3
Q,CA,P,A,A,2007-Q4,161.9
Q,CA,P,A,A,2008-Q1,165.0
Q,CA,P,A,A,2008-Q2,163.9
Q,CA,P,A,A,2008-Q3,164.2
Q,CA,P,A,A,2008-Q4,167.4
Q,CA,P,A,A,2009-Q1,171.0
Q,CA,P,A,A,2009-Q2,176.7
Q,CA,P,A,A,2009-Q3,181.8
Q,CA,P,A,A,2009-Q4,183.2
Q,CA,P,A,A,2010-Q1,182.0
Q,CA,P,A,A,2010-Q2,182.2
Q,CA,P,A,A,2010-Q3,180.9
Q,CA,P,A,A,2010-Q4,180.0
Q,CA,P,A,A,2011-Q1,180.3
Q,CA,P,A,A,2011-Q2,180.3
Q,CA,P,A,A,2011-Q3,181.6
Q,CA,P,A,A,2011-Q4,179.4
Q,CA,P,A,A,2012-Q1,179.9
Q,CA,P,A,A,2012-Q2,181.7
Q,CA,P,A,A,2012-Q3,183.7
Q,CA,P,A,A,2012-Q4,184.8
Q,CA,P,A,A,2013-Q1,187.1
Q,CA,P,A,A,2013-Q2,189.3
Q,CA,P,A,A,2013-Q3,190.1
Q,CA,P,A,A,2013-Q4,190.3
Q,CA,P,A,A,2014-Q1,192.0
Q,CA,P,A,A,2014-Q2,192.4
Q,CA,P,A,A,2014-Q3,194.1
Q,CA,P,A,A,2014-Q4,194.1
Q,CA,P,A,A,2015-Q1,200.4
Q,CA,P,A,A,2015-Q2,202.7
Q,CA,P,A,A,2015-Q3,206.5
Q,CA,P,A,A,2015-Q4,209.3
Q,CA,P,A,A,2016-Q1,208.5
Q,CA,P,A,A,2016-Q2,212.1
Q,CA,P,A,A,2016-Q3,214.4
Q,CA,P,A,A,2016-Q4,213.8
Q,CA,P,A,A,2017-Q1,214.5
Q,CA,P,A,A,2017-Q2,214.3
Q,CA,P,A,A,2017-Q3,213.7
Q,CA,P,A,A,2017-Q4,213.6
Q,CA,P,A,A,2018-Q1,213.8
Q,CA,P,A,A,2018-Q2,215.9
Q,CA,P,A,A,2018-Q3,215.0
Q,CA,P,A,A,2018-Q4,216.1
Q,CA,P,A,A,2019-Q1,216.9
Q,CA,P,A,A,2019-Q2,219.5
Q,CA,P,A,A,2019-Q3,221.2
Q,CA,P,A,A,2019-Q4,221.2
Q,CA,P,A,A,2020-Q1,225.7
Q,CA,P,A,A,2020-Q2,237.2
Q,CA,P,A,A,2020-Q3,241.4
Q,CA,P,A,A,2020-Q4,244.5
Q,CA,P,A,A,2021-Q1,243.1
Q,CA,P,A,A,2021-Q2,237.0
Q,CA,P,A,A,2021-Q3,233.9
Q,CA,P,A,A,2021-Q4,230.7
Q,CA,P,A,A,2022-Q1,224.2
Q,CA,P,A,A,2022-Q2,218.3
Q,CA,P,A,A,2022-Q3,216.0
Q,CA,P,A,A,2022-Q4,214.2
Q,CA,P,A,A,2023-Q1,214.3
Q,CA,P,A,A,2023-Q2,215.3
Q,CA,P,A,A,2023-Q3,215.5
Q,CA,P,A,A,2023-Q4,215.8
Q,CA,P,A,A,2024-Q1,213.5
Q,CA,P,A,A,2024-Q2,214.0
Q,CA,P,A,A,2024-Q3,214.9
Q,CA,P,A,A,2024-Q4,214.3
Q,CA,P,A,A,2025-Q1,213.4
Q,CA,P,A,A,2025-Q2,213.2
Q,DE,P,A,A,2007-Q1,143.6
Q,DE,P,A,A,2007-Q2,143.0
Q,DE,P,A,A,2007-Q3,141.7
Q,DE,P,A,A,2007-Q4,141.9
Q,DE,P,A,A,2008-Q1,141.1
Q,DE,P,A,A,2008-Q2,141.1
Q,DE,P,A,A,2008-Q3,141.5
Q,DE,P,A,A,2008-Q4,143.3
Q,DE,P,A,A,2009-Q1,144.8
Q,DE,P,A,A,2009-Q2,146.2
Q,DE,P,A,A,2009-Q3,146.2
Q,DE,P,A,A,2009-Q4,146.6
Q,DE,P,A,A,2010-Q1,145.0
Q,DE,P,A,A,2010-Q2,144.7
Q,DE,P,A,A,2010-Q3,143.7
Q,DE,P,A,A,2010-Q4,141.7
Q,DE,P,A,A,2011-Q1,138.0
Q,DE,P,A,A,2011-Q2,137.1
Q,DE,P,A,A,2011-Q3,137.9
Q,DE,P,A,A,2011-Q4,138.0
Q,DE,P,A,A,2012-Q1,137.4
Q,DE,P,A,A,2012-Q2,137.6
Q,DE,P,A,A,2012-Q3,137.2
Q,DE,P,A,A,2012-Q4,137.0
Q,DE,P,A,A,2013-Q1,138.0
Q,DE,P,A,A,2013-Q2,138.5
Q,DE,P,A,A,2013-Q3,138.7
Q,DE,P,A,A,2013-Q4,138.6
Q,DE,P,A,A,2014-Q1,137.7
Q,DE,P,A,A,2014-Q2,137.7
Q,DE,P,A,A,2014-Q3,136.4
Q,DE,P,A,A,2014-Q4,132.4
Q,DE,P,A,A,2015-Q1,132.9
Q,DE,P,A,A,2015-Q2,132.9
Q,DE,P,A,A,2015-Q3,132.9
Q,DE,P,A,A,2015-Q4,132.7
Q,DE,P,A,A,2016-Q1,133.3
Q,DE,P,A,A,2016-Q2,133.7
Q,DE,P,A,A,2016-Q3,134.5
Q,DE,P,A,A,2016-Q4,134.7
Q,DE,P,A,A,2017-Q1,135.0
Q,DE,P,A,A,2017-Q2,134.5
Q,DE,P,A,A,2017-Q3,134.0
Q,DE,P,A,A,2017-Q4,133.9
Q,DE,P,A,A,2018-Q1,133.3
Q,DE,P,A,A,2018-Q2,134.4
Q,DE,P,A,A,2018-Q3,135.2
Q,DE,P,A,A,2018-Q4,134.8
Q,DE,P,A,A,2019-Q1,135.8
Q,DE,P,A,A,2019-Q2,137.0
Q,DE,P,A,A,2019-Q3,137.3
Q,DE,P,A,A,2019-Q4,137.6
Q,DE,P,A,A,2020-Q1,138.8
Q,DE,P,A,A,2020-Q2,144.3
Q,DE,P,A,A,2020-Q3,146.8
Q,DE,P,A,A,2020-Q4,148.7
Q,DE,P,A,A,2021-Q1,151.0
Q,DE,P,A,A,2021-Q2,148.4
Q,DE,P,A,A,2021-Q3,147.7
Q,DE,P,A,A,2021-Q4,147.5
Q,DE,P,A,A,2022-Q1,146.7
Q,DE,P,A,A,2022-Q2,146.3
Q,DE,P,A,A,2022-Q3,147.6
Q,DE,P,A,A,2022-Q4,146.1
Q,DE,P,A,A,2023-Q1,143.9
Q,DE,P,A,A,2023-Q2,142.5
Q,DE,P,A,A,2023-Q3,140.7
Q,DE,P,A,A,2023-Q4,139.6
Q,DE,P,A,A,2024-Q1,139.1
Q,DE,P,A,A,2024-Q2,138.9
Q,DE,P,A,A,2024-Q3,139.1
Q,DE,P,A,A,2024-Q4,138.6
Q,DE,P,A,A,2025-Q1,139.2
Q,DE,P,A,A,2025-Q2,138.9
