FREQ,REF_AREA,UNIT_MEASURE,TIME_PERIOD,OBS_VALUE
M,CA,771,2007-01,1.109057
M,CA,771,2007-02,2.037037
M,CA,771,2007-03,2.302026
M,CA,771,2007-04,2.197802
M,CA,771,2007-05,2.187785
M,CA,771,2007-06,2.191781
M,CA,771,2007-07,2.189781
M,CA,771,2007-08,1.730419
M,CA,771,2007-09,2.472527
M,CA,771,2007-10,2.385321
M,CA,771,2007-11,2.472527
M,CA,771,2007-12,2.3766
M,CA,771,2008-01,2.193784
M,CA,771,2008-02,1.814882
M,CA,771,2008-03,1.350135
M,CA,771,2008-04,1.702509
M,CA,771,2008-05,2.230152
M,CA,771,2008-06,3.127793
M,CA,771,2008-07,3.392857
M,CA,771,2008-08,3.491495
M,CA,771,2008-09,3.395889
M,CA,771,2008-10,2.598566
M,CA,771,2008-11,1.966041
M,CA,771,2008-12,1.160714
M,CA,771,2009-01,1.073345
M,CA,771,2009-02,1.426025
M,CA,771,2009-03,1.243339
M,CA,771,2009-04,0.352423
M,CA,771,2009-05,0.08726
M,CA,771,2009-06,-0.259965
M,CA,771,2009-07,-0.949914
M,CA,771,2009-08,-0.778547
M,CA,771,2009-09,-0.864304
M,CA,771,2009-10,0.087336
M,CA,771,2009-11,0.964067
M,CA,771,2009-12,1.323919
M,CA,771,2010-01,1.858407
M,CA,771,2010-02,1.581722
M,CA,771,2010-03,1.403509
M,CA,771,2010-04,1.843723
M,CA,771,2010-05,1.394943
M,CA,771,2010-06,0.955691
M,CA,771,2010-07,1.830863
M,CA,771,2010-08,1.743679
M,CA,771,2010-09,1.918047
M,CA,771,2010-10,2.443281
M,CA,771,2010-11,1.996528
M,CA,771,2010-12,2.351916
M,CA,771,2011-01,2.345786
M,CA,771,2011-02,2.16263
M,CA,771,2011-03,3.287197
M,CA,771,2011-04,3.275862
M,CA,771,2011-05,3.697334
M,CA,771,2011-06,3.098107
M,CA,771,2011-07,2.739726
M,CA,771,2011-08,3.084833
M,CA,771,2011-09,3.165098
M,CA,771,2011-10,2.896082
M,CA,771,2011-11,2.893617
M,CA,771,2011-12,2.297872
M,CA,771,2012-01,2.4618
M,CA,771,2012-02,2.624894
M,CA,771,2012-03,1.926298
M,CA,771,2012-04,2.003339
M,CA,771,2012-05,1.243781
M,CA,771,2012-06,1.502504
M,CA,771,2012-07,1.25
M,CA,771,2012-08,1.246883
M,CA,771,2012-09,1.160862
M,CA,771,2012-10,1.15894
M,CA,771,2012-11,0.82713
M,CA,771,2012-12,0.831947
M,CA,771,2013-01,0.4971
M,CA,771,2013-02,1.237624
M,CA,771,2013-03,0.986031
M,CA,771,2013-04,0.409165
M,CA,771,2013-05,0.737101
M,CA,771,2013-06,1.151316
M,CA,771,2013-07,1.316872
M,CA,771,2013-08,1.067323
M,CA,771,2013-09,1.065574
M,CA,771,2013-10,0.654664
M,CA,771,2013-11,0.902379
M,CA,771,2013-12,1.237624
M,CA,771,2014-01,1.483924
M,CA,771,2014-02,1.140994
M,CA,771,2014-03,1.545972
M,CA,771,2014-04,2.03749
M,CA,771,2014-05,2.276423
M,CA,771,2014-06,2.357724
M,CA,771,2014-07,2.112104
M,CA,771,2014-08,2.112104
M,CA,771,2014-09,2.027575
M,CA,771,2014-10,2.357724
M,CA,771,2014-11,1.95122
M,CA,771,2014-12,1.466993
M,CA,771,2015-01,0.974817
M,CA,771,2015-02,1.047542
M,CA,771,2015-03,1.201923
M,CA,771,2015-04,0.798722
M,CA,771,2015-05,0.874404
M,CA,771,2015-06,1.032566
M,CA,771,2015-07,1.272872
M,CA,771,2015-08,1.272872
M,CA,771,2015-09,1.033386
M,CA,771,2015-10,1.032566
M,CA,771,2015-11,1.355662
M,CA,771,2015-12,1.606426
M,CA,771,2016-01,2.011263
M,CA,771,2016-02,1.355662
M,CA,771,2016-03,1.266825
M,CA,771,2016-04,1.664025
M,CA,771,2016-05,1.497242
M,CA,771,2016-06,1.493711
M,CA,771,2016-07,1.256874
M,CA,771,2016-08,1.099764
M,CA,771,2016-09,1.33753
M,CA,771,2016-10,1.493711
M,CA,771,2016-11,1.180173
M,CA,771,2016-12,1.501976
M,CA,771,2017-01,2.129338
M,CA,771,2017-02,2.045633
M,CA,771,2017-03,1.563722
M,CA,771,2017-04,1.636789
M,CA,771,2017-05,1.319876
M,CA,771,2017-06,1.006971
M,CA,771,2017-07,1.163693
M,CA,771,2017-08,1.398601
M,CA,771,2017-09,1.552795
M,CA,771,2017-10,1.394268
M,CA,771,2017-11,2.099533
M,CA,771,2017-12,1.869159
M,CA,771,2018-01,1.698842
M,CA,771,2018-02,2.158828
M,CA,771,2018-03,2.309469
M,CA,771,2018-04,2.223926
M,CA,771,2018-05,2.222222
M,CA,771,2018-06,2.453988
M,CA,771,2018-07,2.990798
M,CA,771,2018-08,2.835249
M,CA,771,2018-09,2.217125
M,CA,771,2018-10,2.444614
M,CA,771,2018-11,1.675552
M,CA,771,2018-12,1.987768
M,CA,771,2019-01,1.442673
M,CA,771,2019-02,1.509434
M,CA,771,2019-03,1.881114
M,CA,771,2019-04,2.025506
M,CA,771,2019-05,2.398801
M,CA,771,2019-06,2.020958
M,CA,771,2019-07,2.010424
M,CA,771,2019-08,1.937407
M,CA,771,2019-09,1.869858
M,CA,771,2019-10,1.86428
M,CA,771,2019-11,2.172285
M,CA,771,2019-12,2.248876
M,CA,771,2020-01,2.39521
M,CA,771,2020-02,2.156134
M,CA,771,2020-03,0.886263
M,CA,771,2020-04,-0.220588
M,CA,771,2020-05,-0.366032
M,CA,771,2020-06,0.660308
M,CA,771,2020-07,0.145985
M,CA,771,2020-08,0.146199
M,CA,771,2020-09,0.51395
M,CA,771,2020-10,0.658858
M,CA,771,2020-11,0.953079
M,CA,771,2020-12,0.733138
M,CA,771,2021-01,1.023392
M,CA,771,2021-02,1.091703
M,CA,771,2021-03,2.196193
M,CA,771,2021-04,3.389831
M,CA,771,2021-05,3.600294
M,CA,771,2021-06,3.061224
M,CA,771,2021-07,3.717201
M,CA,771,2021-08,4.087591
M,CA,771,2021-09,4.382761
M,CA,771,2021-10,4.654545
M,CA,771,2021-11,4.720407
M,CA,771,2021-12,4.803493
M,CA,771,2022-01,5.137482
M,CA,771,2022-02,5.687545
M,CA,771,2022-03,6.661891
M,CA,771,2022-04,6.771205
M,CA,771,2022-05,7.730496
M,CA,771,2022-06,8.132956
M,CA,771,2022-07,7.589599
M,CA,771,2022-08,7.012623
M,CA,771,2022-09,6.857943
M,CA,771,2022-10,6.879778
M,CA,771,2022-11,6.796117
M,CA,771,2022-12,6.319444
M,CA,771,2023-01,5.918789
M,CA,771,2023-02,5.245232
M,CA,771,2023-03,4.298187
M,CA,771,2023-04,4.405875
M,CA,771,2023-05,3.357472
M,CA,771,2023-06,2.812296
M,CA,771,2023-07,3.265839
M,CA,771,2023-08,3.997379
M,CA,771,2023-09,3.798297
M,CA,771,2023-10,3.120936
M,CA,771,2023-11,3.116883
M,CA,771,2023-12,3.396473
M,CA,771,2024-01,2.858999
M,CA,771,2024-02,2.783172
M,CA,771,2024-03,2.897618
M,CA,771,2024-04,2.685422
M,CA,771,2024-05,2.866242
M,CA,771,2024-06,2.671756
M,CA,771,2024-07,2.530044
M,CA,771,2024-08,1.953371
M,CA,771,2024-09,1.640379
M,CA,771,2024-10,2.017654
M,CA,771,2024-11,1.889169
M,CA,771,2024-12,1.831965
M,CA,771,2025-01,1.895136
M,CA,771,2025-02,2.644836
M,CA,771,2025-03,2.315394
M,CA,771,2025-04,1.743462
M,CA,771,2025-05,1.733746
M,CA,771,2025-06,1.858736
M,CA,771,2025-07,1.727329
M,CA,771,2025-08,1.854141
M,CA,771,2025-09,2.358783
M,CA,771,2025-10,2.163164
M,CA,771,2025-11,2.224969
M,CA,771,2025-12,2.35732
M,US,771,2007-01,2.075643
M,US,771,2007-02,2.415199
M,US,771,2007-03,2.778779
M,US,771,2007-04,2.573697
M,US,771,2007-05,2.690864
M,US,771,2007-06,2.687038
M,US,771,2007-07,2.358231
M,US,771,2007-08,1.970083
M,US,771,2007-09,2.755052
M,US,771,2007-10,3.536174
M,US,771,2007-11,4.306203
M,US,771,2007-12,4.081269
M,US,771,2008-01,4.280294
M,US,771,2008-02,4.026555
M,US,771,2008-03,3.981456
M,US,771,2008-04,3.93689
M,US,771,2008-05,4.175543
M,US,771,2008-06,5.02179
M,US,771,2008-07,5.600123
M,US,771,2008-08,5.371855
M,US,771,2008-09,4.936927
M,US,771,2008-10,3.655186
M,US,771,2008-11,1.069575
M,US,771,2008-12,0.091413
M,US,771,2009-01,0.029847
M,US,771,2009-02,0.236191
M,US,771,2009-03,-0.383556
M,US,771,2009-04,-0.736886
M,US,771,2009-05,-1.281436
M,US,771,2009-06,-1.426776
M,US,771,2009-07,-2.097161
M,US,771,2009-08,-1.484349
M,US,771,2009-09,-1.286206
M,US,771,2009-10,-0.182848
M,US,771,2009-11,1.838296
M,US,771,2009-12,2.721331
M,US,771,2010-01,2.625709
M,US,771,2010-02,2.143332
M,US,771,2010-03,2.313959
M,US,771,2010-04,2.236447
M,US,771,2010-05,2.020986
M,US,771,2010-06,1.053349
M,US,771,2010-07,1.235193
M,US,771,2010-08,1.148105
M,US,771,2010-09,1.143683
M,US,771,2010-10,1.172188
M,US,771,2010-11,1.143161
M,US,771,2010-12,1.495724
M,US,771,2011-01,1.631847
M,US,771,2011-02,2.107585
M,US,771,2011-03,2.681603
M,US,771,2011-04,3.163631
M,US,771,2011-05,3.568646
M,US,771,2011-06,3.558828
M,US,771,2011-07,3.628716
M,US,771,2011-08,3.771208
M,US,771,2011-09,3.868357
M,US,771,2011-10,3.5252
M,US,771,2011-11,3.394378
M,US,771,2011-12,2.962419
M,US,771,2012-01,2.925217
M,US,771,2012-02,2.871099
M,US,771,2012-03,2.651398
M,US,771,2012-04,2.30274
M,US,771,2012-05,1.704254
M,US,771,2012-06,1.663994
M,US,771,2012-07,1.408451
M,US,771,2012-08,1.692379
M,US,771,2012-09,1.991282
M,US,771,2012-10,2.162344
M,US,771,2012-11,1.764134
M,US,771,2012-12,1.741022
M,US,771,2013-01,1.594865
M,US,771,2013-02,1.977924
M,US,771,2013-03,1.473896
M,US,771,2013-04,1.063085
M,US,771,2013-05,1.361965
M,US,771,2013-06,1.754417
M,US,771,2013-07,1.960682
M,US,771,2013-08,1.518368
M,US,771,2013-09,1.184925
M,US,771,2013-10,0.963613
M,US,771,2013-11,1.237072
M,US,771,2013-12,1.501736
M,US,771,2014-01,1.578947
M,US,771,2014-02,1.126349
M,US,771,2014-03,1.512203
M,US,771,2014-04,1.952858
M,US,771,2014-05,2.127112
M,US,771,2014-06,2.072341
M,US,771,2014-07,1.992329
M,US,771,2014-08,1.699611
M,US,771,2014-09,1.657919
M,US,771,2014-10,1.66434
M,US,771,2014-11,1.322355
M,US,771,2014-12,0.756493
M,US,771,2015-01,-0.089348
M,US,771,2015-02,-0.02513
M,US,771,2015-03,-0.073637
M,US,771,2015-04,-0.199517
M,US,771,2015-05,-0.039933
M,US,771,2015-06,0.123771
M,US,771,2015-07,0.16957
M,US,771,2015-08,0.195079
M,US,771,2015-09,-0.03613
M,US,771,2015-10,0.170574
M,US,771,2015-11,0.501798
M,US,771,2015-12,0.72952
M,US,771,2016-01,1.373087
M,US,771,2016-02,1.0178
M,US,771,2016-03,0.852536
M,US,771,2016-04,1.12511
M,US,771,2016-05,1.019323
M,US,771,2016-06,0.997326
M,US,771,2016-07,0.827139
M,US,771,2016-08,1.062875
M,US,771,2016-09,1.463784
M,US,771,2016-10,1.635988
M,US,771,2016-11,1.692537
M,US,771,2016-12,2.074622
M,US,771,2017-01,2.500042
M,US,771,2017-02,2.737958
M,US,771,2017-03,2.380612
M,US,771,2017-04,2.19969
M,US,771,2017-05,1.874878
M,US,771,2017-06,1.633488
M,US,771,2017-07,1.727978
M,US,771,2017-08,1.938974
M,US,771,2017-09,2.232964
M,US,771,2017-10,2.041129
M,US,771,2017-11,2.202583
M,US,771,2017-12,2.109082
M,US,771,2018-01,2.070508
M,US,771,2018-02,2.211795
M,US,771,2018-03,2.359711
M,US,771,2018-04,2.462744
M,US,771,2018-05,2.801012
M,US,771,2018-06,2.871548
M,US,771,2018-07,2.949515
M,US,771,2018-08,2.69918
M,US,771,2018-09,2.276972
M,US,771,2018-10,2.52247
M,US,771,2018-11,2.176601
M,US,771,2018-12,1.910159
M,US,771,2019-01,1.551235
M,US,771,2019-02,1.520135
M,US,771,2019-03,1.862523
M,US,771,2019-04,1.99644
M,US,771,2019-05,1.790228
M,US,771,2019-06,1.648485
M,US,771,2019-07,1.811465
M,US,771,2019-08,1.74978
M,US,771,2019-09,1.711305
M,US,771,2019-10,1.764043
M,US,771,2019-11,2.051278
M,US,771,2019-12,2.28513
M,US,771,2020-01,2.486572
M,US,771,2020-02,2.334874
M,US,771,2020-03,1.539327
M,US,771,2020-04,0.329097
M,US,771,2020-05,0.117926
M,US,771,2020-06,0.645733
M,US,771,2020-07,0.986082
M,US,771,2020-08,1.309645
M,US,771,2020-09,1.371325
M,US,771,2020-10,1.182066
M,US,771,2020-11,1.174536
M,US,771,2020-12,1.362005
M,US,771,2021-01,1.39977
M,US,771,2021-02,1.676215
M,US,771,2021-03,2.619763
M,US,771,2021-04,4.159695
M,US,771,2021-05,4.992707
M,US,771,2021-06,5.391451
M,US,771,2021-07,5.365475
M,US,771,2021-08,5.251272
M,US,771,2021-09,5.390349
M,US,771,2021-10,6.221869
M,US,771,2021-11,6.809003
M,US,771,2021-12,7.036403
M,US,771,2022-01,7.479872
M,US,771,2022-02,7.871064
M,US,771,2022-03,8.542456
M,US,771,2022-04,8.258629
M,US,771,2022-05,8.581512
M,US,771,2022-06,9.059758
M,US,771,2022-07,8.524815
M,US,771,2022-08,8.262693
M,US,771,2022-09,8.20167
M,US,771,2022-10,7.745427
M,US,771,2022-11,7.110323
M,US,771,2022-12,6.454401
M,US,771,2023-01,6.410147
M,US,771,2023-02,6.035613
M,US,771,2023-03,4.984974
M,US,771,2023-04,4.93032
M,US,771,2023-05,4.047609
M,US,771,2023-06,2.969178
M,US,771,2023-07,3.17778
M,US,771,2023-08,3.665112
M,US,771,2023-09,3.699698
M,US,771,2023-10,3.241145
M,US,771,2023-11,3.137271
M,US,771,2023-12,3.352123
M,US,771,2024-01,3.090885
M,US,771,2024-02,3.153171
M,US,771,2024-03,3.477385
M,US,771,2024-04,3.357364
M,US,771,2024-05,3.269029
M,US,771,2024-06,2.971397
M,US,771,2024-07,2.894753
M,US,771,2024-08,2.53073
M,US,771,2024-09,2.440633
M,US,771,2024-10,2.597905
M,US,771,2024-11,2.74938
M,US,771,2024-12,2.888057
M,US,771,2025-01,3.000483
M,US,771,2025-02,2.821549
M,US,771,2025-03,2.390725
M,US,771,2025-04,2.311289
M,US,771,2025-05,2.354897
M,US,771,2025-06,2.669213
M,US,771,2025-07,2.704902
M,US,771,2025-08,2.916174
M,US,771,2025-09,3.012677
M,US,771,2025-10,
M,US,771,2025-11,2.735084
M,US,771,2025-12,2.677081
M,FR,771,2007-01,1.245753
M,FR,771,2007-02,1.049188
M,FR,771,2007-03,1.192485
M,FR,771,2007-04,1.254621
M,FR,771,2007-05,1.070831
M,FR,771,2007-06,1.19353
M,FR,771,2007-07,1.106145
M,FR,771,2007-08,1.180401
M,FR,771,2007-09,1.517857
M,FR,771,2007-10,2.002237
M,FR,771,2007-11,2.446927
M,FR,771,2007-12,2.586111
M,FR,771,2008-01,2.818792
M,FR,771,2008-02,2.846935
M,FR,771,2008-03,3.179544
M,FR,771,2008-04,3.020246
M,FR,771,2008-05,3.321929
M,FR,771,2008-06,3.571429
M,FR,771,2008-07,3.613659
M,FR,771,2008-08,3.158706
M,FR,771,2008-09,2.979332
M,FR,771,2008-10,2.664766
M,FR,771,2008-11,1.625041
M,FR,771,2008-12,0.999674
M,FR,771,2009-01,0.707137
M,FR,771,2009-02,0.868432
M,FR,771,2009-03,0.301692
M,FR,771,2009-04,0.128866
M,FR,771,2009-05,-0.256355
M,FR,771,2009-06,-0.48957
M,FR,771,2009-07,-0.725256
M,FR,771,2009-08,-0.181372
M,FR,771,2009-09,-0.362976
M,FR,771,2009-10,-0.21363
M,FR,771,2009-11,0.397081
M,FR,771,2009-12,0.91447
M,FR,771,2010-01,1.101869
M,FR,771,2010-02,1.280672
M,FR,771,2010-03,1.589859
M,FR,771,2010-04,1.683827
M,FR,771,2010-05,1.649175
M,FR,771,2010-06,1.508021
M,FR,771,2010-07,1.675978
M,FR,771,2010-08,1.389483
M,FR,771,2010-09,1.564342
M,FR,771,2010-10,1.594948
M,FR,771,2010-11,1.571352
M,FR,771,2010-12,1.759062
M,FR,771,2011-01,1.741639
M,FR,771,2011-02,1.657635
M,FR,771,2011-03,1.987945
M,FR,771,2011-04,2.07784
M,FR,771,2011-05,2.012221
M,FR,771,2011-06,2.10726
M,FR,771,2011-07,1.94421
M,FR,771,2011-08,2.234872
M,FR,771,2011-09,2.236523
M,FR,771,2011-10,2.349594
M,FR,771,2011-11,2.51526
M,FR,771,2011-12,2.462022
M,FR,771,2012-01,2.352447
M,FR,771,2012-02,2.289119
M,FR,771,2012-03,2.301711
M,FR,771,2012-04,2.087208
M,FR,771,2012-05,1.982857
M,FR,771,2012-06,1.929625
M,FR,771,2012-07,1.938226
M,FR,771,2012-08,2.082904
M,FR,771,2012-09,1.908988
M,FR,771,2012-10,1.852996
M,FR,771,2012-11,1.416692
M,FR,771,2012-12,1.329243
M,FR,771,2013-01,1.169711
M,FR,771,2013-02,1.042305
M,FR,771,2013-03,0.97294
M,FR,771,2013-04,0.688259
M,FR,771,2013-05,0.8
M,FR,771,2013-06,0.931363
M,FR,771,2013-07,1.067616
M,FR,771,2013-08,0.868687
M,FR,771,2013-09,0.880923
M,FR,771,2013-10,0.566
M,FR,771,2013-11,0.678206
M,FR,771,2013-12,0.706357
M,FR,771,2014-01,0.649087
M,FR,771,2014-02,0.920307
M,FR,771,2014-03,0.612265
M,FR,771,2014-04,0.723764
M,FR,771,2014-05,0.683142
M,FR,771,2014-06,0.481444
M,FR,771,2014-07,0.462777
M,FR,771,2014-08,0.440617
M,FR,771,2014-09,0.291077
M,FR,771,2014-10,0.452261
M,FR,771,2014-11,0.321737
M,FR,771,2014-12,0.06012
M,FR,771,2015-01,-0.38291
M,FR,771,2015-02,-0.270568
M,FR,771,2015-03,-0.069832
M,FR,771,2015-04,0.07984
M,FR,771,2015-05,0.299341
M,FR,771,2015-06,0.259533
M,FR,771,2015-07,0.170238
M,FR,771,2015-08,0.04985
M,FR,771,2015-09,0.030024
M,FR,771,2015-10,0.06003
M,FR,771,2015-11,0.040088
M,FR,771,2015-12,0.180252
M,FR,771,2016-01,0.222537
M,FR,771,2016-02,-0.190916
M,FR,771,2016-03,-0.149745
M,FR,771,2016-04,-0.189469
M,FR,771,2016-05,-0.019897
M,FR,771,2016-06,0.189168
M,FR,771,2016-07,0.219934
M,FR,771,2016-08,0.229198
M,FR,771,2016-09,0.390195
M,FR,771,2016-10,0.359964
M,FR,771,2016-11,0.530956
M,FR,771,2016-12,0.609756
M,FR,771,2017-01,1.34235
M,FR,771,2017-02,1.208094
M,FR,771,2017-03,1.14977
M,FR,771,2017-04,1.168948
M,FR,771,2017-05,0.80597
M,FR,771,2017-06,0.68568
M,FR,771,2017-07,0.718204
M,FR,771,2017-08,0.904752
M,FR,771,2017-09,0.986645
M,FR,771,2017-10,1.056092
M,FR,771,2017-11,1.175884
M,FR,771,2017-12,1.19225
M,FR,771,2018-01,1.334528
M,FR,771,2018-02,1.183726
M,FR,771,2018-03,1.561728
M,FR,771,2018-04,1.639344
M,FR,771,2018-05,2.023492
M,FR,771,2018-06,2.023293
M,FR,771,2018-07,2.287808
M,FR,771,2018-08,2.25638
M,FR,771,2018-09,2.20073
M,FR,771,2018-10,2.20842
M,FR,771,2018-11,1.891067
M,FR,771,2018-12,1.590574
M,FR,771,2019-01,1.238329
M,FR,771,2019-02,1.317342
M,FR,771,2019-03,1.109489
M,FR,771,2019-04,1.263117
M,FR,771,2019-05,0.938467
M,FR,771,2019-06,1.170552
M,FR,771,2019-07,1.065066
M,FR,771,2019-08,1.040663
M,FR,771,2019-09,0.907686
M,FR,771,2019-10,0.762033
M,FR,771,2019-11,1.034316
M,FR,771,2019-12,1.45936
M,FR,771,2020-01,1.485293
M,FR,771,2020-02,1.426354
M,FR,771,2020-03,0.67379
M,FR,771,2020-04,0.326233
M,FR,771,2020-05,0.364229
M,FR,771,2020-06,0.200803
M,FR,771,2020-07,0.776011
M,FR,771,2020-08,0.21934
M,FR,771,2020-09,0.047847
M,FR,771,2020-10,0.047865
M,FR,771,2020-11,0.200918
M,FR,771,2020-12,-0.019051
M,FR,771,2021-01,0.554812
M,FR,771,2021-02,0.564431
M,FR,771,2021-03,1.109093
M,FR,771,2021-04,1.243305
M,FR,771,2021-05,1.422978
M,FR,771,2021-06,1.479149
M,FR,771,2021-07,1.150299
M,FR,771,2021-08,1.865068
M,FR,771,2021-09,2.161645
M,FR,771,2021-10,2.621759
M,FR,771,2021-11,2.778573
M,FR,771,2021-12,2.75343
M,FR,771,2022-01,2.853881
M,FR,771,2022-02,3.633942
M,FR,771,2022-03,4.48227
M,FR,771,2022-04,4.82713
M,FR,771,2022-05,5.19774
M,FR,771,2022-06,5.839759
M,FR,771,2022-07,6.080827
M,FR,771,2022-08,5.913125
M,FR,771,2022-09,5.551915
M,FR,771,2022-10,6.200466
M,FR,771,2022-11,6.15013
M,FR,771,2022-12,5.850719
M,FR,771,2023-01,5.993341
M,FR,771,2023-02,6.278686
M,FR,771,2023-03,5.701873
M,FR,771,2023-04,5.884473
M,FR,771,2023-05,5.119943
M,FR,771,2023-06,4.531319
M,FR,771,2023-07,4.288119
M,FR,771,2023-08,4.859764
M,FR,771,2023-09,4.896221
M,FR,771,2023-10,3.977173
M,FR,771,2023-11,3.474532
M,FR,771,2023-12,3.705326
M,FR,771,2024-01,3.132635
M,FR,771,2024-02,2.962515
M,FR,771,2024-03,2.294717
M,FR,771,2024-04,2.187234
M,FR,771,2024-05,2.273501
M,FR,771,2024-06,2.167446
M,FR,771,2024-07,2.302268
M,FR,771,2024-08,1.825217
M,FR,771,2024-09,1.099273
M,FR,771,2024-10,1.232796
M,FR,771,2024-11,1.260255
M,FR,771,2024-12,1.317679
M,FR,771,2025-01,1.649886
M,FR,771,2025-02,0.796913
M,FR,771,2025-03,0.761697
M,FR,771,2025-04,0.824519
M,FR,771,2025-05,0.65773
M,FR,771,2025-06,0.965058
M,FR,771,2025-07,0.996512
M,FR,771,2025-08,0.883859
M,FR,771,2025-09,1.162596
M,FR,771,2025-10,0.942531
M,FR,771,2025-11,0.902105
M,FR,771,2025-12,0.791997
M,GB,771,2007-01,2.675159
M,GB,771,2007-02,2.791878
M,GB,771,2007-03,3.168568
M,GB,771,2007-04,2.770781
M,GB,771,2007-05,2.377972
M,GB,771,2007-06,2.372035
M,GB,771,2007-07,1.875
M,GB,771,2007-08,1.741294
M,GB,771,2007-09,1.73913
M,GB,771,2007-10,2.109181
M,GB,771,2007-11,2.10396
M,GB,771,2007-12,2.091021
M,GB,771,2008-01,2.233251
M,GB,771,2008-02,2.469136
M,GB,771,2008-03,2.457002
M,GB,771,2008-04,2.941176
M,GB,771,2008-05,3.422983
M,GB,771,2008-06,3.902439
M,GB,771,2008-07,4.417178
M,GB,771,2008-08,4.767726
M,GB,771,2008-09,5.128205
M,GB,771,2008-10,4.374241
M,GB,771,2008-11,4.0
M,GB,771,2008-12,3.012048
M,GB,771,2009-01,3.033981
M,GB,771,2009-02,3.13253
M,GB,771,2009-03,2.877698
M,GB,771,2009-04,2.380952
M,GB,771,2009-05,2.12766
M,GB,771,2009-06,1.760563
M,GB,771,2009-07,1.880141
M,GB,771,2009-08,1.516919
M,GB,771,2009-09,1.16144
M,GB,771,2009-10,1.513388
M,GB,771,2009-11,1.981352
M,GB,771,2009-12,2.923977
M,GB,771,2010-01,3.415783
M,GB,771,2010-02,3.037383
M,GB,771,2010-03,3.379953
M,GB,771,2010-04,3.72093
M,GB,771,2010-05,3.472222
M,GB,771,2010-06,3.229527
M,GB,771,2010-07,2.998847
M,GB,771,2010-08,3.218391
M,GB,771,2010-09,3.099885
M,GB,771,2010-10,3.211009
M,GB,771,2010-11,3.2
M,GB,771,2010-12,3.636364
M,GB,771,2011-01,3.986333
M,GB,771,2011-02,4.30839
M,GB,771,2011-03,3.945885
M,GB,771,2011-04,4.484305
M,GB,771,2011-05,4.474273
M,GB,771,2011-06,4.24581
M,GB,771,2011-07,4.479283
M,GB,771,2011-08,4.454343
M,GB,771,2011-09,5.122494
M,GB,771,2011-10,5.0
M,GB,771,2011-11,4.761905
M,GB,771,2011-12,4.276316
M,GB,771,2012-01,3.614458
M,GB,771,2012-02,3.369565
M,GB,771,2012-03,3.470716
M,GB,771,2012-04,3.004292
M,GB,771,2012-05,2.67666
M,GB,771,2012-06,2.357985
M,GB,771,2012-07,2.465166
M,GB,771,2012-08,2.452026
M,GB,771,2012-09,2.224576
M,GB,771,2012-10,2.645503
M,GB,771,2012-11,2.748414
M,GB,771,2012-12,2.628812
M,GB,771,2013-01,2.642706
M,GB,771,2013-02,2.839117
M,GB,771,2013-03,2.830189
M,GB,771,2013-04,2.395833
M,GB,771,2013-05,2.711157
M,GB,771,2013-06,2.931937
M,GB,771,2013-07,2.824268
M,GB,771,2013-08,2.705515
M,GB,771,2013-09,2.694301
M,GB,771,2013-10,2.164948
M,GB,771,2013-11,2.057613
M,GB,771,2013-12,2.04918
M,GB,771,2014-01,1.956746
M,GB,771,2014-02,1.738241
M,GB,771,2014-03,1.630989
M,GB,771,2014-04,1.831129
M,GB,771,2014-05,1.522843
M,GB,771,2014-06,1.932859
M,GB,771,2014-07,1.62767
M,GB,771,2014-08,1.519757
M,GB,771,2014-09,1.210898
M,GB,771,2014-10,1.311806
M,GB,771,2014-11,0.907258
M,GB,771,2014-12,0.502008
M,GB,771,2015-01,0.30303
M,GB,771,2015-02,0.0
M,GB,771,2015-03,0.0
M,GB,771,2015-04,-0.1998
M,GB,771,2015-05,0.1
M,GB,771,2015-06,0.0
M,GB,771,2015-07,0.1001
M,GB,771,2015-08,0.0998
M,GB,771,2015-09,-0.099701
M,GB,771,2015-10,-0.099602
M,GB,771,2015-11,0.1998
M,GB,771,2015-12,0.1998
M,GB,771,2016-01,0.20141
M,GB,771,2016-02,0.301508
M,GB,771,2016-03,0.501505
M,GB,771,2016-04,0.3003
M,GB,771,2016-05,0.2997
M,GB,771,2016-06,0.399202
M,GB,771,2016-07,0.6
M,GB,771,2016-08,0.598205
M,GB,771,2016-09,0.898204
M,GB,771,2016-10,0.897308
M,GB,771,2016-11,1.09671
M,GB,771,2016-12,1.595214
M,GB,771,2017-01,1.909548
M,GB,771,2017-02,2.304609
M,GB,771,2017-03,2.295409
M,GB,771,2017-04,2.694611
M,GB,771,2017-05,2.888446
M,GB,771,2017-06,2.683897
M,GB,771,2017-07,2.584493
M,GB,771,2017-08,2.874133
M,GB,771,2017-09,2.967359
M,GB,771,2017-10,2.964427
M,GB,771,2017-11,3.155819
M,GB,771,2017-12,2.944063
M,GB,771,2018-01,2.95858
M,GB,771,2018-02,2.742409
M,GB,771,2018-03,2.439024
M,GB,771,2018-04,2.429543
M,GB,771,2018-05,2.420136
M,GB,771,2018-06,2.420136
M,GB,771,2018-07,2.51938
M,GB,771,2018-08,2.601156
M,GB,771,2018-09,2.401537
M,GB,771,2018-10,2.399232
M,GB,771,2018-11,2.294455
M,GB,771,2018-12,2.097235
M,GB,771,2019-01,1.819923
M,GB,771,2019-02,1.811249
M,GB,771,2019-03,1.904762
M,GB,771,2019-04,2.087287
M,GB,771,2019-05,1.984877
M,GB,771,2019-06,1.984877
M,GB,771,2019-07,1.984877
M,GB,771,2019-08,1.784038
M,GB,771,2019-09,1.782364
M,GB,771,2019-10,1.499531
M,GB,771,2019-11,1.401869
M,GB,771,2019-12,1.30719
M,GB,771,2020-01,1.787394
M,GB,771,2020-02,1.685393
M,GB,771,2020-03,1.495327
M,GB,771,2020-04,0.836431
M,GB,771,2020-05,0.55607
M,GB,771,2020-06,0.648749
M,GB,771,2020-07,1.112141
M,GB,771,2020-08,0.184502
M,GB,771,2020-09,0.552995
M,GB,771,2020-10,0.738689
M,GB,771,2020-11,0.368664
M,GB,771,2020-12,0.645161
M,GB,771,2021-01,0.739372
M,GB,771,2021-02,0.460405
M,GB,771,2021-03,0.736648
M,GB,771,2021-04,1.474654
M,GB,771,2021-05,2.119816
M,GB,771,2021-06,2.486188
M,GB,771,2021-07,2.016499
M,GB,771,2021-08,3.222836
M,GB,771,2021-09,3.024748
M,GB,771,2021-10,4.124656
M,GB,771,2021-11,5.142332
M,GB,771,2021-12,5.40293
M,GB,771,2022-01,5.412844
M,GB,771,2022-02,6.141155
M,GB,771,2022-03,7.038391
M,GB,771,2022-04,8.991826
M,GB,771,2022-05,9.025271
M,GB,771,2022-06,9.433962
M,GB,771,2022-07,10.062893
M,GB,771,2022-08,9.812667
M,GB,771,2022-09,10.142349
M,GB,771,2022-10,11.091549
M,GB,771,2022-11,10.655022
M,GB,771,2022-12,10.512598
M,GB,771,2023-01,10.008703
M,GB,771,2023-02,10.44905
M,GB,771,2023-03,10.076857
M,GB,771,2023-04,8.666667
M,GB,771,2023-05,8.692053
M,GB,771,2023-06,7.963875
M,GB,771,2023-07,6.857143
M,GB,771,2023-08,6.661251
M,GB,771,2023-09,6.623586
M,GB,771,2023-10,4.59588
M,GB,771,2023-11,3.94633
M,GB,771,2023-12,3.930818
M,GB,771,2024-01,4.03481
M,GB,771,2024-02,3.440188
M,GB,771,2024-03,3.18076
M,GB,771,2024-04,2.377301
M,GB,771,2024-05,1.980198
M,GB,771,2024-06,1.977186
M,GB,771,2024-07,2.215432
M,GB,771,2024-08,2.284844
M,GB,771,2024-09,1.666667
M,GB,771,2024-10,2.272727
M,GB,771,2024-11,2.581625
M,GB,771,2024-12,2.571861
M,GB,771,2025-01,2.965779
M,GB,771,2025-02,2.796674
M,GB,771,2025-03,2.631579
M,GB,771,2025-04,3.520599
M,GB,771,2025-05,3.360717
M,GB,771,2025-06,3.579418
M,GB,771,2025-07,3.886398
M,GB,771,2025-08,3.723008
M,GB,771,2025-09,3.800298
M,GB,771,2025-10,3.555556
M,GB,771,2025-11,3.256847
M,GB,771,2025-12,3.318584
M,IT,771,2007-01,1.708801
M,IT,771,2007-02,1.786548
M,IT,771,2007-03,1.700839
M,IT,771,2007-04,1.544715
M,IT,771,2007-05,1.539887
M,IT,771,2007-06,1.689033
M,IT,771,2007-07,1.614764
M,IT,771,2007-08,1.600645
M,IT,771,2007-09,1.682609
M,IT,771,2007-10,2.076125
M,IT,771,2007-11,2.374092
M,IT,771,2007-12,2.602487
M,IT,771,2008-01,2.991945
M,IT,771,2008-02,2.902375
M,IT,771,2008-03,3.27606
M,IT,771,2008-04,3.351252
M,IT,771,2008-05,3.568985
M,IT,771,2008-06,3.788396
M,IT,771,2008-07,4.074915
M,IT,771,2008-08,4.080245
M,IT,771,2008-09,3.774226
M,IT,771,2008-10,3.457627
M,IT,771,2008-11,2.70179
M,IT,771,2008-12,2.233446
M,IT,771,2009-01,1.631285
M,IT,771,2009-02,1.627648
M,IT,771,2009-03,1.186779
M,IT,771,2009-04,1.184152
M,IT,771,2009-05,0.880766
M,IT,771,2009-06,0.50422
M,IT,771,2009-07,0.0
M,IT,771,2009-08,0.141566
M,IT,771,2009-09,0.218436
M,IT,771,2009-10,0.294889
M,IT,771,2009-11,0.657678
M,IT,771,2009-12,1.031946
M,IT,771,2010-01,1.319261
M,IT,771,2010-02,1.162791
M,IT,771,2010-03,1.381125
M,IT,771,2010-04,1.520289
M,IT,771,2010-05,1.375095
M,IT,771,2010-06,1.308758
M,IT,771,2010-07,1.668666
M,IT,771,2010-08,1.587647
M,IT,771,2010-09,1.591107
M,IT,771,2010-10,1.73146
M,IT,771,2010-11,1.73146
M,IT,771,2010-12,1.879822
M,IT,771,2011-01,2.148438
M,IT,771,2011-02,2.3856
M,IT,771,2011-03,2.486755
M,IT,771,2011-04,2.628744
M,IT,771,2011-05,2.648294
M,IT,771,2011-06,2.745182
M,IT,771,2011-07,2.681828
M,IT,771,2011-08,2.761721
M,IT,771,2011-09,2.982193
M,IT,771,2011-10,3.361165
M,IT,771,2011-11,3.264826
M,IT,771,2011-12,3.284983
M,IT,771,2012-01,3.165498
M,IT,771,2012-02,3.25143
M,IT,771,2012-03,3.333685
M,IT,771,2012-04,3.317237
M,IT,771,2012-05,3.219717
M,IT,771,2012-06,3.310981
M,IT,771,2012-07,3.113247
M,IT,771,2012-08,3.197917
M,IT,771,2012-09,3.197917
M,IT,771,2012-10,2.59942
M,IT,771,2012-11,2.498186
M,IT,771,2012-12,2.302767
M,IT,771,2013-01,2.20346
M,IT,771,2013-02,1.907888
M,IT,771,2013-03,1.613068
M,IT,771,2013-04,1.12782
M,IT,771,2013-05,1.12782
M,IT,771,2013-06,1.227181
M,IT,771,2013-07,1.225937
M,IT,771,2013-08,1.221359
M,IT,771,2013-09,0.93873
M,IT,771,2013-10,0.746947
M,IT,771,2013-11,0.657362
M,IT,771,2013-12,0.656102
M,IT,771,2014-01,0.654846
M,IT,771,2014-02,0.46301
M,IT,771,2014-03,0.381794
M,IT,771,2014-04,0.562644
M,IT,771,2014-05,0.472219
M,IT,771,2014-06,0.280533
M,IT,771,2014-07,0.090081
M,IT,771,2014-08,-0.089749
M,IT,771,2014-09,-0.19
M,IT,771,2014-10,0.10019
M,IT,771,2014-11,0.190897
M,IT,771,2014-12,0.0
M,IT,771,2015-01,-0.560504
M,IT,771,2015-02,-0.090171
M,IT,771,2015-03,-0.10009
M,IT,771,2015-04,-0.089919
M,IT,771,2015-05,0.09
M,IT,771,2015-06,0.189829
M,IT,771,2015-07,0.19
M,IT,771,2015-08,0.179659
M,IT,771,2015-09,0.190362
M,IT,771,2015-10,0.280252
M,IT,771,2015-11,0.090253
M,IT,771,2015-12,0.090253
M,IT,771,2016-01,0.251636
M,IT,771,2016-02,-0.320899
M,IT,771,2016-03,-0.2104
M,IT,771,2016-04,-0.5
M,IT,771,2016-05,-0.289739
M,IT,771,2016-06,-0.378939
M,IT,771,2016-07,-0.089829
M,IT,771,2016-08,-0.069742
M,IT,771,2016-09,0.1
M,IT,771,2016-10,-0.089829
M,IT,771,2016-11,0.090171
M,IT,771,2016-12,0.490933
M,IT,771,2017-01,1.004016
M,IT,771,2017-02,1.609658
M,IT,771,2017-03,1.405622
M,IT,771,2017-04,1.909548
M,IT,771,2017-05,1.402806
M,IT,771,2017-06,1.201201
M,IT,771,2017-07,1.098901
M,IT,771,2017-08,1.196411
M,IT,771,2017-09,1.098901
M,IT,771,2017-10,0.899101
M,IT,771,2017-11,0.900901
M,IT,771,2017-12,0.897308
M,IT,771,2018-01,0.894632
M,IT,771,2018-02,0.49505
M,IT,771,2018-03,0.792079
M,IT,771,2018-04,0.493097
M,IT,771,2018-05,0.988142
M,IT,771,2018-06,1.285856
M,IT,771,2018-07,1.482213
M,IT,771,2018-08,1.576355
M,IT,771,2018-09,1.383399
M,IT,771,2018-10,1.584158
M,IT,771,2018-11,1.587302
M,IT,771,2018-12,1.086957
M,IT,771,2019-01,0.8867
M,IT,771,2019-02,0.985222
M,IT,771,2019-03,0.982318
M,IT,771,2019-04,1.07949
M,IT,771,2019-05,0.782779
M,IT,771,2019-06,0.683594
M,IT,771,2019-07,0.389484
M,IT,771,2019-08,0.387973
M,IT,771,2019-09,0.292398
M,IT,771,2019-10,0.194932
M,IT,771,2019-11,0.195313
M,IT,771,2019-12,0.488759
M,IT,771,2020-01,0.488281
M,IT,771,2020-02,0.292683
M,IT,771,2020-03,0.097276
M,IT,771,2020-04,0.0
M,IT,771,2020-05,-0.194175
M,IT,771,2020-06,-0.193986
M,IT,771,2020-07,-0.387973
M,IT,771,2020-08,-0.483092
M,IT,771,2020-09,-0.58309
M,IT,771,2020-10,-0.291829
M,IT,771,2020-11,-0.194932
M,IT,771,2020-12,-0.194553
M,IT,771,2021-01,0.388727
M,IT,771,2021-02,0.583658
M,IT,771,2021-03,0.777454
M,IT,771,2021-04,1.067961
M,IT,771,2021-05,1.264591
M,IT,771,2021-06,1.263362
M,IT,771,2021-07,1.94742
M,IT,771,2021-08,2.038835
M,IT,771,2021-09,2.541544
M,IT,771,2021-10,3.02439
M,IT,771,2021-11,3.710938
M,IT,771,2021-12,3.898635
M,IT,771,2022-01,4.840271
M,IT,771,2022-02,5.705996
M,IT,771,2022-03,6.460945
M,IT,771,2022-04,5.955812
M,IT,771,2022-05,6.820365
M,IT,771,2022-06,7.965451
M,IT,771,2022-07,7.927412
M,IT,771,2022-08,8.372978
M,IT,771,2022-09,8.865586
M,IT,771,2022-10,11.837121
M,IT,771,2022-11,11.770245
M,IT,771,2022-12,11.63227
M,IT,771,2023-01,9.972299
M,IT,771,2023-02,9.149131
M,IT,771,2023-03,7.608696
M,IT,771,2023-04,8.159565
M,IT,771,2023-05,7.643885
M,IT,771,2023-06,6.4
M,IT,771,2023-07,5.929204
M,IT,771,2023-08,5.443371
M,IT,771,2023-09,5.341506
M,IT,771,2023-10,1.69348
M,IT,771,2023-11,0.673968
M,IT,771,2023-12,0.588235
M,IT,771,2024-01,0.839631
M,IT,771,2024-02,0.754401
M,IT,771,2024-03,1.178451
M,IT,771,2024-04,0.838223
M,IT,771,2024-05,0.75188
M,IT,771,2024-06,0.835422
M,IT,771,2024-07,1.253133
M,IT,771,2024-08,1.082431
M,IT,771,2024-09,0.74813
M,IT,771,2024-10,0.915903
M,IT,771,2024-11,1.338912
M,IT,771,2024-12,1.253133
M,IT,771,2025-01,1.498751
M,IT,771,2025-02,1.580699
M,IT,771,2025-03,1.913478
M,IT,771,2025-04,1.911887
M,IT,771,2025-05,1.575456
M,IT,771,2025-06,1.657001
M,IT,771,2025-07,1.650165
M,IT,771,2025-08,1.565074
M,IT,771,2025-09,1.567657
M,IT,771,2025-10,1.237624
M,IT,771,2025-11,1.073493
M,IT,771,2025-12,1.155116
M,JP,771,2007-01,0.0
M,JP,771,2007-02,-0.210748
M,JP,771,2007-03,-0.105152
M,JP,771,2007-04,0.0
M,JP,771,2007-05,0.0
M,JP,771,2007-06,-0.209205
M,JP,771,2007-07,0.0
M,JP,771,2007-08,-0.208333
M,JP,771,2007-09,-0.208333
M,JP,771,2007-10,0.208768
M,JP,771,2007-11,0.629591
M,JP,771,2007-12,0.628931
M,JP,771,2008-01,0.735294
M,JP,771,2008-02,1.055966
M,JP,771,2008-03,1.157895
M,JP,771,2008-04,0.734523
M,JP,771,2008-05,1.25523
M,JP,771,2008-06,1.991614
M,JP,771,2008-07,2.308499
M,JP,771,2008-08,2.087683
M,JP,771,2008-09,2.087683
M,JP,771,2008-10,1.770833
M,JP,771,2008-11,0.938478
M,JP,771,2008-12,0.416667
M,JP,771,2009-01,0.0
M,JP,771,2009-02,-0.104493
M,JP,771,2009-03,-0.208117
M,JP,771,2009-04,0.0
M,JP,771,2009-05,-1.033058
M,JP,771,2009-06,-1.747174
M,JP,771,2009-07,-2.25641
M,JP,771,2009-08,-2.249489
M,JP,771,2009-09,-2.249489
M,JP,771,2009-10,-2.558854
M,JP,771,2009-11,-1.859504
M,JP,771,2009-12,-1.659751
M,JP,771,2010-01,-1.042753
M,JP,771,2010-02,-0.732218
M,JP,771,2010-03,-0.834202
M,JP,771,2010-04,-0.9375
M,JP,771,2010-05,-0.730689
M,JP,771,2010-06,-0.732218
M,JP,771,2010-07,-0.944386
M,JP,771,2010-08,-1.150628
M,JP,771,2010-09,-0.941423
M,JP,771,2010-10,-0.210084
M,JP,771,2010-11,-0.315789
M,JP,771,2010-12,-0.316456
M,JP,771,2011-01,-0.52687
M,JP,771,2011-02,-0.52687
M,JP,771,2011-03,-0.525762
M,JP,771,2011-04,-0.42061
M,JP,771,2011-05,-0.42061
M,JP,771,2011-06,-0.316122
M,JP,771,2011-07,0.211864
M,JP,771,2011-08,0.21164
M,JP,771,2011-09,0.0
M,JP,771,2011-10,-0.210526
M,JP,771,2011-11,-0.527983
M,JP,771,2011-12,-0.21164
M,JP,771,2012-01,0.105932
M,JP,771,2012-02,0.317797
M,JP,771,2012-03,0.528541
M,JP,771,2012-04,0.527983
M,JP,771,2012-05,0.211193
M,JP,771,2012-06,-0.211416
M,JP,771,2012-07,-0.528541
M,JP,771,2012-08,-0.422386
M,JP,771,2012-09,-0.31679
M,JP,771,2012-10,-0.421941
M,JP,771,2012-11,-0.106157
M,JP,771,2012-12,-0.212089
M,JP,771,2013-01,-0.31746
M,JP,771,2013-02,-0.739176
M,JP,771,2013-03,-0.946372
M,JP,771,2013-04,-0.735294
M,JP,771,2013-05,-0.316122
M,JP,771,2013-06,0.211864
M,JP,771,2013-07,0.743889
M,JP,771,2013-08,0.848356
M,JP,771,2013-09,1.059322
M,JP,771,2013-10,1.165254
M,JP,771,2013-11,1.487779
M,JP,771,2013-12,1.594049
M,JP,771,2014-01,1.380042
M,JP,771,2014-02,1.595745
M,JP,771,2014-03,1.592357
M,JP,771,2014-04,3.386243
M,JP,771,2014-05,3.699789
M,JP,771,2014-06,3.59408
M,JP,771,2014-07,3.481013
M,JP,771,2014-08,3.364879
M,JP,771,2014-09,3.249476
M,JP,771,2014-10,2.827225
M,JP,771,2014-11,2.513089
M,JP,771,2014-12,2.405858
M,JP,771,2015-01,2.408377
M,JP,771,2015-02,2.198953
M,JP,771,2015-03,2.298851
M,JP,771,2015-04,0.716479
M,JP,771,2015-05,0.611621
M,JP,771,2015-06,0.408163
M,JP,771,2015-07,0.203874
M,JP,771,2015-08,0.101729
M,JP,771,2015-09,0.0
M,JP,771,2015-10,0.305499
M,JP,771,2015-11,0.20429
M,JP,771,2015-12,0.20429
M,JP,771,2016-01,-0.102249
M,JP,771,2016-02,0.204918
M,JP,771,2016-03,0.0
M,JP,771,2016-04,-0.304878
M,JP,771,2016-05,-0.506586
M,JP,771,2016-06,-0.304878
M,JP,771,2016-07,-0.406918
M,JP,771,2016-08,-0.50813
M,JP,771,2016-09,-0.507614
M,JP,771,2016-10,0.101523
M,JP,771,2016-11,0.509684
M,JP,771,2016-12,0.30581
M,JP,771,2017-01,0.511771
M,JP,771,2017-02,0.306748
M,JP,771,2017-03,0.20429
M,JP,771,2017-04,0.407747
M,JP,771,2017-05,0.407332
M,JP,771,2017-06,0.407747
M,JP,771,2017-07,0.40858
M,JP,771,2017-08,0.61287
M,JP,771,2017-09,0.816327
M,JP,771,2017-10,0.20284
M,JP,771,2017-11,0.507099
M,JP,771,2017-12,1.01626
M,JP,771,2018-01,1.323829
M,JP,771,2018-02,1.427115
M,JP,771,2018-03,1.121305
M,JP,771,2018-04,0.609137
M,JP,771,2018-05,0.709939
M,JP,771,2018-06,0.71066
M,JP,771,2018-07,0.915565
M,JP,771,2018-08,1.319797
M,JP,771,2018-09,1.11336
M,JP,771,2018-10,1.417004
M,JP,771,2018-11,0.908174
M,JP,771,2018-12,0.301811
M,JP,771,2019-01,0.201005
M,JP,771,2019-02,0.201005
M,JP,771,2019-03,0.504032
M,JP,771,2019-04,0.908174
M,JP,771,2019-05,0.704935
M,JP,771,2019-06,0.604839
M,JP,771,2019-07,0.604839
M,JP,771,2019-08,0.200401
M,JP,771,2019-09,0.2002
M,JP,771,2019-10,0.199601
M,JP,771,2019-11,0.5
M,JP,771,2019-12,0.802407
M,JP,771,2020-01,0.802407
M,JP,771,2020-02,0.601805
M,JP,771,2020-03,0.601805
M,JP,771,2020-04,0.2
M,JP,771,2020-05,0.1
M,JP,771,2020-06,0.1002
M,JP,771,2020-07,0.200401
M,JP,771,2020-08,0.1
M,JP,771,2020-09,-0.1998
M,JP,771,2020-10,-0.59761
M,JP,771,2020-11,-0.995025
M,JP,771,2020-12,-1.19403
M,JP,771,2021-01,-0.696517
M,JP,771,2021-02,-0.498504
M,JP,771,2021-03,-0.398804
M,JP,771,2021-04,-1.097804
M,JP,771,2021-05,-0.699301
M,JP,771,2021-06,-0.4004
M,JP,771,2021-07,-0.3
M,JP,771,2021-08,-0.3996
M,JP,771,2021-09,0.2002
M,JP,771,2021-10,0.1002
M,JP,771,2021-11,0.603015
M,JP,771,2021-12,0.805639
M,JP,771,2022-01,0.501002
M,JP,771,2022-02,0.901804
M,JP,771,2022-03,1.201201
M,JP,771,2022-04,2.421796
M,JP,771,2022-05,2.414487
M,JP,771,2022-06,2.311558
M,JP,771,2022-07,2.607823
M,JP,771,2022-08,3.009027
M,JP,771,2022-09,2.997003
M,JP,771,2022-10,3.803804
M,JP,771,2022-11,3.796204
M,JP,771,2022-12,3.996004
M,JP,771,2023-01,4.386839
M,JP,771,2023-02,3.277061
M,JP,771,2023-03,3.264095
M,JP,771,2023-04,3.546798
M,JP,771,2023-05,3.24165
M,JP,771,2023-06,3.339882
M,JP,771,2023-07,3.323558
M,JP,771,2023-08,3.115871
M,JP,771,2023-09,3.00679
M,JP,771,2023-10,3.278689
M,JP,771,2023-11,2.887392
M,JP,771,2023-12,2.59366
M,JP,771,2024-01,2.101242
M,JP,771,2024-02,2.788462
M,JP,771,2024-03,2.681992
M,JP,771,2024-04,2.473834
M,JP,771,2024-05,2.854424
M,JP,771,2024-06,2.851711
M,JP,771,2024-07,2.743614
M,JP,771,2024-08,3.021719
M,JP,771,2024-09,2.542373
M,JP,771,2024-10,2.240896
M,JP,771,2024-11,2.899906
M,JP,771,2024-12,3.651685
M,JP,771,2025-01,4.022451
M,JP,771,2025-02,3.648269
M,JP,771,2025-03,3.63806
M,JP,771,2025-04,3.528319
M,JP,771,2025-05,3.422757
M,JP,771,2025-06,3.23475
M,JP,771,2025-07,3.038674
M,JP,771,2025-08,2.749771
M,JP,771,2025-09,2.846648
M,JP,771,2025-10,3.013699
M,JP,771,2025-11,2.909091
M,JP,771,2025-12,2.077687
M,KR,771,2007-01,1.681488
M,KR,771,2007-02,2.170308
M,KR,771,2007-03,2.158862
M,KR,771,2007-04,2.449211
M,KR,771,2007-05,2.348455
M,KR,771,2007-06,2.548022
M,KR,771,2007-07,2.539403
M,KR,771,2007-08,2.039272
M,KR,771,2007-09,2.324765
M,KR,771,2007-10,3.015844
M,KR,771,2007-11,3.517898
M,KR,771,2007-12,3.605857
M,KR,771,2008-01,3.890399
M,KR,771,2008-02,3.575834
M,KR,771,2008-03,3.938604
M,KR,771,2008-04,4.116459
M,KR,771,2008-05,4.874351
M,KR,771,2008-06,5.543707
M,KR,771,2008-07,5.90396
M,KR,771,2008-08,5.613236
M,KR,771,2008-09,5.108385
M,KR,771,2008-10,4.815807
M,KR,771,2008-11,4.532822
M,KR,771,2008-12,4.139012
M,KR,771,2009-01,3.747232
M,KR,771,2009-02,4.104248
M,KR,771,2009-03,3.881264
M,KR,771,2009-04,3.581927
M,KR,771,2009-05,2.734289
M,KR,771,2009-06,1.992672
M,KR,771,2009-07,1.618186
M,KR,771,2009-08,2.16228
M,KR,771,2009-09,2.160318
M,KR,771,2009-10,1.981888
M,KR,771,2009-11,2.438847
M,KR,771,2009-12,2.800607
M,KR,771,2010-01,3.518496
M,KR,771,2010-02,2.983924
M,KR,771,2010-03,2.458154
M,KR,771,2010-04,2.598316
M,KR,771,2010-05,2.702058
M,KR,771,2010-06,2.688929
M,KR,771,2010-07,2.530742
M,KR,771,2010-08,2.681788
M,KR,771,2010-09,3.407571
M,KR,771,2010-10,3.682555
M,KR,771,2010-11,2.988718
M,KR,771,2010-12,3.033703
M,KR,771,2011-01,3.441084
M,KR,771,2011-02,3.939291
M,KR,771,2011-03,4.133215
M,KR,771,2011-04,3.816785
M,KR,771,2011-05,3.91162
M,KR,771,2011-06,4.217757
M,KR,771,2011-07,4.509708
M,KR,771,2011-08,4.685679
M,KR,771,2011-09,3.759002
M,KR,771,2011-10,3.562064
M,KR,771,2011-11,4.174625
M,KR,771,2011-12,4.158119
M,KR,771,2012-01,3.345868
M,KR,771,2012-02,3.032894
M,KR,771,2012-03,2.662543
M,KR,771,2012-04,2.552477
M,KR,771,2012-05,2.538633
M,KR,771,2012-06,2.195829
M,KR,771,2012-07,1.476105
M,KR,771,2012-08,1.265613
M,KR,771,2012-09,2.087839
M,KR,771,2012-10,2.090704
M,KR,771,2012-11,1.631431
M,KR,771,2012-12,1.426072
M,KR,771,2013-01,1.628636
M,KR,771,2013-02,1.583177
M,KR,771,2013-03,1.460475
M,KR,771,2013-04,1.329622
M,KR,771,2013-05,1.148536
M,KR,771,2013-06,1.168716
M,KR,771,2013-07,1.615408
M,KR,771,2013-08,1.505634
M,KR,771,2013-09,0.980413
M,KR,771,2013-10,0.860958
M,KR,771,2013-11,1.200943
M,KR,771,2013-12,1.143477
M,KR,771,2014-01,1.08058
M,KR,771,2014-02,1.01249
M,KR,771,2014-03,1.292065
M,KR,771,2014-04,1.498551
M,KR,771,2014-05,1.665535
M,KR,771,2014-06,1.658936
M,KR,771,2014-07,1.589728
M,KR,771,2014-08,1.408224
M,KR,771,2014-09,1.146448
M,KR,771,2014-10,1.149956
M,KR,771,2014-11,0.965462
M,KR,771,2014-12,0.833432
M,KR,771,2015-01,0.974074
M,KR,771,2015-02,0.645882
M,KR,771,2015-03,0.470511
M,KR,771,2015-04,0.436241
M,KR,771,2015-05,0.552088
M,KR,771,2015-06,0.701341
M,KR,771,2015-07,0.735279
M,KR,771,2015-08,0.700151
M,KR,771,2015-09,0.503757
M,KR,771,2015-10,0.807813
M,KR,771,2015-11,0.820082
M,KR,771,2015-12,1.131843
M,KR,771,2016-01,0.622339
M,KR,771,2016-02,1.113261
M,KR,771,2016-03,0.84253
M,KR,771,2016-04,1.001849
M,KR,771,2016-05,0.77985
M,KR,771,2016-06,0.739656
M,KR,771,2016-07,0.369163
M,KR,771,2016-08,0.487328
M,KR,771,2016-09,1.348904
M,KR,771,2016-10,1.487901
M,KR,771,2016-11,1.530817
M,KR,771,2016-12,1.337962
M,KR,771,2017-01,2.240843
M,KR,771,2017-02,2.082811
M,KR,771,2017-03,2.276897
M,KR,771,2017-04,1.955573
M,KR,771,2017-05,2.003555
M,KR,771,2017-06,1.806278
M,KR,771,2017-07,2.167011
M,KR,771,2017-08,2.488581
M,KR,771,2017-09,2.000062
M,KR,771,2017-10,1.761795
M,KR,771,2017-11,1.153403
M,KR,771,2017-12,1.407486
M,KR,771,2018-01,0.760019
M,KR,771,2018-02,1.252663
M,KR,771,2018-03,1.2156
M,KR,771,2018-04,1.528089
M,KR,771,2018-05,1.469051
M,KR,771,2018-06,1.480408
M,KR,771,2018-07,1.118986
M,KR,771,2018-08,1.431806
M,KR,771,2018-09,2.087153
M,KR,771,2018-10,2.002508
M,KR,771,2018-11,2.037043
M,KR,771,2018-12,1.320396
M,KR,771,2019-01,0.79302
M,KR,771,2019-02,0.461282
M,KR,771,2019-03,0.37468
M,KR,771,2019-04,0.555943
M,KR,771,2019-05,0.679942
M,KR,771,2019-06,0.720801
M,KR,771,2019-07,0.605538
M,KR,771,2019-08,-0.0372
M,KR,771,2019-09,-0.426058
M,KR,771,2019-10,0.0
M,KR,771,2019-11,0.152019
M,KR,771,2019-12,0.738473
M,KR,771,2020-01,1.219611
M,KR,771,2020-02,0.85489
M,KR,771,2020-03,0.826263
M,KR,771,2020-04,0.019099
M,KR,771,2020-05,-0.21274
M,KR,771,2020-06,0.22012
M,KR,771,2020-07,0.446631
M,KR,771,2020-08,0.769424
M,KR,771,2020-09,0.947953
M,KR,771,2020-10,0.138943
M,KR,771,2020-11,0.612177
M,KR,771,2020-12,0.612722
M,KR,771,2021-01,0.949146
M,KR,771,2021-02,1.417732
M,KR,771,2021-03,1.901141
M,KR,771,2021-04,2.492462
M,KR,771,2021-05,2.624698
M,KR,771,2021-06,2.346806
M,KR,771,2021-07,2.639767
M,KR,771,2021-08,2.555145
M,KR,771,2021-09,2.41215
M,KR,771,2021-10,3.164304
M,KR,771,2021-11,3.776601
M,KR,771,2021-12,3.697797
M,KR,771,2022-01,3.770784
M,KR,771,2022-02,3.780272
M,KR,771,2022-03,4.183032
M,KR,771,2022-04,4.755834
M,KR,771,2022-05,5.340519
M,KR,771,2022-06,6.036257
M,KR,771,2022-07,6.32701
M,KR,771,2022-08,5.722628
M,KR,771,2022-09,5.476398
M,KR,771,2022-10,5.621674
M,KR,771,2022-11,5.006258
M,KR,771,2022-12,5.017301
M,KR,771,2023-01,4.978541
M,KR,771,2023-02,4.65756
M,KR,771,2023-03,4.165881
M,KR,771,2023-04,3.688103
M,KR,771,2023-05,3.376744
M,KR,771,2023-06,2.726181
M,KR,771,2023-07,2.354456
M,KR,771,2023-08,3.360029
M,KR,771,2023-09,3.703363
M,KR,771,2023-10,3.765115
M,KR,771,2023-11,3.309801
M,KR,771,2023-12,3.175911
M,KR,771,2024-01,2.81639
M,KR,771,2024-02,3.126983
M,KR,771,2024-03,3.103511
M,KR,771,2024-04,2.92498
M,KR,771,2024-05,2.672546
M,KR,771,2024-06,2.410939
M,KR,771,2024-07,2.551891
M,KR,771,2024-08,2.012825
M,KR,771,2024-09,1.595038
M,KR,771,2024-10,1.253642
M,KR,771,2024-11,1.526447
M,KR,771,2024-12,1.933824
M,KR,771,2025-01,2.244411
M,KR,771,2025-02,2.021445
M,KR,771,2025-03,2.053532
M,KR,771,2025-04,2.078765
M,KR,771,2025-05,1.90184
M,KR,771,2025-06,2.169712
M,KR,771,2025-07,2.094103
M,KR,771,2025-08,1.66754
M,KR,771,2025-09,2.10205
M,KR,771,2025-10,2.38033
M,KR,771,2025-11,2.447552
M,KR,771,2025-12,2.314855
M,AU,771,2007-01,2.485207
M,AU,771,2007-02,2.485207
M,AU,771,2007-03,2.485207
M,AU,771,2007-04,2.09546
M,AU,771,2007-05,2.09546
M,AU,771,2007-06,2.09546
M,AU,771,2007-07,1.845444
M,AU,771,2007-08,1.845444
M,AU,771,2007-09,1.845444
M,AU,771,2007-10,2.886836
M,AU,771,2007-11,2.886836
M,AU,771,2007-12,2.886836
M,AU,771,2008-01,4.272517
M,AU,771,2008-02,4.272517
M,AU,771,2008-03,4.272517
M,AU,771,2008-04,4.446978
M,AU,771,2008-05,4.446978
M,AU,771,2008-06,4.446978
M,AU,771,2008-07,4.983012
M,AU,771,2008-08,4.983012
M,AU,771,2008-09,4.983012
M,AU,771,2008-10,3.703704
M,AU,771,2008-11,3.703704
M,AU,771,2008-12,3.703704
M,AU,771,2009-01,2.436323
M,AU,771,2009-02,2.436323
M,AU,771,2009-03,2.436323
M,AU,771,2009-04,1.419214
M,AU,771,2009-05,1.419214
M,AU,771,2009-06,1.419214
M,AU,771,2009-07,1.186624
M,AU,771,2009-08,1.186624
M,AU,771,2009-09,1.186624
M,AU,771,2009-10,2.056277
M,AU,771,2009-11,2.056277
M,AU,771,2009-12,2.056277
M,AU,771,2010-01,2.918919
M,AU,771,2010-02,2.918919
M,AU,771,2010-03,2.918919
M,AU,771,2010-04,3.121636
M,AU,771,2010-05,3.121636
M,AU,771,2010-06,3.121636
M,AU,771,2010-07,2.878465
M,AU,771,2010-08,2.878465
M,AU,771,2010-09,2.878465
M,AU,771,2010-10,2.757158
M,AU,771,2010-11,2.757158
M,AU,771,2010-12,2.757158
M,AU,771,2011-01,3.256303
M,AU,771,2011-02,3.256303
M,AU,771,2011-03,3.256303
M,AU,771,2011-04,3.549061
M,AU,771,2011-05,3.549061
M,AU,771,2011-06,3.549061
M,AU,771,2011-07,3.419689
M,AU,771,2011-08,3.419689
M,AU,771,2011-09,3.419689
M,AU,771,2011-10,2.992776
M,AU,771,2011-11,2.992776
M,AU,771,2011-12,2.992776
M,AU,771,2012-01,1.62767
M,AU,771,2012-02,1.62767
M,AU,771,2012-03,1.62767
M,AU,771,2012-04,1.209677
M,AU,771,2012-05,1.209677
M,AU,771,2012-06,1.209677
M,AU,771,2012-07,2.004008
M,AU,771,2012-08,2.004008
M,AU,771,2012-09,2.004008
M,AU,771,2012-10,2.204409
M,AU,771,2012-11,2.204409
M,AU,771,2012-12,2.204409
M,AU,771,2013-01,2.502503
M,AU,771,2013-02,2.502503
M,AU,771,2013-03,2.502503
M,AU,771,2013-04,2.390438
M,AU,771,2013-05,2.390438
M,AU,771,2013-06,2.390438
M,AU,771,2013-07,2.1611
M,AU,771,2013-08,2.1611
M,AU,771,2013-09,2.1611
M,AU,771,2013-10,2.745098
M,AU,771,2013-11,2.745098
M,AU,771,2013-12,2.745098
M,AU,771,2014-01,2.929688
M,AU,771,2014-02,2.929688
M,AU,771,2014-03,2.929688
M,AU,771,2014-04,3.015564
M,AU,771,2014-05,3.015564
M,AU,771,2014-06,3.015564
M,AU,771,2014-07,2.307692
M,AU,771,2014-08,2.307692
M,AU,771,2014-09,2.307692
M,AU,771,2014-10,1.717557
M,AU,771,2014-11,1.717557
M,AU,771,2014-12,1.717557
M,AU,771,2015-01,1.328273
M,AU,771,2015-02,1.328273
M,AU,771,2015-03,1.328273
M,AU,771,2015-04,1.510859
M,AU,771,2015-05,1.510859
M,AU,771,2015-06,1.510859
M,AU,771,2015-07,1.503759
M,AU,771,2015-08,1.503759
M,AU,771,2015-09,1.503759
M,AU,771,2015-10,1.688555
M,AU,771,2015-11,1.688555
M,AU,771,2015-12,1.688555
M,AU,771,2016-01,1.310861
M,AU,771,2016-02,1.310861
M,AU,771,2016-03,1.310861
M,AU,771,2016-04,1.023256
M,AU,771,2016-05,1.023256
M,AU,771,2016-06,1.023256
M,AU,771,2016-07,1.296296
M,AU,771,2016-08,1.296296
M,AU,771,2016-09,1.296296
M,AU,771,2016-10,1.476015
M,AU,771,2016-11,1.476015
M,AU,771,2016-12,1.476015
M,AU,771,2017-01,2.125693
M,AU,771,2017-02,2.125693
M,AU,771,2017-03,2.125693
M,AU,771,2017-04,1.933702
M,AU,771,2017-05,1.933702
M,AU,771,2017-06,1.933702
M,AU,771,2017-07,1.828154
M,AU,771,2017-08,1.828154
M,AU,771,2017-09,1.828154
M,AU,771,2017-10,1.909091
M,AU,771,2017-11,1.909091
M,AU,771,2017-12,1.909091
M,AU,771,2018-01,1.900452
M,AU,771,2018-02,1.900452
M,AU,771,2018-03,1.900452
M,AU,771,2018-04,2.077687
M,AU,771,2018-05,2.077687
M,AU,771,2018-06,2.077687
M,AU,771,2018-07,1.885099
M,AU,771,2018-08,1.885099
M,AU,771,2018-09,1.885099
M,AU,771,2018-10,1.784121
M,AU,771,2018-11,1.784121
M,AU,771,2018-12,1.784121
M,AU,771,2019-01,1.332149
M,AU,771,2019-02,1.332149
M,AU,771,2019-03,1.332149
M,AU,771,2019-04,1.59292
M,AU,771,2019-05,1.59292
M,AU,771,2019-06,1.59292
M,AU,771,2019-07,1.674009
M,AU,771,2019-08,1.674009
M,AU,771,2019-09,1.674009
M,AU,771,2019-10,1.840491
M,AU,771,2019-11,1.840491
M,AU,771,2019-12,1.840491
M,AU,771,2020-01,2.19106
M,AU,771,2020-02,2.19106
M,AU,771,2020-03,2.19106
M,AU,771,2020-04,-0.348432
M,AU,771,2020-05,-0.348432
M,AU,771,2020-06,-0.348432
M,AU,771,2020-07,0.693241
M,AU,771,2020-08,0.693241
M,AU,771,2020-09,0.693241
M,AU,771,2020-10,0.860585
M,AU,771,2020-11,0.860585
M,AU,771,2020-12,0.860585
M,AU,771,2021-01,1.114923
M,AU,771,2021-02,1.114923
M,AU,771,2021-03,1.114923
M,AU,771,2021-04,3.846154
M,AU,771,2021-05,3.846154
M,AU,771,2021-06,3.846154
M,AU,771,2021-07,3.012048
M,AU,771,2021-08,3.012048
M,AU,771,2021-09,3.012048
M,AU,771,2021-10,3.498294
M,AU,771,2021-11,3.498294
M,AU,771,2021-12,3.498294
M,AU,771,2022-01,5.089059
M,AU,771,2022-02,5.089059
M,AU,771,2022-03,5.089059
M,AU,771,2022-04,6.144781
M,AU,771,2022-05,6.144781
M,AU,771,2022-06,6.144781
M,AU,771,2022-07,7.26817
M,AU,771,2022-08,7.26817
M,AU,771,2022-09,7.26817
M,AU,771,2022-10,7.831822
M,AU,771,2022-11,7.831822
M,AU,771,2022-12,7.831822
M,AU,771,2023-01,7.021792
M,AU,771,2023-02,7.021792
M,AU,771,2023-03,7.021792
M,AU,771,2023-04,6.026963
M,AU,771,2023-05,6.026963
M,AU,771,2023-06,6.026963
M,AU,771,2023-07,5.373832
M,AU,771,2023-08,5.373832
M,AU,771,2023-09,5.373832
M,AU,771,2023-10,4.051988
M,AU,771,2023-11,4.051988
M,AU,771,2023-12,4.051988
M,AU,771,2024-01,3.61991
M,AU,771,2024-02,3.61991
M,AU,771,2024-03,3.61991
M,AU,771,2024-04,3.81451
M,AU,771,2024-05,3.81451
M,AU,771,2024-06,3.81451
M,AU,771,2024-07,2.808574
M,AU,771,2024-08,2.808574
M,AU,771,2024-09,2.808574
M,AU,771,2024-10,2.424688
M,AU,771,2024-11,2.424688
M,AU,771,2024-12,2.424688
M,AU,771,2025-01,2.401747
M,AU,771,2025-02,2.401747
M,AU,771,2025-03,2.401747
M,AU,771,2025-04,2.089337
M,AU,771,2025-05,2.089337
M,AU,771,2025-06,2.089337
M,AU,771,2025-07,3.235083
M,AU,771,2025-08,3.235083
M,AU,771,2025-09,3.235083
M,CN,771,2007-01,2.237697
M,CN,771,2007-02,2.686981
M,CN,771,2007-03,3.32712
M,CN,771,2007-04,3.022975
M,CN,771,2007-05,3.445065
M,CN,771,2007-06,4.369795
M,CN,771,2007-07,5.621774
M,CN,771,2007-08,6.568728
M,CN,771,2007-09,6.368715
M,CN,771,2007-10,6.576132
M,CN,771,2007-11,7.001762
M,CN,771,2007-12,6.575819
M,CN,771,2008-01,7.101989
M,CN,771,2008-02,8.803165
M,CN,771,2008-03,8.370163
M,CN,771,2008-04,8.586132
M,CN,771,2008-05,7.821782
M,CN,771,2008-06,7.18128
M,CN,771,2008-07,6.335525
M,CN,771,2008-08,4.969708
M,CN,771,2008-09,4.648109
M,CN,771,2008-10,4.02339
M,CN,771,2008-11,2.478766
M,CN,771,2008-12,1.261478
M,CN,771,2009-01,0.958196
M,CN,771,2009-02,-1.603306
M,CN,771,2009-03,-1.198502
M,CN,771,2009-04,-1.496633
M,CN,771,2009-05,-1.402454
M,CN,771,2009-06,-1.698034
M,CN,771,2009-07,-1.796607
M,CN,771,2009-08,-1.204517
M,CN,771,2009-09,-0.811376
M,CN,771,2009-10,-0.604078
M,CN,771,2009-11,0.490528
M,CN,771,2009-12,1.70339
M,CN,771,2010-01,1.402654
M,CN,771,2010-02,2.620527
M,CN,771,2010-03,2.198635
M,CN,771,2010-04,2.616696
M,CN,771,2010-05,2.819406
M,CN,771,2010-06,2.714432
M,CN,771,2010-07,3.131382
M,CN,771,2010-08,3.225806
M,CN,771,2010-09,3.440715
M,CN,771,2010-10,4.262683
M,CN,771,2010-11,5.091735
M,CN,771,2010-12,4.574619
M,CN,771,2011-01,4.986333
M,CN,771,2011-02,5.025372
M,CN,771,2011-03,5.547313
M,CN,771,2011-04,5.478325
M,CN,771,2011-05,5.665349
M,CN,771,2011-06,6.602601
M,CN,771,2011-07,6.69967
M,CN,771,2011-08,6.389436
M,CN,771,2011-09,6.277515
M,CN,771,2011-10,5.642811
M,CN,771,2011-11,4.292464
M,CN,771,2011-12,4.079681
M,CN,771,2012-01,4.599606
M,CN,771,2012-02,3.218516
M,CN,771,2012-03,3.639203
M,CN,771,2012-04,3.392342
M,CN,771,2012-05,3.008105
M,CN,771,2012-06,2.105999
M,CN,771,2012-07,1.701206
M,CN,771,2012-08,2.004472
M,CN,771,2012-09,1.8027
M,CN,771,2012-10,1.593992
M,CN,771,2012-11,1.904323
M,CN,771,2012-12,2.411576
M,CN,771,2013-01,1.908282
M,CN,771,2013-02,3.125708
M,CN,771,2013-03,1.996835
M,CN,771,2013-04,2.300498
M,CN,771,2013-05,1.997276
M,CN,771,2013-06,2.610549
M,CN,771,2013-07,2.607968
M,CN,771,2013-08,2.509259
M,CN,771,2013-09,3.014091
M,CN,771,2013-10,3.228483
M,CN,771,2013-11,3.014091
M,CN,771,2013-12,2.504298
M,CN,771,2014-01,2.501665
M,CN,771,2014-02,1.903507
M,CN,771,2014-03,2.312352
M,CN,771,2014-04,1.806385
M,CN,771,2014-05,2.514464
M,CN,771,2014-06,2.418039
M,CN,771,2014-07,2.41571
M,CN,771,2014-08,2.108678
M,CN,771,2014-09,1.806744
M,CN,771,2014-10,1.702594
M,CN,771,2014-11,1.601931
M,CN,771,2014-12,1.604434
M,CN,771,2015-01,0.902592
M,CN,771,2015-02,1.602127
M,CN,771,2015-03,1.603004
M,CN,771,2015-04,1.701912
M,CN,771,2015-05,1.403661
M,CN,771,2015-06,1.499131
M,CN,771,2015-07,1.707546
M,CN,771,2015-08,2.007365
M,CN,771,2015-09,1.602242
M,CN,771,2015-10,1.300474
M,CN,771,2015-11,1.50468
M,CN,771,2015-12,1.70112
M,CN,771,2016-01,1.903535
M,CN,771,2016-02,2.30519
M,CN,771,2016-03,2.40921
M,CN,771,2016-04,2.406893
M,CN,771,2016-05,2.097752
M,CN,771,2016-06,1.997859
M,CN,771,2016-07,1.89941
M,CN,771,2016-08,1.493594
M,CN,771,2016-09,2.100276
M,CN,771,2016-10,2.305128
M,CN,771,2016-11,2.404426
M,CN,771,2016-12,2.103183
M,CN,771,2017-01,2.61236
M,CN,771,2017-02,0.794858
M,CN,771,2017-03,0.895212
M,CN,771,2017-04,1.196023
M,CN,771,2017-05,1.60738
M,CN,771,2017-06,1.504022
M,CN,771,2017-07,1.396258
M,CN,771,2017-08,1.701772
M,CN,771,2017-09,1.502978
M,CN,771,2017-10,1.705491
M,CN,771,2017-11,1.606871
M,CN,771,2017-12,1.707334
M,CN,771,2018-01,1.300301
M,CN,771,2018-02,2.722348
M,CN,771,2018-03,1.898342
M,CN,771,2018-04,1.594173
M,CN,771,2018-05,1.492537
M,CN,771,2018-06,1.592006
M,CN,771,2018-07,1.797026
M,CN,771,2018-08,2.105335
M,CN,771,2018-09,2.30638
M,CN,771,2018-10,2.406271
M,CN,771,2018-11,2.099523
M,CN,771,2018-12,1.79421
M,CN,771,2019-01,1.695717
M,CN,771,2019-02,1.488652
M,CN,771,2019-03,2.213972
M,CN,771,2019-04,2.522827
M,CN,771,2019-05,2.927623
M,CN,771,2019-06,2.930602
M,CN,771,2019-07,3.030098
M,CN,771,2019-08,3.029082
M,CN,771,2019-09,3.234843
M,CN,771,2019-10,3.953937
M,CN,771,2019-11,4.686874
M,CN,771,2019-12,4.686874
M,CN,771,2020-01,5.620142
M,CN,771,2020-02,5.419983
M,CN,771,2020-03,4.563164
M,CN,771,2020-04,3.522892
M,CN,771,2020-05,2.488807
M,CN,771,2020-06,2.491267
M,CN,771,2020-07,2.69809
M,CN,771,2020-08,2.392438
M,CN,771,2020-09,1.679804
M,CN,771,2020-10,0.473843
M,CN,771,2020-11,-0.529337
M,CN,771,2020-12,0.165816
M,CN,771,2021-01,-0.226429
M,CN,771,2021-02,-0.430523
M,CN,771,2021-03,0.277883
M,CN,771,2021-04,0.885802
M,CN,771,2021-05,1.496852
M,CN,771,2021-06,1.189634
M,CN,771,2021-07,0.88852
M,CN,771,2021-08,0.585726
M,CN,771,2021-09,0.387597
M,CN,771,2021-10,1.389331
M,CN,771,2021-11,2.41072
M,CN,771,2021-12,1.394372
M,CN,771,2022-01,0.794301
M,CN,771,2022-02,0.795839
M,CN,771,2022-03,1.303691
M,CN,771,2022-04,2.008717
M,CN,771,2022-05,2.012786
M,CN,771,2022-06,2.497458
M,CN,771,2022-07,2.699107
M,CN,771,2022-08,2.500158
M,CN,771,2022-09,2.797645
M,CN,771,2022-10,2.099441
M,CN,771,2022-11,1.602705
M,CN,771,2022-12,1.802198
M,CN,771,2023-01,2.09519
M,CN,771,2023-02,1.000933
M,CN,771,2023-03,0.696301
M,CN,771,2023-04,0.099077
M,CN,771,2023-05,0.198548
M,CN,771,2023-06,0.0
M,CN,771,2023-07,-0.302301
M,CN,771,2023-08,0.098802
M,CN,771,2023-09,0.0
M,CN,771,2023-10,-0.197008
M,CN,771,2023-11,-0.499107
M,CN,771,2023-12,-0.302245
M,CN,771,2024-01,-0.802499
M,CN,771,2024-02,0.701711
M,CN,771,2024-03,0.098784
M,CN,771,2024-04,0.296938
M,CN,771,2024-05,0.297232
M,CN,771,2024-06,0.1984
M,CN,771,2024-07,0.501238
M,CN,771,2024-08,0.6
M,CN,771,2024-09,0.399975
M,CN,771,2024-10,0.299981
M,CN,771,2024-11,0.200025
M,CN,771,2024-12,0.099981
M,CN,771,2025-01,0.5
M,CN,771,2025-02,-0.7
M,CN,771,2025-03,-0.1
M,CN,771,2025-04,-0.096947
M,CN,771,2025-05,-0.09724
M,CN,771,2025-06,0.101598
M,CN,771,2025-07,-0.001231
M,CN,771,2025-08,-0.4
M,CN,771,2025-09,-0.299976
M,CN,771,2025-10,0.200019
M,CN,771,2025-11,0.699975
M,CN,771,2025-12,0.800019
M,DE,771,2007-01,1.829268
M,DE,771,2007-02,1.699029
M,DE,771,2007-03,1.941748
M,DE,771,2007-04,2.055623
M,DE,771,2007-05,2.055623
M,DE,771,2007-06,1.930036
M,DE,771,2007-07,2.043269
M,DE,771,2007-08,2.168675
M,DE,771,2007-09,2.660218
M,DE,771,2007-10,2.777778
M,DE,771,2007-11,3.381643
M,DE,771,2007-12,3.113772
M,DE,771,2008-01,2.754491
M,DE,771,2008-02,2.863962
M,DE,771,2008-03,3.095238
M,DE,771,2008-04,2.369668
M,DE,771,2008-05,2.962085
M,DE,771,2008-06,3.195266
M,DE,771,2008-07,3.297998
M,DE,771,2008-08,3.066038
M,DE,771,2008-09,2.944641
M,DE,771,2008-10,2.467685
M,DE,771,2008-11,1.401869
M,DE,771,2008-12,1.045296
M,DE,771,2009-01,0.932401
M,DE,771,2009-02,1.044084
M,DE,771,2009-03,0.461894
M,DE,771,2009-04,0.694444
M,DE,771,2009-05,0.115075
M,DE,771,2009-06,0.114679
M,DE,771,2009-07,-0.4561
M,DE,771,2009-08,0.114416
M,DE,771,2009-09,-0.343249
M,DE,771,2009-10,0.0
M,DE,771,2009-11,0.345622
M,DE,771,2009-12,0.91954
M,DE,771,2010-01,0.808314
M,DE,771,2010-02,0.574053
M,DE,771,2010-03,1.264368
M,DE,771,2010-04,1.264368
M,DE,771,2010-05,1.264368
M,DE,771,2010-06,0.91638
M,DE,771,2010-07,1.030928
M,DE,771,2010-08,0.914286
M,DE,771,2010-09,1.262916
M,DE,771,2010-10,1.261468
M,DE,771,2010-11,1.492537
M,DE,771,2010-12,1.366743
M,DE,771,2011-01,1.603666
M,DE,771,2011-02,1.940639
M,DE,771,2011-03,1.929625
M,DE,771,2011-04,1.929625
M,DE,771,2011-05,1.929625
M,DE,771,2011-06,2.043133
M,DE,771,2011-07,2.154195
M,DE,771,2011-08,2.151755
M,DE,771,2011-09,2.380952
M,DE,771,2011-10,2.378256
M,DE,771,2011-11,2.375566
M,DE,771,2011-12,1.910112
M,DE,771,2012-01,2.142052
M,DE,771,2012-02,2.12766
M,DE,771,2012-03,2.115813
M,DE,771,2012-04,2.004454
M,DE,771,2012-05,1.893096
M,DE,771,2012-06,1.668521
M,DE,771,2012-07,1.775805
M,DE,771,2012-08,2.10643
M,DE,771,2012-09,2.104097
M,DE,771,2012-10,1.99115
M,DE,771,2012-11,1.878453
M,DE,771,2012-12,1.984564
M,DE,771,2013-01,1.655629
M,DE,771,2013-02,1.535088
M,DE,771,2013-03,1.417666
M,DE,771,2013-04,1.091703
M,DE,771,2013-05,1.639344
M,DE,771,2013-06,1.859956
M,DE,771,2013-07,1.962923
M,DE,771,2013-08,1.520087
M,DE,771,2013-09,1.409978
M,DE,771,2013-10,1.193059
M,DE,771,2013-11,1.409978
M,DE,771,2013-12,1.513514
M,DE,771,2014-01,1.302932
M,DE,771,2014-02,1.295896
M,DE,771,2014-03,1.075269
M,DE,771,2014-04,1.403888
M,DE,771,2014-05,0.860215
M,DE,771,2014-06,0.966702
M,DE,771,2014-07,0.855615
M,DE,771,2014-08,0.855615
M,DE,771,2014-09,0.855615
M,DE,771,2014-10,0.857449
M,DE,771,2014-11,0.641711
M,DE,771,2014-12,0.106496
M,DE,771,2015-01,-0.214362
M,DE,771,2015-02,0.0
M,DE,771,2015-03,0.319149
M,DE,771,2015-04,0.85197
M,DE,771,2015-05,1.172708
M,DE,771,2015-06,0.957447
M,DE,771,2015-07,0.848356
M,DE,771,2015-08,0.742312
M,DE,771,2015-09,0.636267
M,DE,771,2015-10,0.850159
M,DE,771,2015-11,0.21254
M,DE,771,2015-12,0.319149
M,DE,771,2016-01,0.537057
M,DE,771,2016-02,0.10661
M,DE,771,2016-03,0.212089
M,DE,771,2016-04,-0.105597
M,DE,771,2016-05,0.210748
M,DE,771,2016-06,0.316122
M,DE,771,2016-07,0.42061
M,DE,771,2016-08,0.421053
M,DE,771,2016-09,0.632244
M,DE,771,2016-10,0.737619
M,DE,771,2016-11,0.742312
M,DE,771,2016-12,1.378579
M,DE,771,2017-01,1.602564
M,DE,771,2017-02,1.810437
M,DE,771,2017-03,1.375661
M,DE,771,2017-04,1.691332
M,DE,771,2017-05,1.156677
M,DE,771,2017-06,1.365546
M,DE,771,2017-07,1.465969
M,DE,771,2017-08,1.677149
M,DE,771,2017-09,1.570681
M,DE,771,2017-10,1.359833
M,DE,771,2017-11,1.578947
M,DE,771,2017-12,1.359833
M,DE,771,2018-01,1.366982
M,DE,771,2018-02,1.150628
M,DE,771,2018-03,1.461378
M,DE,771,2018-04,1.351351
M,DE,771,2018-05,2.079002
M,DE,771,2018-06,1.865285
M,DE,771,2018-07,1.857585
M,DE,771,2018-08,1.85567
M,DE,771,2018-09,2.061856
M,DE,771,2018-10,2.270382
M,DE,771,2018-11,2.072539
M,DE,771,2018-12,1.651187
M,DE,771,2019-01,1.348548
M,DE,771,2019-02,1.447777
M,DE,771,2019-03,1.337449
M,DE,771,2019-04,1.948718
M,DE,771,2019-05,1.425662
M,DE,771,2019-06,1.62767
M,DE,771,2019-07,1.621074
M,DE,771,2019-08,1.417004
M,DE,771,2019-09,1.212121
M,DE,771,2019-10,1.10999
M,DE,771,2019-11,1.015228
M,DE,771,2019-12,1.522843
M,DE,771,2020-01,2.149437
M,DE,771,2020-02,2.038736
M,DE,771,2020-03,1.827411
M,DE,771,2020-04,1.006036
M,DE,771,2020-05,0.803213
M,DE,771,2020-06,0.600601
M,DE,771,2020-07,-0.598205
M,DE,771,2020-08,-0.499002
M,DE,771,2020-09,-0.499002
M,DE,771,2020-10,-0.299401
M,DE,771,2020-11,0.201005
M,DE,771,2020-12,-0.2
M,DE,771,2021-01,1.202405
M,DE,771,2021-02,1.498501
M,DE,771,2021-03,1.794616
M,DE,771,2021-04,1.992032
M,DE,771,2021-05,2.191235
M,DE,771,2021-06,2.38806
M,DE,771,2021-07,3.711133
M,DE,771,2021-08,3.811434
M,DE,771,2021-09,4.112337
M,DE,771,2021-10,4.404404
M,DE,771,2021-11,4.814443
M,DE,771,2021-12,4.90982
M,DE,771,2022-01,4.158416
M,DE,771,2022-02,4.330709
M,DE,771,2022-03,5.876592
M,DE,771,2022-04,6.25
M,DE,771,2022-05,7.017544
M,DE,771,2022-06,6.705539
M,DE,771,2022-07,6.673114
M,DE,771,2022-08,6.956522
M,DE,771,2022-09,8.574181
M,DE,771,2022-10,8.820709
M,DE,771,2022-11,8.803828
M,DE,771,2022-12,8.118434
M,DE,771,2023-01,8.65019
M,DE,771,2023-02,8.679245
M,DE,771,2023-03,7.400555
M,DE,771,2023-04,7.169118
M,DE,771,2023-05,6.102004
M,DE,771,2023-06,6.375228
M,DE,771,2023-07,6.165005
M,DE,771,2023-08,6.142728
M,DE,771,2023-09,4.525288
M,DE,771,2023-10,3.788546
M,DE,771,2023-11,3.166227
M,DE,771,2023-12,3.710247
M,DE,771,2024-01,2.887139
M,DE,771,2024-02,2.517361
M,DE,771,2024-03,2.153316
M,DE,771,2024-04,2.229846
M,DE,771,2024-05,2.403433
M,DE,771,2024-06,2.226027
M,DE,771,2024-07,2.305722
M,DE,771,2024-08,1.87234
M,DE,771,2024-09,1.612903
M,DE,771,2024-10,2.037351
M,DE,771,2024-11,2.216539
M,DE,771,2024-12,2.640545
M,DE,771,2025-01,2.295918
M,DE,771,2025-02,2.286198
M,DE,771,2025-03,2.192243
M,DE,771,2025-04,2.097315
M,DE,771,2025-05,2.095557
M,DE,771,2025-06,2.01005
M,DE,771,2025-07,2.003339
M,DE,771,2025-08,2.172097
M,DE,771,2025-09,2.422723
M,DE,771,2025-10,2.329451
M,DE,771,2025-11,2.335279
M,DE,771,2025-12,1.825726
