FREQ,REF_AREA,TIME_PERIOD,OBS_VALUE
M,US,2007-01,5.25
M,US,2007-02,5.25
M,US,2007-03,5.25
M,US,2007-04,5.25
M,US,2007-05,5.25
M,US,2007-06,5.25
M,US,2007-07,5.25
M,US,2007-08,5.25
M,US,2007-09,4.75
M,US,2007-10,4.5
M,US,2007-11,4.5
M,US,2007-12,4.25
M,US,2008-01,3.0
M,US,2008-02,3.0
M,US,2008-03,2.25
M,US,2008-04,2.0
M,US,2008-05,2.0
M,US,2008-06,2.0
M,US,2008-07,2.0
M,US,2008-08,2.0
M,US,2008-09,2.0
M,US,2008-10,1.0
M,US,2008-11,1.0
M,US,2008-12,0.125
M,US,2009-01,0.125
M,US,2009-02,0.125
M,US,2009-03,0.125
M,US,2009-04,0.125
M,US,2009-05,0.125
M,US,2009-06,0.125
M,US,2009-07,0.125
M,US,2009-08,0.125
M,US,2009-09,0.125
M,US,2009-10,0.125
M,US,2009-11,0.125
M,US,2009-12,0.125
M,US,2010-01,0.125
M,US,2010-02,0.125
M,US,2010-03,0.125
M,US,2010-04,0.125
M,US,2010-05,0.125
M,US,2010-06,0.125
M,US,2010-07,0.125
M,US,2010-08,0.125
M,US,2010-09,0.125
M,US,2010-10,0.125
M,US,2010-11,0.125
M,US,2010-12,0.125
M,US,2011-01,0.125
M,US,2011-02,0.125
M,US,2011-03,0.125
M,US,2011-04,0.125
M,US,2011-05,0.125
M,US,2011-06,0.125
M,US,2011-07,0.125
M,US,2011-08,0.125
M,US,2011-09,0.125
M,US,2011-10,0.125
M,US,2011-11,0.125
M,US,2011-12,0.125
M,US,2012-01,0.125
M,US,2012-02,0.125
M,US,2012-03,0.125
M,US,2012-04,0.125
M,US,2012-05,0.125
M,US,2012-06,0.125
M,US,2012-07,0.125
M,US,2012-08,0.125
M,US,2012-09,0.125
M,US,2012-10,0.125
M,US,2012-11,0.125
M,US,2012-12,0.125
M,US,2013-01,0.125
M,US,2013-02,0.125
M,US,2013-03,0.125
M,US,2013-04,0.125
M,US,2013-05,0.125
M,US,2013-06,0.125
M,US,2013-07,0.125
M,US,2013-08,0.125
M,US,2013-09,0.125
M,US,2013-10,0.125
M,US,2013-11,0.125
M,US,2013-12,0.125
M,US,2014-01,0.125
M,US,2014-02,0.125
M,US,2014-03,0.125
M,US,2014-04,0.125
M,US,2014-05,0.125
M,US,2014-06,0.125
M,US,2014-07,0.125
M,US,2014-08,0.125
M,US,2014-09,0.125
M,US,2014-10,0.125
M,US,2014-11,0.125
M,US,2014-12,0.125
M,US,2015-01,0.125
M,US,2015-02,0.125
M,US,2015-03,0.125
M,US,2015-04,0.125
M,US,2015-05,0.125
M,US,2015-06,0.125
M,US,2015-07,0.125
M,US,2015-08,0.125
M,US,2015-09,0.125
M,US,2015-10,0.125
M,US,2015-11,0.125
M,US,2015-12,0.375
M,US,2016-01,0.375
M,US,2016-02,0.375
M,US,2016-03,0.375
M,US,2016-04,0.375
M,US,2016-05,0.375
M,US,2016-06,0.375
M,US,2016-07,0.375
M,US,2016-08,0.375
M,US,2016-09,0.375
M,US,2016-10,0.375
M,US,2016-11,0.375
M,US,2016-12,0.625
M,US,2017-01,0.625
M,US,2017-02,0.625
M,US,2017-03,0.875
M,US,2017-04,0.875
M,US,2017-05,0.875
M,US,2017-06,1.125
M,US,2017-07,1.125
M,US,2017-08,1.125
M,US,2017-09,1.125
M,US,2017-10,1.125
M,US,2017-11,1.125
M,US,2017-12,1.375
M,US,2018-01,1.375
M,US,2018-02,1.375
M,US,2018-03,1.625
M,US,2018-04,1.625
M,US,2018-05,1.625
M,US,2018-06,1.875
M,US,2018-07,1.875
M,US,2018-08,1.875
M,US,2018-09,2.125
M,US,2018-10,2.125
M,US,2018-11,2.125
M,US,2018-12,2.375
M,US,2019-01,2.375
M,US,2019-02,2.375
M,US,2019-03,2.375
M,US,2019-04,2.375
M,US,2019-05,2.375
M,US,2019-06,2.375
M,US,2019-07,2.375
M,US,2019-08,2.125
M,US,2019-09,1.875
M,US,2019-10,1.625
M,US,2019-11,1.625
M,US,2019-12,1.625
M,US,2020-01,1.625
M,US,2020-02,1.625
M,US,2020-03,0.125
M,US,2020-04,0.125
M,US,2020-05,0.125
M,US,2020-06,0.125
M,US,2020-07,0.125
M,US,2020-08,0.125
M,US,2020-09,0.125
M,US,2020-10,0.125
M,US,2020-11,0.125
M,US,2020-12,0.125
M,US,2021-01,0.125
M,US,2021-02,0.125
M,US,2021-03,0.125
M,US,2021-04,0.125
M,US,2021-05,0.125
M,US,2021-06,0.125
M,US,2021-07,0.125
M,US,2021-08,0.125
M,US,2021-09,0.125
M,US,2021-10,0.125
M,US,2021-11,0.125
M,US,2021-12,0.125
M,US,2022-01,0.125
M,US,2022-02,0.125
M,US,2022-03,0.375
M,US,2022-04,0.375
M,US,2022-05,0.875
M,US,2022-06,1.625
M,US,2022-07,2.375
M,US,2022-08,2.375
M,US,2022-09,3.125
M,US,2022-10,3.125
M,US,2022-11,3.875
M,US,2022-12,4.375
M,US,2023-01,4.375
M,US,2023-02,4.625
M,US,2023-03,4.875
M,US,2023-04,4.875
M,US,2023-05,5.125
M,US,2023-06,5.125
M,US,2023-07,5.375
M,US,2023-08,5.375
M,US,2023-09,5.375
M,US,2023-10,5.375
M,US,2023-11,5.375
M,US,2023-12,5.375
M,US,2024-01,5.375
M,US,2024-02,5.375
M,US,2024-03,5.375
M,US,2024-04,5.375
M,US,2024-05,5.375
M,US,2024-06,5.375
M,US,2024-07,5.375
M,US,2024-08,5.375
M,US,2024-09,4.875
M,US,2024-10,4.875
M,US,2024-11,4.625
M,US,2024-12,4.375
M,US,2025-01,4.375
M,US,2025-02,4.375
M,US,2025-03,4.375
M,US,2025-04,4.375
M,US,2025-05,4.375
M,US,2025-06,4.375
M,US,2025-07,4.375
M,US,2025-08,4.375
M,US,2025-09,4.125
M,US,2025-10,3.875
M,US,2025-11,3.875
M,US,2025-12,3.625
M,US,2026-01,3.625
M,CN,2007-01,6.12
M,CN,2007-02,6.12
M,CN,2007-03,6.39
M,CN,2007-04,6.39
M,CN,2007-05,6.57
M,CN,2007-06,6.57
M,CN,2007-07,6.84
M,CN,2007-08,7.02
M,CN,2007-09,7.29
M,CN,2007-10,7.29
M,CN,2007-11,7.29
M,CN,2007-12,7.47
M,CN,2008-01,7.47
M,CN,2008-02,7.47
M,CN,2008-03,7.47
M,CN,2008-04,7.47
M,CN,2008-05,7.47
M,CN,2008-06,7.47
M,CN,2008-07,7.47
M,CN,2008-08,7.47
M,CN,2008-09,7.2
M,CN,2008-10,6.66
M,CN,2008-11,5.58
M,CN,2008-12,5.31
M,CN,2009-01,5.31
M,CN,2009-02,5.31
M,CN,2009-03,5.31
M,CN,2009-04,5.31
M,CN,2009-05,5.31
M,CN,2009-06,5.31
M,CN,2009-07,5.31
M,CN,2009-08,5.31
M,CN,2009-09,5.31
M,CN,2009-10,5.31
M,CN,2009-11,5.31
M,CN,2009-12,5.31
M,CN,2010-01,5.31
M,CN,2010-02,5.31
M,CN,2010-03,5.31
M,CN,2010-04,5.31
M,CN,2010-05,5.31
M,CN,2010-06,5.31
M,CN,2010-07,5.31
M,CN,2010-08,5.31
M,CN,2010-09,5.31
M,CN,2010-10,5.56
M,CN,2010-11,5.56
M,CN,2010-12,5.81
M,CN,2011-01,5.81
M,CN,2011-02,6.06
M,CN,2011-03,6.06
M,CN,2011-04,6.31
M,CN,2011-05,6.31
M,CN,2011-06,6.31
M,CN,2011-07,6.56
M,CN,2011-08,6.56
M,CN,2011-09,6.56
M,CN,2011-10,6.56
M,CN,2011-11,6.56
M,CN,2011-12,6.56
M,CN,2012-01,6.56
M,CN,2012-02,6.56
M,CN,2012-03,6.56
M,CN,2012-04,6.56
M,CN,2012-05,6.56
M,CN,2012-06,6.31
M,CN,2012-07,6.0
M,CN,2012-08,6.0
M,CN,2012-09,6.0
M,CN,2012-10,6.0
M,CN,2012-11,6.0
M,CN,2012-12,6.0
M,CN,2013-01,6.0
M,CN,2013-02,6.0
M,CN,2013-03,6.0
M,CN,2013-04,6.0
M,CN,2013-05,6.0
M,CN,2013-06,6.0
M,CN,2013-07,6.0
M,CN,2013-08,6.0
M,CN,2013-09,6.0
M,CN,2013-10,6.0
M,CN,2013-11,6.0
M,CN,2013-12,6.0
M,CN,2014-01,6.0
M,CN,2014-02,6.0
M,CN,2014-03,6.0
M,CN,2014-04,6.0
M,CN,2014-05,6.0
M,CN,2014-06,6.0
M,CN,2014-07,6.0
M,CN,2014-08,6.0
M,CN,2014-09,6.0
M,CN,2014-10,6.0
M,CN,2014-11,5.6
M,CN,2014-12,5.6
M,CN,2015-01,5.6
M,CN,2015-02,5.6
M,CN,2015-03,5.35
M,CN,2015-04,5.35
M,CN,2015-05,5.1
M,CN,2015-06,4.85
M,CN,2015-07,4.85
M,CN,2015-08,4.6
M,CN,2015-09,4.6
M,CN,2015-10,4.35
M,CN,2015-11,4.35
M,CN,2015-12,4.35
M,CN,2016-01,4.35
M,CN,2016-02,4.35
M,CN,2016-03,4.35
M,CN,2016-04,4.35
M,CN,2016-05,4.35
M,CN,2016-06,4.35
M,CN,2016-07,4.35
M,CN,2016-08,4.35
M,CN,2016-09,4.35
M,CN,2016-10,4.35
M,CN,2016-11,4.35
M,CN,2016-12,4.35
M,CN,2017-01,4.35
M,CN,2017-02,4.35
M,CN,2017-03,4.35
M,CN,2017-04,4.35
M,CN,2017-05,4.35
M,CN,2017-06,4.35
M,CN,2017-07,4.35
M,CN,2017-08,4.35
M,CN,2017-09,4.35
M,CN,2017-10,4.35
M,CN,2017-11,4.35
M,CN,2017-12,4.35
M,CN,2018-01,4.35
M,CN,2018-02,4.35
M,CN,2018-03,4.35
M,CN,2018-04,4.35
M,CN,2018-05,4.35
M,CN,2018-06,4.35
M,CN,2018-07,4.35
M,CN,2018-08,4.35
M,CN,2018-09,4.35
M,CN,2018-10,4.35
M,CN,2018-11,4.35
M,CN,2018-12,4.35
M,CN,2019-01,4.35
M,CN,2019-02,4.35
M,CN,2019-03,4.35
M,CN,2019-04,4.35
M,CN,2019-05,4.35
M,CN,2019-06,4.35
M,CN,2019-07,4.35
M,CN,2019-08,4.25
M,CN,2019-09,4.2
M,CN,2019-10,4.2
M,CN,2019-11,4.15
M,CN,2019-12,4.15
M,CN,2020-01,4.15
M,CN,2020-02,4.05
M,CN,2020-03,4.05
M,CN,2020-04,3.85
M,CN,2020-05,3.85
M,CN,2020-06,3.85
M,CN,2020-07,3.85
M,CN,2020-08,3.85
M,CN,2020-09,3.85
M,CN,2020-10,3.85
M,CN,2020-11,3.85
M,CN,2020-12,3.85
M,CN,2021-01,3.85
M,CN,2021-02,3.85
M,CN,2021-03,3.85
M,CN,2021-04,3.85
M,CN,2021-05,3.85
M,CN,2021-06,3.85
M,CN,2021-07,3.85
M,CN,2021-08,3.85
M,CN,2021-09,3.85
M,CN,2021-10,3.85
M,CN,2021-11,3.85
M,CN,2021-12,3.8
M,CN,2022-01,3.7
M,CN,2022-02,3.7
M,CN,2022-03,3.7
M,CN,2022-04,3.7
M,CN,2022-05,3.7
M,CN,2022-06,3.7
M,CN,2022-07,3.7
M,CN,2022-08,3.65
M,CN,2022-09,3.65
M,CN,2022-10,3.65
M,CN,2022-11,3.65
M,CN,2022-12,3.65
M,CN,2023-01,3.65
M,CN,2023-02,3.65
M,CN,2023-03,3.65
M,CN,2023-04,3.65
M,CN,2023-05,3.65
M,CN,2023-06,3.55
M,CN,2023-07,3.55
M,CN,2023-08,3.45
M,CN,2023-09,3.45
M,CN,2023-10,3.45
M,CN,2023-11,3.45
M,CN,2023-12,3.45
M,CN,2024-01,3.45
M,CN,2024-02,3.45
M,CN,2024-03,3.45
M,CN,2024-04,3.45
M,CN,2024-05,3.45
M,CN,2024-06,3.45
M,CN,2024-07,3.35
M,CN,2024-08,3.35
M,CN,2024-09,3.35
M,CN,2024-10,3.1
M,CN,2024-11,3.1
M,CN,2024-12,3.1
M,CN,2025-01,3.1
M,CN,2025-02,3.1
M,CN,2025-03,3.1
M,CN,2025-04,3.1
M,CN,2025-05,3.0
M,CN,2025-06,3.0
M,CN,2025-07,3.0
M,CN,2025-08,3.0
M,CN,2025-09,3.0
M,CN,2025-10,3.0
M,CN,2025-11,3.0
M,CN,2025-12,3.0
M,CN,2026-01,3.0
M,CA,2007-01,4.25
M,CA,2007-02,4.25
M,CA,2007-03,4.25
M,CA,2007-04,4.25
M,CA,2007-05,4.25
M,CA,2007-06,4.25
M,CA,2007-07,4.5
M,CA,2007-08,4.5
M,CA,2007-09,4.5
M,CA,2007-10,4.5
M,CA,2007-11,4.5
M,CA,2007-12,4.25
M,CA,2008-01,4.0
M,CA,2008-02,4.0
M,CA,2008-03,3.5
M,CA,2008-04,3.0
M,CA,2008-05,3.0
M,CA,2008-06,3.0
M,CA,2008-07,3.0
M,CA,2008-08,3.0
M,CA,2008-09,3.0
M,CA,2008-10,2.25
M,CA,2008-11,2.25
M,CA,2008-12,1.5
M,CA,2009-01,1.0
M,CA,2009-02,1.0
M,CA,2009-03,0.5
M,CA,2009-04,0.25
M,CA,2009-05,0.25
M,CA,2009-06,0.25
M,CA,2009-07,0.25
M,CA,2009-08,0.25
M,CA,2009-09,0.25
M,CA,2009-10,0.25
M,CA,2009-11,0.25
M,CA,2009-12,0.25
M,CA,2010-01,0.25
M,CA,2010-02,0.25
M,CA,2010-03,0.25
M,CA,2010-04,0.25
M,CA,2010-05,0.25
M,CA,2010-06,0.5
M,CA,2010-07,0.75
M,CA,2010-08,0.75
M,CA,2010-09,1.0
M,CA,2010-10,1.0
M,CA,2010-11,1.0
M,CA,2010-12,1.0
M,CA,2011-01,1.0
M,CA,2011-02,1.0
M,CA,2011-03,1.0
M,CA,2011-04,1.0
M,CA,2011-05,1.0
M,CA,2011-06,1.0
M,CA,2011-07,1.0
M,CA,2011-08,1.0
M,CA,2011-09,1.0
M,CA,2011-10,1.0
M,CA,2011-11,1.0
M,CA,2011-12,1.0
M,CA,2012-01,1.0
M,CA,2012-02,1.0
M,CA,2012-03,1.0
M,CA,2012-04,1.0
M,CA,2012-05,1.0
M,CA,2012-06,1.0
M,CA,2012-07,1.0
M,CA,2012-08,1.0
M,CA,2012-09,1.0
M,CA,2012-10,1.0
M,CA,2012-11,1.0
M,CA,2012-12,1.0
M,CA,2013-01,1.0
M,CA,2013-02,1.0
M,CA,2013-03,1.0
M,CA,2013-04,1.0
M,CA,2013-05,1.0
M,CA,2013-06,1.0
M,CA,2013-07,1.0
M,CA,2013-08,1.0
M,CA,2013-09,1.0
M,CA,2013-10,1.0
M,CA,2013-11,1.0
M,CA,2013-12,1.0
M,CA,2014-01,1.0
M,CA,2014-02,1.0
M,CA,2014-03,1.0
M,CA,2014-04,1.0
M,CA,2014-05,1.0
M,CA,2014-06,1.0
M,CA,2014-07,1.0
M,CA,2014-08,1.0
M,CA,2014-09,1.0
M,CA,2014-10,1.0
M,CA,2014-11,1.0
M,CA,2014-12,1.0
M,CA,2015-01,0.75
M,CA,2015-02,0.75
M,CA,2015-03,0.75
M,CA,2015-04,0.75
M,CA,2015-05,0.75
M,CA,2015-06,0.75
M,CA,2015-07,0.5
M,CA,2015-08,0.5
M,CA,2015-09,0.5
M,CA,2015-10,0.5
M,CA,2015-11,0.5
M,CA,2015-12,0.5
M,CA,2016-01,0.5
M,CA,2016-02,0.5
M,CA,2016-03,0.5
M,CA,2016-04,0.5
M,CA,2016-05,0.5
M,CA,2016-06,0.5
M,CA,2016-07,0.5
M,CA,2016-08,0.5
M,CA,2016-09,0.5
M,CA,2016-10,0.5
M,CA,2016-11,0.5
M,CA,2016-12,0.5
M,CA,2017-01,0.5
M,CA,2017-02,0.5
M,CA,2017-03,0.5
M,CA,2017-04,0.5
M,CA,2017-05,0.5
M,CA,2017-06,0.5
M,CA,2017-07,0.75
M,CA,2017-08,0.75
M,CA,2017-09,1.0
M,CA,2017-10,1.0
M,CA,2017-11,1.0
M,CA,2017-12,1.0
M,CA,2018-01,1.25
M,CA,2018-02,1.25
M,CA,2018-03,1.25
M,CA,2018-04,1.25
M,CA,2018-05,1.25
M,CA,2018-06,1.25
M,CA,2018-07,1.5
M,CA,2018-08,1.5
M,CA,2018-09,1.5
M,CA,2018-10,1.75
M,CA,2018-11,1.75
M,CA,2018-12,1.75
M,CA,2019-01,1.75
M,CA,2019-02,1.75
M,CA,2019-03,1.75
M,CA,2019-04,1.75
M,CA,2019-05,1.75
M,CA,2019-06,1.75
M,CA,2019-07,1.75
M,CA,2019-08,1.75
M,CA,2019-09,1.75
M,CA,2019-10,1.75
M,CA,2019-11,1.75
M,CA,2019-12,1.75
M,CA,2020-01,1.75
M,CA,2020-02,1.75
M,CA,2020-03,0.25
M,CA,2020-04,0.25
M,CA,2020-05,0.25
M,CA,2020-06,0.25
M,CA,2020-07,0.25
M,CA,2020-08,0.25
M,CA,2020-09,0.25
M,CA,2020-10,0.25
M,CA,2020-11,0.25
M,CA,2020-12,0.25
M,CA,2021-01,0.25
M,CA,2021-02,0.25
M,CA,2021-03,0.25
M,CA,2021-04,0.25
M,CA,2021-05,0.25
M,CA,2021-06,0.25
M,CA,2021-07,0.25
M,CA,2021-08,0.25
M,CA,2021-09,0.25
M,CA,2021-10,0.25
M,CA,2021-11,0.25
M,CA,2021-12,0.25
M,CA,2022-01,0.25
M,CA,2022-02,0.25
M,CA,2022-03,0.5
M,CA,2022-04,1.0
M,CA,2022-05,1.0
M,CA,2022-06,1.5
M,CA,2022-07,2.5
M,CA,2022-08,2.5
M,CA,2022-09,3.25
M,CA,2022-10,3.75
M,CA,2022-11,3.75
M,CA,2022-12,4.25
M,CA,2023-01,4.5
M,CA,2023-02,4.5
M,CA,2023-03,4.5
M,CA,2023-04,4.5
M,CA,2023-05,4.5
M,CA,2023-06,4.75
M,CA,2023-07,5.0
M,CA,2023-08,5.0
M,CA,2023-09,5.0
M,CA,2023-10,5.0
M,CA,2023-11,5.0
M,CA,2023-12,5.0
M,CA,2024-01,5.0
M,CA,2024-02,5.0
M,CA,2024-03,5.0
M,CA,2024-04,5.0
M,CA,2024-05,5.0
M,CA,2024-06,4.75
M,CA,2024-07,4.5
M,CA,2024-08,4.5
M,CA,2024-09,4.25
M,CA,2024-10,3.75
M,CA,2024-11,3.75
M,CA,2024-12,3.25
M,CA,2025-01,3.0
M,CA,2025-02,3.0
M,CA,2025-03,2.75
M,CA,2025-04,2.75
M,CA,2025-05,2.75
M,CA,2025-06,2.75
M,CA,2025-07,2.75
M,CA,2025-08,2.75
M,CA,2025-09,2.5
M,CA,2025-10,2.25
M,CA,2025-11,2.25
M,CA,2025-12,2.25
M,CA,2026-01,2.25
M,GB,2007-01,5.25
M,GB,2007-02,5.25
M,GB,2007-03,5.25
M,GB,2007-04,5.25
M,GB,2007-05,5.5
M,GB,2007-06,5.5
M,GB,2007-07,5.75
M,GB,2007-08,5.75
M,GB,2007-09,5.75
M,GB,2007-10,5.75
M,GB,2007-11,5.75
M,GB,2007-12,5.5
M,GB,2008-01,5.5
M,GB,2008-02,5.25
M,GB,2008-03,5.25
M,GB,2008-04,5.0
M,GB,2008-05,5.0
M,GB,2008-06,5.0
M,GB,2008-07,5.0
M,GB,2008-08,5.0
M,GB,2008-09,5.0
M,GB,2008-10,4.5
M,GB,2008-11,3.0
M,GB,2008-12,2.0
M,GB,2009-01,1.5
M,GB,2009-02,1.0
M,GB,2009-03,0.5
M,GB,2009-04,0.5
M,GB,2009-05,0.5
M,GB,2009-06,0.5
M,GB,2009-07,0.5
M,GB,2009-08,0.5
M,GB,2009-09,0.5
M,GB,2009-10,0.5
M,GB,2009-11,0.5
M,GB,2009-12,0.5
M,GB,2010-01,0.5
M,GB,2010-02,0.5
M,GB,2010-03,0.5
M,GB,2010-04,0.5
M,GB,2010-05,0.5
M,GB,2010-06,0.5
M,GB,2010-07,0.5
M,GB,2010-08,0.5
M,GB,2010-09,0.5
M,GB,2010-10,0.5
M,GB,2010-11,0.5
M,GB,2010-12,0.5
M,GB,2011-01,0.5
M,GB,2011-02,0.5
M,GB,2011-03,0.5
M,GB,2011-04,0.5
M,GB,2011-05,0.5
M,GB,2011-06,0.5
M,GB,2011-07,0.5
M,GB,2011-08,0.5
M,GB,2011-09,0.5
M,GB,2011-10,0.5
M,GB,2011-11,0.5
M,GB,2011-12,0.5
M,GB,2012-01,0.5
M,GB,2012-02,0.5
M,GB,2012-03,0.5
M,GB,2012-04,0.5
M,GB,2012-05,0.5
M,GB,2012-06,0.5
M,GB,2012-07,0.5
M,GB,2012-08,0.5
M,GB,2012-09,0.5
M,GB,2012-10,0.5
M,GB,2012-11,0.5
M,GB,2012-12,0.5
M,GB,2013-01,0.5
M,GB,2013-02,0.5
M,GB,2013-03,0.5
M,GB,2013-04,0.5
M,GB,2013-05,0.5
M,GB,2013-06,0.5
M,GB,2013-07,0.5
M,GB,2013-08,0.5
M,GB,2013-09,0.5
M,GB,2013-10,0.5
M,GB,2013-11,0.5
M,GB,2013-12,0.5
M,GB,2014-01,0.5
M,GB,2014-02,0.5
M,GB,2014-03,0.5
M,GB,2014-04,0.5
M,GB,2014-05,0.5
M,GB,2014-06,0.5
M,GB,2014-07,0.5
M,GB,2014-08,0.5
M,GB,2014-09,0.5
M,GB,2014-10,0.5
M,GB,2014-11,0.5
M,GB,2014-12,0.5
M,GB,2015-01,0.5
M,GB,2015-02,0.5
M,GB,2015-03,0.5
M,GB,2015-04,0.5
M,GB,2015-05,0.5
M,GB,2015-06,0.5
M,GB,2015-07,0.5
M,GB,2015-08,0.5
M,GB,2015-09,0.5
M,GB,2015-10,0.5
M,GB,2015-11,0.5
M,GB,2015-12,0.5
M,GB,2016-01,0.5
M,GB,2016-02,0.5
M,GB,2016-03,0.5
M,GB,2016-04,0.5
M,GB,2016-05,0.5
M,GB,2016-06,0.5
M,GB,2016-07,0.5
M,GB,2016-08,0.25
M,GB,2016-09,0.25
M,GB,2016-10,0.25
M,GB,2016-11,0.25
M,GB,2016-12,0.25
M,GB,2017-01,0.25
M,GB,2017-02,0.25
M,GB,2017-03,0.25
M,GB,2017-04,0.25
M,GB,2017-05,0.25
M,GB,2017-06,0.25
M,GB,2017-07,0.25
M,GB,2017-08,0.25
M,GB,2017-09,0.25
M,GB,2017-10,0.25
M,GB,2017-11,0.5
M,GB,2017-12,0.5
M,GB,2018-01,0.5
M,GB,2018-02,0.5
M,GB,2018-03,0.5
M,GB,2018-04,0.5
M,GB,2018-05,0.5
M,GB,2018-06,0.5
M,GB,2018-07,0.5
M,GB,2018-08,0.75
M,GB,2018-09,0.75
M,GB,2018-10,0.75
M,GB,2018-11,0.75
M,GB,2018-12,0.75
M,GB,2019-01,0.75
M,GB,2019-02,0.75
M,GB,2019-03,0.75
M,GB,2019-04,0.75
M,GB,2019-05,0.75
M,GB,2019-06,0.75
M,GB,2019-07,0.75
M,GB,2019-08,0.75
M,GB,2019-09,0.75
M,GB,2019-10,0.75
M,GB,2019-11,0.75
M,GB,2019-12,0.75
M,GB,2020-01,0.75
M,GB,2020-02,0.75
M,GB,2020-03,0.1
M,GB,2020-04,0.1
M,GB,2020-05,0.1
M,GB,2020-06,0.1
M,GB,2020-07,0.1
M,GB,2020-08,0.1
M,GB,2020-09,0.1
M,GB,2020-10,0.1
M,GB,2020-11,0.1
M,GB,2020-12,0.1
M,GB,2021-01,0.1
M,GB,2021-02,0.1
M,GB,2021-03,0.1
M,GB,2021-04,0.1
M,GB,2021-05,0.1
M,GB,2021-06,0.1
M,GB,2021-07,0.1
M,GB,2021-08,0.1
M,GB,2021-09,0.1
M,GB,2021-10,0.1
M,GB,2021-11,0.1
M,GB,2021-12,0.25
M,GB,2022-01,0.25
M,GB,2022-02,0.5
M,GB,2022-03,0.75
M,GB,2022-04,0.75
M,GB,2022-05,1.0
M,GB,2022-06,1.25
M,GB,2022-07,1.25
M,GB,2022-08,1.75
M,GB,2022-09,2.25
M,GB,2022-10,2.25
M,GB,2022-11,3.0
M,GB,2022-12,3.5
M,GB,2023-01,3.5
M,GB,2023-02,4.0
M,GB,2023-03,4.25
M,GB,2023-04,4.25
M,GB,2023-05,4.5
M,GB,2023-06,5.0
M,GB,2023-07,5.0
M,GB,2023-08,5.25
M,GB,2023-09,5.25
M,GB,2023-10,5.25
M,GB,2023-11,5.25
M,GB,2023-12,5.25
M,GB,2024-01,5.25
M,GB,2024-02,5.25
M,GB,2024-03,5.25
M,GB,2024-04,5.25
M,GB,2024-05,5.25
M,GB,2024-06,5.25
M,GB,2024-07,5.25
M,GB,2024-08,5.0
M,GB,2024-09,5.0
M,GB,2024-10,5.0
M,GB,2024-11,4.75
M,GB,2024-12,4.75
M,GB,2025-01,4.75
M,GB,2025-02,4.5
M,GB,2025-03,4.5
M,GB,2025-04,4.5
M,GB,2025-05,4.25
M,GB,2025-06,4.25
M,GB,2025-07,4.25
M,GB,2025-08,4.0
M,GB,2025-09,4.0
M,GB,2025-10,4.0
M,GB,2025-11,4.0
M,GB,2025-12,3.75
M,GB,2026-01,3.75
M,JP,2007-01,0.25
M,JP,2007-02,0.5
M,JP,2007-03,0.5
M,JP,2007-04,0.5
M,JP,2007-05,0.5
M,JP,2007-06,0.5
M,JP,2007-07,0.5
M,JP,2007-08,0.5
M,JP,2007-09,0.5
M,JP,2007-10,0.5
M,JP,2007-11,0.5
M,JP,2007-12,0.5
M,JP,2008-01,0.5
M,JP,2008-02,0.5
M,JP,2008-03,0.5
M,JP,2008-04,0.5
M,JP,2008-05,0.5
M,JP,2008-06,0.5
M,JP,2008-07,0.5
M,JP,2008-08,0.5
M,JP,2008-09,0.5
M,JP,2008-10,0.3
M,JP,2008-11,0.3
M,JP,2008-12,0.1
M,JP,2009-01,0.1
M,JP,2009-02,0.1
M,JP,2009-03,0.1
M,JP,2009-04,0.1
M,JP,2009-05,0.1
M,JP,2009-06,0.1
M,JP,2009-07,0.1
M,JP,2009-08,0.1
M,JP,2009-09,0.1
M,JP,2009-10,0.1
M,JP,2009-11,0.1
M,JP,2009-12,0.1
M,JP,2010-01,0.1
M,JP,2010-02,0.1
M,JP,2010-03,0.1
M,JP,2010-04,0.1
M,JP,2010-05,0.1
M,JP,2010-06,0.1
M,JP,2010-07,0.1
M,JP,2010-08,0.1
M,JP,2010-09,0.1
M,JP,2010-10,0.05
M,JP,2010-11,0.05
M,JP,2010-12,0.05
M,JP,2011-01,0.05
M,JP,2011-02,0.05
M,JP,2011-03,0.05
M,JP,2011-04,0.05
M,JP,2011-05,0.05
M,JP,2011-06,0.05
M,JP,2011-07,0.05
M,JP,2011-08,0.05
M,JP,2011-09,0.05
M,JP,2011-10,0.05
M,JP,2011-11,0.05
M,JP,2011-12,0.05
M,JP,2012-01,0.05
M,JP,2012-02,0.05
M,JP,2012-03,0.05
M,JP,2012-04,0.05
M,JP,2012-05,0.05
M,JP,2012-06,0.05
M,JP,2012-07,0.05
M,JP,2012-08,0.05
M,JP,2012-09,0.05
M,JP,2012-10,0.05
M,JP,2012-11,0.05
M,JP,2012-12,0.05
M,JP,2013-01,0.05
M,JP,2013-02,0.05
M,JP,2013-03,0.05
M,JP,2013-04,0.05
M,JP,2016-09,-0.1
M,JP,2016-10,-0.1
M,JP,2016-11,-0.1
M,JP,2016-12,-0.1
M,JP,2017-01,-0.1
M,JP,2017-02,-0.1
M,JP,2017-03,-0.1
M,JP,2017-04,-0.1
M,JP,2017-05,-0.1
M,JP,2017-06,-0.1
M,JP,2017-07,-0.1
M,JP,2017-08,-0.1
M,JP,2017-09,-0.1
M,JP,2017-10,-0.1
M,JP,2017-11,-0.1
M,JP,2017-12,-0.1
M,JP,2018-01,-0.1
M,JP,2018-02,-0.1
M,JP,2018-03,-0.1
M,JP,2018-04,-0.1
M,JP,2018-05,-0.1
M,JP,2018-06,-0.1
M,JP,2018-07,-0.1
M,JP,2018-08,-0.1
M,JP,2018-09,-0.1
M,JP,2018-10,-0.1
M,JP,2018-11,-0.1
M,JP,2018-12,-0.1
M,JP,2019-01,-0.1
M,JP,2019-02,-0.1
M,JP,2019-03,-0.1
M,JP,2019-04,-0.1
M,JP,2019-05,-0.1
M,JP,2019-06,-0.1
M,JP,2019-07,-0.1
M,JP,2019-08,-0.1
M,JP,2019-09,-0.1
M,JP,2019-10,-0.1
M,JP,2019-11,-0.1
M,JP,2019-12,-0.1
M,JP,2020-01,-0.1
M,JP,2020-02,-0.1
M,JP,2020-03,-0.1
M,JP,2020-04,-0.1
M,JP,2020-05,-0.1
M,JP,2020-06,-0.1
M,JP,2020-07,-0.1
M,JP,2020-08,-0.1
M,JP,2020-09,-0.1
M,JP,2020-10,-0.1
M,JP,2020-11,-0.1
M,JP,2020-12,-0.1
M,JP,2021-01,-0.1
M,JP,2021-02,-0.1
M,JP,2021-03,-0.1
M,JP,2021-04,-0.1
M,JP,2021-05,-0.1
M,JP,2021-06,-0.1
M,JP,2021-07,-0.1
M,JP,2021-08,-0.1
M,JP,2021-09,-0.1
M,JP,2021-10,-0.1
M,JP,2021-11,-0.1
M,JP,2021-12,-0.1
M,JP,2022-01,-0.1
M,JP,2022-02,-0.1
M,JP,2022-03,-0.1
M,JP,2022-04,-0.1
M,JP,2022-05,-0.1
M,JP,2022-06,-0.1
M,JP,2022-07,-0.1
M,JP,2022-08,-0.1
M,JP,2022-09,-0.1
M,JP,2022-10,-0.1
M,JP,2022-11,-0.1
M,JP,2022-12,-0.1
M,JP,2023-01,-0.1
M,JP,2023-02,-0.1
M,JP,2023-03,-0.1
M,JP,2023-04,-0.1
M,JP,2023-05,-0.1
M,JP,2023-06,-0.1
M,JP,2023-07,-0.1
M,JP,2023-08,-0.1
M,JP,2023-09,-0.1
M,JP,2023-10,-0.1
M,JP,2023-11,-0.1
M,JP,2023-12,-0.1
M,JP,2024-01,-0.1
M,JP,2024-02,-0.1
M,JP,2024-03,0.05
M,JP,2024-04,0.05
M,JP,2024-05,0.05
M,JP,2024-06,0.05
M,JP,2024-07,0.05
M,JP,2024-08,0.25
M,JP,2024-09,0.25
M,JP,2024-10,0.25
M,JP,2024-11,0.25
M,JP,2024-12,0.25
M,JP,2025-01,0.5
M,JP,2025-02,0.5
M,JP,2025-03,0.5
M,JP,2025-04,0.5
M,JP,2025-05,0.5
M,JP,2025-06,0.5
M,JP,2025-07,0.5
M,JP,2025-08,0.5
M,JP,2025-09,0.5
M,JP,2025-10,0.5
M,JP,2025-11,0.5
M,JP,2025-12,0.75
M,JP,2026-01,0.75
M,AU,2007-01,6.25
M,AU,2007-02,6.25
M,AU,2007-03,6.25
M,AU,2007-04,6.25
M,AU,2007-05,6.25
M,AU,2007-06,6.25
M,AU,2007-07,6.25
M,AU,2007-08,6.5
M,AU,2007-09,6.5
M,AU,2007-10,6.5
M,AU,2007-11,6.75
M,AU,2007-12,6.75
M,AU,2008-01,6.75
M,AU,2008-02,6.9999
M,AU,2008-03,7.2498
M,AU,2008-04,7.25
M,AU,2008-05,7.25
M,AU,2008-06,7.25
M,AU,2008-07,7.25
M,AU,2008-08,7.25
M,AU,2008-09,7.0
M,AU,2008-10,6.0
M,AU,2008-11,5.25
M,AU,2008-12,4.25
M,AU,2009-01,4.25
M,AU,2009-02,3.25
M,AU,2009-03,3.25
M,AU,2009-04,3.0
M,AU,2009-05,3.0
M,AU,2009-06,3.0
M,AU,2009-07,3.0
M,AU,2009-08,3.0
M,AU,2009-09,3.0
M,AU,2009-10,3.25
M,AU,2009-11,3.5
M,AU,2009-12,3.75
M,AU,2010-01,3.75
M,AU,2010-02,3.75
M,AU,2010-03,4.0
M,AU,2010-04,4.25
M,AU,2010-05,4.5
M,AU,2010-06,4.5
M,AU,2010-07,4.5
M,AU,2010-08,4.5
M,AU,2010-09,4.5
M,AU,2010-10,4.5
M,AU,2010-11,4.75
M,AU,2010-12,4.75
M,AU,2011-01,4.75
M,AU,2011-02,4.75
M,AU,2011-03,4.75
M,AU,2011-04,4.75
M,AU,2011-05,4.75
M,AU,2011-06,4.75
M,AU,2011-07,4.75
M,AU,2011-08,4.75
M,AU,2011-09,4.75
M,AU,2011-10,4.75
M,AU,2011-11,4.5
M,AU,2011-12,4.25
M,AU,2012-01,4.25
M,AU,2012-02,4.25
M,AU,2012-03,4.25
M,AU,2012-04,4.25
M,AU,2012-05,3.75
M,AU,2012-06,3.5
M,AU,2012-07,3.5
M,AU,2012-08,3.5
M,AU,2012-09,3.5
M,AU,2012-10,3.25
M,AU,2012-11,3.25
M,AU,2012-12,3.0
M,AU,2013-01,3.0
M,AU,2013-02,3.0
M,AU,2013-03,3.0
M,AU,2013-04,3.0
M,AU,2013-05,2.75
M,AU,2013-06,2.75
M,AU,2013-07,2.75
M,AU,2013-08,2.5
M,AU,2013-09,2.5
M,AU,2013-10,2.5
M,AU,2013-11,2.5
M,AU,2013-12,2.5
M,AU,2014-01,2.5
M,AU,2014-02,2.5
M,AU,2014-03,2.5
M,AU,2014-04,2.5
M,AU,2014-05,2.5
M,AU,2014-06,2.5
M,AU,2014-07,2.5
M,AU,2014-08,2.5
M,AU,2014-09,2.5
M,AU,2014-10,2.5
M,AU,2014-11,2.5
M,AU,2014-12,2.5
M,AU,2015-01,2.5
M,AU,2015-02,2.25
M,AU,2015-03,2.25
M,AU,2015-04,2.25
M,AU,2015-05,2.0
M,AU,2015-06,2.0
M,AU,2015-07,2.0
M,AU,2015-08,2.0
M,AU,2015-09,2.0
M,AU,2015-10,2.0
M,AU,2015-11,2.0
M,AU,2015-12,2.0
M,AU,2016-01,2.0
M,AU,2016-02,2.0
M,AU,2016-03,2.0
M,AU,2016-04,2.0
M,AU,2016-05,1.75
M,AU,2016-06,1.75
M,AU,2016-07,1.75
M,AU,2016-08,1.5
M,AU,2016-09,1.5
M,AU,2016-10,1.5
M,AU,2016-11,1.5
M,AU,2016-12,1.5
M,AU,2017-01,1.5
M,AU,2017-02,1.5
M,AU,2017-03,1.5
M,AU,2017-04,1.5
M,AU,2017-05,1.5
M,AU,2017-06,1.5
M,AU,2017-07,1.5
M,AU,2017-08,1.5
M,AU,2017-09,1.5
M,AU,2017-10,1.5
M,AU,2017-11,1.5
M,AU,2017-12,1.5
M,AU,2018-01,1.5
M,AU,2018-02,1.5
M,AU,2018-03,1.5
M,AU,2018-04,1.5
M,AU,2018-05,1.5
M,AU,2018-06,1.5
M,AU,2018-07,1.5
M,AU,2018-08,1.5
M,AU,2018-09,1.5
M,AU,2018-10,1.5
M,AU,2018-11,1.5
M,AU,2018-12,1.5
M,AU,2019-01,1.5
M,AU,2019-02,1.5
M,AU,2019-03,1.5
M,AU,2019-04,1.5
M,AU,2019-05,1.5
M,AU,2019-06,1.25
M,AU,2019-07,1.0
M,AU,2019-08,1.0
M,AU,2019-09,1.0
M,AU,2019-10,0.75
M,AU,2019-11,0.75
M,AU,2019-12,0.75
M,AU,2020-01,0.75
M,AU,2020-02,0.75
M,AU,2020-03,0.25
M,AU,2020-04,0.25
M,AU,2020-05,0.25
M,AU,2020-06,0.25
M,AU,2020-07,0.25
M,AU,2020-08,0.25
M,AU,2020-09,0.25
M,AU,2020-10,0.25
M,AU,2020-11,0.1
M,AU,2020-12,0.1
M,AU,2021-01,0.1
M,AU,2021-02,0.1
M,AU,2021-03,0.1
M,AU,2021-04,0.1
M,AU,2021-05,0.1
M,AU,2021-06,0.1
M,AU,2021-07,0.1
M,AU,2021-08,0.1
M,AU,2021-09,0.1
M,AU,2021-10,0.1
M,AU,2021-11,0.1
M,AU,2021-12,0.1
M,AU,2022-01,0.1
M,AU,2022-02,0.1
M,AU,2022-03,0.1
M,AU,2022-04,0.1
M,AU,2022-05,0.35
M,AU,2022-06,0.85
M,AU,2022-07,1.35
M,AU,2022-08,1.85
M,AU,2022-09,2.35
M,AU,2022-10,2.6
M,AU,2022-11,2.85
M,AU,2022-12,3.1
M,AU,2023-01,3.1
M,AU,2023-02,3.35
M,AU,2023-03,3.6
M,AU,2023-04,3.6
M,AU,2023-05,3.85
M,AU,2023-06,4.1
M,AU,2023-07,4.1
M,AU,2023-08,4.1
M,AU,2023-09,4.1
M,AU,2023-10,4.1
M,AU,2023-11,4.35
M,AU,2023-12,4.35
M,AU,2024-01,4.35
M,AU,2024-02,4.35
M,AU,2024-03,4.35
M,AU,2024-04,4.35
M,AU,2024-05,4.35
M,AU,2024-06,4.35
M,AU,2024-07,4.35
M,AU,2024-08,4.35
M,AU,2024-09,4.35
M,AU,2024-10,4.35
M,AU,2024-11,4.35
M,AU,2024-12,4.35
M,AU,2025-01,4.35
M,AU,2025-02,4.1
M,AU,2025-03,4.1
M,AU,2025-04,4.1
M,AU,2025-05,3.85
M,AU,2025-06,3.85
M,AU,2025-07,3.85
M,AU,2025-08,3.6
M,AU,2025-09,3.6
M,AU,2025-10,3.6
M,AU,2025-11,3.6
M,AU,2025-12,3.6
M,AU,2026-01,3.6
M,KR,2007-01,4.5
M,KR,2007-02,4.5
M,KR,2007-03,4.5
M,KR,2007-04,4.5
M,KR,2007-05,4.5
M,KR,2007-06,4.5
M,KR,2007-07,4.75
M,KR,2007-08,5.0
M,KR,2007-09,5.0
M,KR,2007-10,5.0
M,KR,2007-11,5.0
M,KR,2007-12,5.0
M,KR,2008-01,5.0
M,KR,2008-02,5.0
M,KR,2008-03,5.0
M,KR,2008-04,5.0
M,KR,2008-05,5.0
M,KR,2008-06,5.0
M,KR,2008-07,5.0
M,KR,2008-08,5.25
M,KR,2008-09,5.25
M,KR,2008-10,4.25
M,KR,2008-11,4.0
M,KR,2008-12,3.0
M,KR,2009-01,2.5
M,KR,2009-02,2.0
M,KR,2009-03,2.0
M,KR,2009-04,2.0
M,KR,2009-05,2.0
M,KR,2009-06,2.0
M,KR,2009-07,2.0
M,KR,2009-08,2.0
M,KR,2009-09,2.0
M,KR,2009-10,2.0
M,KR,2009-11,2.0
M,KR,2009-12,2.0
M,KR,2010-01,2.0
M,KR,2010-02,2.0
M,KR,2010-03,2.0
M,KR,2010-04,2.0
M,KR,2010-05,2.0
M,KR,2010-06,2.0
M,KR,2010-07,2.25
M,KR,2010-08,2.25
M,KR,2010-09,2.25
M,KR,2010-10,2.25
M,KR,2010-11,2.5
M,KR,2010-12,2.5
M,KR,2011-01,2.75
M,KR,2011-02,2.75
M,KR,2011-03,3.0
M,KR,2011-04,3.0
M,KR,2011-05,3.0
M,KR,2011-06,3.25
M,KR,2011-07,3.25
M,KR,2011-08,3.25
M,KR,2011-09,3.25
M,KR,2011-10,3.25
M,KR,2011-11,3.25
M,KR,2011-12,3.25
M,KR,2012-01,3.25
M,KR,2012-02,3.25
M,KR,2012-03,3.25
M,KR,2012-04,3.25
M,KR,2012-05,3.25
M,KR,2012-06,3.25
M,KR,2012-07,3.0
M,KR,2012-08,3.0
M,KR,2012-09,3.0
M,KR,2012-10,2.75
M,KR,2012-11,2.75
M,KR,2012-12,2.75
M,KR,2013-01,2.75
M,KR,2013-02,2.75
M,KR,2013-03,2.75
M,KR,2013-04,2.75
M,KR,2013-05,2.5
M,KR,2013-06,2.5
M,KR,2013-07,2.5
M,KR,2013-08,2.5
M,KR,2013-09,2.5
M,KR,2013-10,2.5
M,KR,2013-11,2.5
M,KR,2013-12,2.5
M,KR,2014-01,2.5
M,KR,2014-02,2.5
M,KR,2014-03,2.5
M,KR,2014-04,2.5
M,KR,2014-05,2.5
M,KR,2014-06,2.5
M,KR,2014-07,2.5
M,KR,2014-08,2.25
M,KR,2014-09,2.25
M,KR,2014-10,2.0
M,KR,2014-11,2.0
M,KR,2014-12,2.0
M,KR,2015-01,2.0
M,KR,2015-02,2.0
M,KR,2015-03,1.75
M,KR,2015-04,1.75
M,KR,2015-05,1.75
M,KR,2015-06,1.5
M,KR,2015-07,1.5
M,KR,2015-08,1.5
M,KR,2015-09,1.5
M,KR,2015-10,1.5
M,KR,2015-11,1.5
M,KR,2015-12,1.5
M,KR,2016-01,1.5
M,KR,2016-02,1.5
M,KR,2016-03,1.5
M,KR,2016-04,1.5
M,KR,2016-05,1.5
M,KR,2016-06,1.25
M,KR,2016-07,1.25
M,KR,2016-08,1.25
M,KR,2016-09,1.25
M,KR,2016-10,1.25
M,KR,2016-11,1.25
M,KR,2016-12,1.25
M,KR,2017-01,1.25
M,KR,2017-02,1.25
M,KR,2017-03,1.25
M,KR,2017-04,1.25
M,KR,2017-05,1.25
M,KR,2017-06,1.25
M,KR,2017-07,1.25
M,KR,2017-08,1.25
M,KR,2017-09,1.25
M,KR,2017-10,1.25
M,KR,2017-11,1.5
M,KR,2017-12,1.5
M,KR,2018-01,1.5
M,KR,2018-02,1.5
M,KR,2018-03,1.5
M,KR,2018-04,1.5
M,KR,2018-05,1.5
M,KR,2018-06,1.5
M,KR,2018-07,1.5
M,KR,2018-08,1.5
M,KR,2018-09,1.5
M,KR,2018-10,1.5
M,KR,2018-11,1.75
M,KR,2018-12,1.75
M,KR,2019-01,1.75
M,KR,2019-02,1.75
M,KR,2019-03,1.75
M,KR,2019-04,1.75
M,KR,2019-05,1.75
M,KR,2019-06,1.75
M,KR,2019-07,1.5
M,KR,2019-08,1.5
M,KR,2019-09,1.5
M,KR,2019-10,1.25
M,KR,2019-11,1.25
M,KR,2019-12,1.25
M,KR,2020-01,1.25
M,KR,2020-02,1.25
M,KR,2020-03,0.75
M,KR,2020-04,0.75
M,KR,2020-05,0.5
M,KR,2020-06,0.5
M,KR,2020-07,0.5
M,KR,2020-08,0.5
M,KR,2020-09,0.5
M,KR,2020-10,0.5
M,KR,2020-11,0.5
M,KR,2020-12,0.5
M,KR,2021-01,0.5
M,KR,2021-02,0.5
M,KR,2021-03,0.5
M,KR,2021-04,0.5
M,KR,2021-05,0.5
M,KR,2021-06,0.5
M,KR,2021-07,0.5
M,KR,2021-08,0.75
M,KR,2021-09,0.75
M,KR,2021-10,0.75
M,KR,2021-11,1.0
M,KR,2021-12,1.0
M,KR,2022-01,1.25
M,KR,2022-02,1.25
M,KR,2022-03,1.25
M,KR,2022-04,1.5
M,KR,2022-05,1.75
M,KR,2022-06,1.75
M,KR,2022-07,2.25
M,KR,2022-08,2.5
M,KR,2022-09,2.5
M,KR,2022-10,3.0
M,KR,2022-11,3.25
M,KR,2022-12,3.25
M,KR,2023-01,3.5
M,KR,2023-02,3.5
M,KR,2023-03,3.5
M,KR,2023-04,3.5
M,KR,2023-05,3.5
M,KR,2023-06,3.5
M,KR,2023-07,3.5
M,KR,2023-08,3.5
M,KR,2023-09,3.5
M,KR,2023-10,3.5
M,KR,2023-11,3.5
M,KR,2023-12,3.5
M,KR,2024-01,3.5
M,KR,2024-02,3.5
M,KR,2024-03,3.5
M,KR,2024-04,3.5
M,KR,2024-05,3.5
M,KR,2024-06,3.5
M,KR,2024-07,3.5
M,KR,2024-08,3.5
M,KR,2024-09,3.5
M,KR,2024-10,3.25
M,KR,2024-11,3.0
M,KR,2024-12,3.0
M,KR,2025-01,3.0
M,KR,2025-02,2.75
M,KR,2025-03,2.75
M,KR,2025-04,2.75
M,KR,2025-05,2.5
M,KR,2025-06,2.5
M,KR,2025-07,2.5
M,KR,2025-08,2.5
M,KR,2025-09,2.5
M,KR,2025-10,2.5
M,KR,2025-11,2.5
M,KR,2025-12,2.5
