FREQ,EER_TYPE,EER_BASKET,REF_AREA,TIME_PERIOD,OBS_VALUE
M,R,N,KR,2007-01,112.92
M,R,N,KR,2007-02,113.38
M,R,N,KR,2007-03,111.55
M,R,N,KR,2007-04,112.42
M,R,N,KR,2007-05,113.0
M,R,N,KR,2007-06,113.43
M,R,N,KR,2007-07,113.8
M,R,N,KR,2007-08,110.88
M,R,N,KR,2007-09,110.69
M,R,N,KR,2007-10,111.04
M,R,N,KR,2007-11,107.89
M,R,N,KR,2007-12,107.59
M,R,N,KR,2008-01,105.26
M,R,N,KR,2008-02,104.57
M,R,N,KR,2008-03,97.57
M,R,N,KR,2008-04,96.95
M,R,N,KR,2008-05,93.28
M,R,N,KR,2008-06,94.35
M,R,N,KR,2008-07,95.67
M,R,N,KR,2008-08,95.45
M,R,N,KR,2008-09,89.13
M,R,N,KR,2008-10,77.87
M,R,N,KR,2008-11,74.78
M,R,N,KR,2008-12,74.24
M,R,N,KR,2009-01,75.7
M,R,N,KR,2009-02,73.43
M,R,N,KR,2009-03,74.04
M,R,N,KR,2009-04,80.04
M,R,N,KR,2009-05,83.19
M,R,N,KR,2009-06,81.52
M,R,N,KR,2009-07,81.36
M,R,N,KR,2009-08,82.32
M,R,N,KR,2009-09,82.7
M,R,N,KR,2009-10,84.31
M,R,N,KR,2009-11,84.66
M,R,N,KR,2009-12,85.57
M,R,N,KR,2010-01,89.11
M,R,N,KR,2010-02,88.68
M,R,N,KR,2010-03,90.18
M,R,N,KR,2010-04,92.82
M,R,N,KR,2010-05,90.43
M,R,N,KR,2010-06,87.29
M,R,N,KR,2010-07,86.09
M,R,N,KR,2010-08,87.08
M,R,N,KR,2010-09,88.26
M,R,N,KR,2010-10,88.24
M,R,N,KR,2010-11,87.62
M,R,N,KR,2010-12,87.62
M,R,N,KR,2011-01,89.86
M,R,N,KR,2011-02,89.7
M,R,N,KR,2011-03,88.38
M,R,N,KR,2011-04,90.21
M,R,N,KR,2011-05,89.68
M,R,N,KR,2011-06,89.95
M,R,N,KR,2011-07,92.02
M,R,N,KR,2011-08,90.3
M,R,N,KR,2011-09,87.87
M,R,N,KR,2011-10,85.73
M,R,N,KR,2011-11,87.83
M,R,N,KR,2011-12,87.82
M,R,N,KR,2012-01,88.55
M,R,N,KR,2012-02,89.61
M,R,N,KR,2012-03,89.99
M,R,N,KR,2012-04,88.71
M,R,N,KR,2012-05,87.78
M,R,N,KR,2012-06,87.97
M,R,N,KR,2012-07,89.75
M,R,N,KR,2012-08,90.1
M,R,N,KR,2012-09,89.78
M,R,N,KR,2012-10,90.91
M,R,N,KR,2012-11,93.33
M,R,N,KR,2012-12,94.51
M,R,N,KR,2013-01,97.36
M,R,N,KR,2013-02,96.74
M,R,N,KR,2013-03,96.33
M,R,N,KR,2013-04,95.14
M,R,N,KR,2013-05,96.85
M,R,N,KR,2013-06,93.61
M,R,N,KR,2013-07,95.61
M,R,N,KR,2013-08,95.73
M,R,N,KR,2013-09,98.47
M,R,N,KR,2013-10,98.57
M,R,N,KR,2013-11,100.02
M,R,N,KR,2013-12,101.28
M,R,N,KR,2014-01,101.45
M,R,N,KR,2014-02,100.73
M,R,N,KR,2014-03,100.09
M,R,N,KR,2014-04,102.03
M,R,N,KR,2014-05,103.69
M,R,N,KR,2014-06,104.36
M,R,N,KR,2014-07,104.48
M,R,N,KR,2014-08,105.17
M,R,N,KR,2014-09,105.87
M,R,N,KR,2014-10,104.14
M,R,N,KR,2014-11,103.1
M,R,N,KR,2014-12,104.53
M,R,N,KR,2015-01,109.12
M,R,N,KR,2015-02,108.49
M,R,N,KR,2015-03,108.8
M,R,N,KR,2015-04,110.9
M,R,N,KR,2015-05,108.89
M,R,N,KR,2015-06,107.5
M,R,N,KR,2015-07,105.79
M,R,N,KR,2015-08,103.21
M,R,N,KR,2015-09,101.95
M,R,N,KR,2015-10,105.21
M,R,N,KR,2015-11,106.45
M,R,N,KR,2015-12,104.74
M,R,N,KR,2016-01,103.11
M,R,N,KR,2016-02,100.7
M,R,N,KR,2016-03,101.85
M,R,N,KR,2016-04,103.38
M,R,N,KR,2016-05,101.0
M,R,N,KR,2016-06,101.02
M,R,N,KR,2016-07,103.6
M,R,N,KR,2016-08,105.5
M,R,N,KR,2016-09,106.28
M,R,N,KR,2016-10,105.61
M,R,N,KR,2016-11,104.18
M,R,N,KR,2016-12,104.82
M,R,N,KR,2017-01,105.83
M,R,N,KR,2017-02,108.44
M,R,N,KR,2017-03,108.7
M,R,N,KR,2017-04,107.29
M,R,N,KR,2017-05,107.46
M,R,N,KR,2017-06,105.68
M,R,N,KR,2017-07,105.13
M,R,N,KR,2017-08,104.31
M,R,N,KR,2017-09,103.7
M,R,N,KR,2017-10,104.78
M,R,N,KR,2017-11,106.94
M,R,N,KR,2017-12,108.58
M,R,N,KR,2018-01,109.0
M,R,N,KR,2018-02,107.09
M,R,N,KR,2018-03,107.19
M,R,N,KR,2018-04,107.86
M,R,N,KR,2018-05,109.0
M,R,N,KR,2018-06,107.64
M,R,N,KR,2018-07,104.95
M,R,N,KR,2018-08,106.21
M,R,N,KR,2018-09,106.88
M,R,N,KR,2018-10,106.12
M,R,N,KR,2018-11,106.72
M,R,N,KR,2018-12,106.69
M,R,N,KR,2019-01,105.96
M,R,N,KR,2019-02,106.43
M,R,N,KR,2019-03,105.21
M,R,N,KR,2019-04,104.38
M,R,N,KR,2019-05,100.91
M,R,N,KR,2019-06,100.95
M,R,N,KR,2019-07,100.53
M,R,N,KR,2019-08,98.15
M,R,N,KR,2019-09,100.08
M,R,N,KR,2019-10,100.87
M,R,N,KR,2019-11,101.69
M,R,N,KR,2019-12,101.0
M,R,N,KR,2020-01,102.0
M,R,N,KR,2020-02,100.59
M,R,N,KR,2020-03,98.63
M,R,N,KR,2020-04,98.91
M,R,N,KR,2020-05,97.89
M,R,N,KR,2020-06,98.26
M,R,N,KR,2020-07,97.93
M,R,N,KR,2020-08,98.08
M,R,N,KR,2020-09,99.24
M,R,N,KR,2020-10,101.28
M,R,N,KR,2020-11,103.3
M,R,N,KR,2020-12,103.9
M,R,N,KR,2021-01,103.66
M,R,N,KR,2021-02,103.22
M,R,N,KR,2021-03,102.69
M,R,N,KR,2021-04,103.46
M,R,N,KR,2021-05,101.85
M,R,N,KR,2021-06,101.98
M,R,N,KR,2021-07,100.82
M,R,N,KR,2021-08,99.75
M,R,N,KR,2021-09,98.81
M,R,N,KR,2021-10,98.69
M,R,N,KR,2021-11,99.32
M,R,N,KR,2021-12,99.66
M,R,N,KR,2022-01,98.92
M,R,N,KR,2022-02,98.69
M,R,N,KR,2022-03,97.78
M,R,N,KR,2022-04,98.68
M,R,N,KR,2022-05,97.72
M,R,N,KR,2022-06,97.56
M,R,N,KR,2022-07,97.37
M,R,N,KR,2022-08,95.8
M,R,N,KR,2022-09,92.74
M,R,N,KR,2022-10,91.39
M,R,N,KR,2022-11,93.72
M,R,N,KR,2022-12,95.99
M,R,N,KR,2023-01,98.6
M,R,N,KR,2023-02,96.55
M,R,N,KR,2023-03,94.45
M,R,N,KR,2023-04,92.1
M,R,N,KR,2023-05,92.73
M,R,N,KR,2023-06,95.29
M,R,N,KR,2023-07,95.56
M,R,N,KR,2023-08,94.39
M,R,N,KR,2023-09,95.05
M,R,N,KR,2023-10,94.76
M,R,N,KR,2023-11,96.69
M,R,N,KR,2023-12,95.34
M,R,N,KR,2024-01,94.3
M,R,N,KR,2024-02,94.92
M,R,N,KR,2024-03,94.47
M,R,N,KR,2024-04,92.81
M,R,N,KR,2024-05,92.91
M,R,N,KR,2024-06,92.04
M,R,N,KR,2024-07,91.81
M,R,N,KR,2024-08,92.05
M,R,N,KR,2024-09,92.73
M,R,N,KR,2024-10,91.96
M,R,N,KR,2024-11,91.08
M,R,N,KR,2024-12,88.98
M,R,N,KR,2025-01,89.51
M,R,N,KR,2025-02,89.12
M,R,N,KR,2025-03,86.82
M,R,N,KR,2025-04,85.79
M,R,N,KR,2025-05,87.81
M,R,N,KR,2025-06,88.39
M,R,N,KR,2025-07,87.52
M,R,N,KR,2025-08,86.95
M,R,N,KR,2025-09,86.92
M,R,N,KR,2025-10,85.87
M,R,N,KR,2025-11,84.37
M,R,N,KR,2025-12,83.93
M,R,N,KR,2026-01,84.72
M,R,N,JP,2007-01,97.73
M,R,N,JP,2007-02,96.6
M,R,N,JP,2007-03,98.83
M,R,N,JP,2007-04,96.16
M,R,N,JP,2007-05,94.51
M,R,N,JP,2007-06,92.8
M,R,N,JP,2007-07,92.43
M,R,N,JP,2007-08,97.38
M,R,N,JP,2007-09,97.69
M,R,N,JP,2007-10,95.11
M,R,N,JP,2007-11,97.87
M,R,N,JP,2007-12,97.49
M,R,N,JP,2008-01,101.14
M,R,N,JP,2008-02,100.62
M,R,N,JP,2008-03,104.89
M,R,N,JP,2008-04,101.98
M,R,N,JP,2008-05,101.48
M,R,N,JP,2008-06,98.76
M,R,N,JP,2008-07,98.0
M,R,N,JP,2008-08,98.99
M,R,N,JP,2008-09,104.66
M,R,N,JP,2008-10,118.44
M,R,N,JP,2008-11,126.11
M,R,N,JP,2008-12,132.1
M,R,N,JP,2009-01,133.29
M,R,N,JP,2009-02,132.59
M,R,N,JP,2009-03,125.02
M,R,N,JP,2009-04,120.8
M,R,N,JP,2009-05,119.5
M,R,N,JP,2009-06,117.54
M,R,N,JP,2009-07,119.8
M,R,N,JP,2009-08,118.03
M,R,N,JP,2009-09,121.16
M,R,N,JP,2009-10,120.23
M,R,N,JP,2009-11,120.94
M,R,N,JP,2009-12,120.64
M,R,N,JP,2010-01,118.93
M,R,N,JP,2010-02,122.28
M,R,N,JP,2010-03,121.15
M,R,N,JP,2010-04,116.68
M,R,N,JP,2010-05,122.18
M,R,N,JP,2010-06,125.44
M,R,N,JP,2010-07,127.34
M,R,N,JP,2010-08,129.26
M,R,N,JP,2010-09,129.48
M,R,N,JP,2010-10,129.77
M,R,N,JP,2010-11,128.62
M,R,N,JP,2010-12,128.02
M,R,N,JP,2011-01,127.25
M,R,N,JP,2011-02,125.62
M,R,N,JP,2011-03,125.44
M,R,N,JP,2011-04,120.2
M,R,N,JP,2011-05,123.15
M,R,N,JP,2011-06,124.01
M,R,N,JP,2011-07,125.29
M,R,N,JP,2011-08,129.18
M,R,N,JP,2011-09,132.83
M,R,N,JP,2011-10,134.35
M,R,N,JP,2011-11,132.32
M,R,N,JP,2011-12,133.13
M,R,N,JP,2012-01,135.11
M,R,N,JP,2012-02,130.44
M,R,N,JP,2012-03,123.97
M,R,N,JP,2012-04,125.71
M,R,N,JP,2012-05,129.74
M,R,N,JP,2012-06,131.26
M,R,N,JP,2012-07,131.47
M,R,N,JP,2012-08,130.73
M,R,N,JP,2012-09,129.18
M,R,N,JP,2012-10,127.05
M,R,N,JP,2012-11,123.99
M,R,N,JP,2012-12,118.86
M,R,N,JP,2013-01,111.41
M,R,N,JP,2013-02,106.21
M,R,N,JP,2013-03,105.47
M,R,N,JP,2013-04,102.49
M,R,N,JP,2013-05,99.59
M,R,N,JP,2013-06,103.33
M,R,N,JP,2013-07,101.55
M,R,N,JP,2013-08,102.88
M,R,N,JP,2013-09,100.76
M,R,N,JP,2013-10,101.3
M,R,N,JP,2013-11,99.52
M,R,N,JP,2013-12,95.83
M,R,N,JP,2014-01,95.89
M,R,N,JP,2014-02,97.46
M,R,N,JP,2014-03,96.45
M,R,N,JP,2014-04,97.57
M,R,N,JP,2014-05,98.38
M,R,N,JP,2014-06,98.07
M,R,N,JP,2014-07,98.69
M,R,N,JP,2014-08,98.37
M,R,N,JP,2014-09,95.72
M,R,N,JP,2014-10,96.03
M,R,N,JP,2014-11,90.28
M,R,N,JP,2014-12,89.15
M,R,N,JP,2015-01,91.99
M,R,N,JP,2015-02,92.12
M,R,N,JP,2015-03,92.19
M,R,N,JP,2015-04,92.62
M,R,N,JP,2015-05,90.52
M,R,N,JP,2015-06,88.25
M,R,N,JP,2015-07,89.78
M,R,N,JP,2015-08,90.65
M,R,N,JP,2015-09,93.16
M,R,N,JP,2015-10,92.56
M,R,N,JP,2015-11,91.95
M,R,N,JP,2015-12,92.82
M,R,N,JP,2016-01,96.51
M,R,N,JP,2016-02,98.6
M,R,N,JP,2016-03,98.85
M,R,N,JP,2016-04,100.49
M,R,N,JP,2016-05,101.73
M,R,N,JP,2016-06,104.84
M,R,N,JP,2016-07,106.55
M,R,N,JP,2016-08,108.49
M,R,N,JP,2016-09,107.73
M,R,N,JP,2016-10,107.14
M,R,N,JP,2016-11,104.22
M,R,N,JP,2016-12,98.05
M,R,N,JP,2017-01,98.34
M,R,N,JP,2017-02,98.77
M,R,N,JP,2017-03,98.18
M,R,N,JP,2017-04,100.49
M,R,N,JP,2017-05,97.66
M,R,N,JP,2017-06,97.99
M,R,N,JP,2017-07,95.59
M,R,N,JP,2017-08,96.97
M,R,N,JP,2017-09,95.71
M,R,N,JP,2017-10,94.58
M,R,N,JP,2017-11,94.81
M,R,N,JP,2017-12,94.38
M,R,N,JP,2018-01,94.65
M,R,N,JP,2018-02,96.44
M,R,N,JP,2018-03,97.64
M,R,N,JP,2018-04,96.04
M,R,N,JP,2018-05,95.86
M,R,N,JP,2018-06,96.1
M,R,N,JP,2018-07,95.27
M,R,N,JP,2018-08,96.44
M,R,N,JP,2018-09,95.17
M,R,N,JP,2018-10,95.26
M,R,N,JP,2018-11,95.41
M,R,N,JP,2018-12,96.25
M,R,N,JP,2019-01,99.0
M,R,N,JP,2019-02,97.43
M,R,N,JP,2019-03,96.55
M,R,N,JP,2019-04,96.22
M,R,N,JP,2019-05,98.38
M,R,N,JP,2019-06,99.43
M,R,N,JP,2019-07,99.52
M,R,N,JP,2019-08,102.58
M,R,N,JP,2019-09,101.35
M,R,N,JP,2019-10,100.38
M,R,N,JP,2019-11,99.56
M,R,N,JP,2019-12,98.87
M,R,N,JP,2020-01,98.54
M,R,N,JP,2020-02,98.66
M,R,N,JP,2020-03,102.05
M,R,N,JP,2020-04,102.92
M,R,N,JP,2020-05,103.03
M,R,N,JP,2020-06,100.2
M,R,N,JP,2020-07,100.18
M,R,N,JP,2020-08,99.45
M,R,N,JP,2020-09,99.43
M,R,N,JP,2020-10,99.1
M,R,N,JP,2020-11,98.81
M,R,N,JP,2020-12,97.62
M,R,N,JP,2021-01,97.56
M,R,N,JP,2021-02,95.94
M,R,N,JP,2021-03,93.52
M,R,N,JP,2021-04,91.56
M,R,N,JP,2021-05,90.72
M,R,N,JP,2021-06,89.89
M,R,N,JP,2021-07,90.76
M,R,N,JP,2021-08,91.06
M,R,N,JP,2021-09,90.93
M,R,N,JP,2021-10,88.28
M,R,N,JP,2021-11,87.89
M,R,N,JP,2021-12,88.07
M,R,N,JP,2022-01,86.92
M,R,N,JP,2022-02,86.41
M,R,N,JP,2022-03,84.2
M,R,N,JP,2022-04,79.58
M,R,N,JP,2022-05,78.87
M,R,N,JP,2022-06,75.25
M,R,N,JP,2022-07,75.24
M,R,N,JP,2022-08,76.32
M,R,N,JP,2022-09,73.65
M,R,N,JP,2022-10,72.13
M,R,N,JP,2022-11,73.0
M,R,N,JP,2022-12,75.63
M,R,N,JP,2023-01,77.27
M,R,N,JP,2023-02,75.3
M,R,N,JP,2023-03,75.22
M,R,N,JP,2023-04,74.81
M,R,N,JP,2023-05,72.95
M,R,N,JP,2023-06,70.48
M,R,N,JP,2023-07,70.26
M,R,N,JP,2023-08,69.03
M,R,N,JP,2023-09,68.32
M,R,N,JP,2023-10,68.5
M,R,N,JP,2023-11,67.48
M,R,N,JP,2023-12,69.42
M,R,N,JP,2024-01,68.49
M,R,N,JP,2024-02,66.96
M,R,N,JP,2024-03,66.65
M,R,N,JP,2024-04,65.72
M,R,N,JP,2024-05,64.69
M,R,N,JP,2024-06,64.19
M,R,N,JP,2024-07,64.23
M,R,N,JP,2024-08,68.93
M,R,N,JP,2024-09,69.74
M,R,N,JP,2024-10,67.68
M,R,N,JP,2024-11,67.35
M,R,N,JP,2024-12,68.14
M,R,N,JP,2025-01,67.79
M,R,N,JP,2025-02,69.03
M,R,N,JP,2025-03,69.48
M,R,N,JP,2025-04,70.82
M,R,N,JP,2025-05,69.47
M,R,N,JP,2025-06,68.45
M,R,N,JP,2025-07,67.1
M,R,N,JP,2025-08,67.11
M,R,N,JP,2025-09,66.63
M,R,N,JP,2025-10,65.91
M,R,N,JP,2025-11,65.15
M,R,N,JP,2025-12,64.26
M,R,N,JP,2026-01,63.91
M,R,N,IT,2007-01,104.59
M,R,N,IT,2007-02,104.78
M,R,N,IT,2007-03,104.7
M,R,N,IT,2007-04,104.64
M,R,N,IT,2007-05,104.84
M,R,N,IT,2007-06,104.85
M,R,N,IT,2007-07,105.4
M,R,N,IT,2007-08,105.31
M,R,N,IT,2007-09,105.43
M,R,N,IT,2007-10,105.72
M,R,N,IT,2007-11,106.1
M,R,N,IT,2007-12,106.25
M,R,N,IT,2008-01,107.03
M,R,N,IT,2008-02,106.77
M,R,N,IT,2008-03,107.43
M,R,N,IT,2008-04,107.89
M,R,N,IT,2008-05,107.72
M,R,N,IT,2008-06,107.79
M,R,N,IT,2008-07,108.42
M,R,N,IT,2008-08,108.03
M,R,N,IT,2008-09,107.03
M,R,N,IT,2008-10,105.97
M,R,N,IT,2008-11,105.86
M,R,N,IT,2008-12,107.45
M,R,N,IT,2009-01,107.36
M,R,N,IT,2009-02,106.67
M,R,N,IT,2009-03,107.51
M,R,N,IT,2009-04,107.25
M,R,N,IT,2009-05,107.51
M,R,N,IT,2009-06,107.69
M,R,N,IT,2009-07,108.07
M,R,N,IT,2009-08,108.11
M,R,N,IT,2009-09,108.33
M,R,N,IT,2009-10,108.54
M,R,N,IT,2009-11,108.37
M,R,N,IT,2009-12,107.99
M,R,N,IT,2010-01,107.68
M,R,N,IT,2010-02,106.55
M,R,N,IT,2010-03,106.07
M,R,N,IT,2010-04,105.66
M,R,N,IT,2010-05,104.44
M,R,N,IT,2010-06,103.68
M,R,N,IT,2010-07,104.78
M,R,N,IT,2010-08,104.71
M,R,N,IT,2010-09,104.45
M,R,N,IT,2010-10,105.65
M,R,N,IT,2010-11,105.06
M,R,N,IT,2010-12,104.12
M,R,N,IT,2011-01,104.63
M,R,N,IT,2011-02,104.86
M,R,N,IT,2011-03,105.12
M,R,N,IT,2011-04,105.92
M,R,N,IT,2011-05,105.45
M,R,N,IT,2011-06,105.52
M,R,N,IT,2011-07,105.38
M,R,N,IT,2011-08,105.36
M,R,N,IT,2011-09,104.86
M,R,N,IT,2011-10,105.45
M,R,N,IT,2011-11,105.01
M,R,N,IT,2011-12,104.62
M,R,N,IT,2012-01,104.3
M,R,N,IT,2012-02,104.62
M,R,N,IT,2012-03,104.6
M,R,N,IT,2012-04,104.7
M,R,N,IT,2012-05,104.17
M,R,N,IT,2012-06,104.16
M,R,N,IT,2012-07,103.56
M,R,N,IT,2012-08,103.57
M,R,N,IT,2012-09,104.05
M,R,N,IT,2012-10,104.11
M,R,N,IT,2012-11,103.87
M,R,N,IT,2012-12,104.51
M,R,N,IT,2013-01,105.73
M,R,N,IT,2013-02,105.91
M,R,N,IT,2013-03,105.06
M,R,N,IT,2013-04,105.28
M,R,N,IT,2013-05,105.27
M,R,N,IT,2013-06,105.86
M,R,N,IT,2013-07,105.91
M,R,N,IT,2013-08,106.47
M,R,N,IT,2013-09,105.93
M,R,N,IT,2013-10,106.18
M,R,N,IT,2013-11,105.74
M,R,N,IT,2013-12,106.15
M,R,N,IT,2014-01,106.68
M,R,N,IT,2014-02,106.18
M,R,N,IT,2014-03,106.18
M,R,N,IT,2014-04,106.01
M,R,N,IT,2014-05,105.62
M,R,N,IT,2014-06,105.3
M,R,N,IT,2014-07,105.05
M,R,N,IT,2014-08,104.95
M,R,N,IT,2014-09,103.95
M,R,N,IT,2014-10,103.86
M,R,N,IT,2014-11,103.88
M,R,N,IT,2014-12,104.08
M,R,N,IT,2015-01,102.72
M,R,N,IT,2015-02,101.86
M,R,N,IT,2015-03,100.35
M,R,N,IT,2015-04,99.94
M,R,N,IT,2015-05,100.45
M,R,N,IT,2015-06,100.91
M,R,N,IT,2015-07,100.61
M,R,N,IT,2015-08,101.49
M,R,N,IT,2015-09,101.55
M,R,N,IT,2015-10,101.52
M,R,N,IT,2015-11,100.3
M,R,N,IT,2015-12,100.86
M,R,N,IT,2016-01,101.67
M,R,N,IT,2016-02,101.81
M,R,N,IT,2016-03,101.15
M,R,N,IT,2016-04,101.12
M,R,N,IT,2016-05,101.12
M,R,N,IT,2016-06,100.84
M,R,N,IT,2016-07,101.07
M,R,N,IT,2016-08,101.42
M,R,N,IT,2016-09,101.23
M,R,N,IT,2016-10,101.02
M,R,N,IT,2016-11,100.66
M,R,N,IT,2016-12,100.35
M,R,N,IT,2017-01,101.0
M,R,N,IT,2017-02,100.78
M,R,N,IT,2017-03,100.64
M,R,N,IT,2017-04,100.53
M,R,N,IT,2017-05,101.2
M,R,N,IT,2017-06,101.41
M,R,N,IT,2017-07,102.09
M,R,N,IT,2017-08,102.91
M,R,N,IT,2017-09,102.59
M,R,N,IT,2017-10,102.19
M,R,N,IT,2017-11,102.01
M,R,N,IT,2017-12,102.38
M,R,N,IT,2018-01,103.39
M,R,N,IT,2018-02,103.24
M,R,N,IT,2018-03,103.17
M,R,N,IT,2018-04,102.88
M,R,N,IT,2018-05,102.08
M,R,N,IT,2018-06,101.98
M,R,N,IT,2018-07,102.28
M,R,N,IT,2018-08,102.2
M,R,N,IT,2018-09,101.77
M,R,N,IT,2018-10,101.24
M,R,N,IT,2018-11,101.14
M,R,N,IT,2018-12,101.22
M,R,N,IT,2019-01,101.63
M,R,N,IT,2019-02,101.24
M,R,N,IT,2019-03,100.93
M,R,N,IT,2019-04,100.47
M,R,N,IT,2019-05,100.4
M,R,N,IT,2019-06,100.58
M,R,N,IT,2019-07,100.33
M,R,N,IT,2019-08,100.61
M,R,N,IT,2019-09,99.66
M,R,N,IT,2019-10,99.43
M,R,N,IT,2019-11,99.27
M,R,N,IT,2019-12,99.22
M,R,N,IT,2020-01,99.44
M,R,N,IT,2020-02,98.81
M,R,N,IT,2020-03,99.88
M,R,N,IT,2020-04,99.66
M,R,N,IT,2020-05,99.51
M,R,N,IT,2020-06,99.98
M,R,N,IT,2020-07,100.21
M,R,N,IT,2020-08,101.1
M,R,N,IT,2020-09,100.37
M,R,N,IT,2020-10,100.24
M,R,N,IT,2020-11,100.12
M,R,N,IT,2020-12,100.68
M,R,N,IT,2021-01,100.83
M,R,N,IT,2021-02,100.46
M,R,N,IT,2021-03,100.05
M,R,N,IT,2021-04,100.1
M,R,N,IT,2021-05,100.04
M,R,N,IT,2021-06,99.63
M,R,N,IT,2021-07,99.53
M,R,N,IT,2021-08,99.49
M,R,N,IT,2021-09,99.13
M,R,N,IT,2021-10,98.7
M,R,N,IT,2021-11,98.47
M,R,N,IT,2021-12,98.34
M,R,N,IT,2022-01,99.43
M,R,N,IT,2022-02,99.73
M,R,N,IT,2022-03,98.47
M,R,N,IT,2022-04,97.55
M,R,N,IT,2022-05,97.55
M,R,N,IT,2022-06,98.17
M,R,N,IT,2022-07,97.36
M,R,N,IT,2022-08,97.43
M,R,N,IT,2022-09,97.08
M,R,N,IT,2022-10,99.72
M,R,N,IT,2022-11,100.77
M,R,N,IT,2022-12,101.66
M,R,N,IT,2023-01,101.65
M,R,N,IT,2023-02,101.11
M,R,N,IT,2023-03,100.18
M,R,N,IT,2023-04,100.6
M,R,N,IT,2023-05,100.66
M,R,N,IT,2023-06,100.33
M,R,N,IT,2023-07,100.42
M,R,N,IT,2023-08,100.21
M,R,N,IT,2023-09,99.98
M,R,N,IT,2023-10,99.56
M,R,N,IT,2023-11,99.73
M,R,N,IT,2023-12,99.6
M,R,N,IT,2024-01,99.82
M,R,N,IT,2024-02,99.26
M,R,N,IT,2024-03,99.08
M,R,N,IT,2024-04,98.76
M,R,N,IT,2024-05,99.06
M,R,N,IT,2024-06,98.9
M,R,N,IT,2024-07,99.29
M,R,N,IT,2024-08,99.38
M,R,N,IT,2024-09,99.44
M,R,N,IT,2024-10,98.89
M,R,N,IT,2024-11,98.57
M,R,N,IT,2024-12,98.11
M,R,N,IT,2025-01,98.48
M,R,N,IT,2025-02,98.17
M,R,N,IT,2025-03,99.08
M,R,N,IT,2025-04,99.45
M,R,N,IT,2025-05,99.13
M,R,N,IT,2025-06,99.46
M,R,N,IT,2025-07,100.02
M,R,N,IT,2025-08,99.98
M,R,N,IT,2025-09,100.03
M,R,N,IT,2025-10,99.41
M,R,N,IT,2025-11,99.36
M,R,N,IT,2025-12,99.66
M,R,N,IT,2026-01,99.95
M,R,N,US,2007-01,82.41
M,R,N,US,2007-02,82.47
M,R,N,US,2007-03,82.32
M,R,N,US,2007-04,81.32
M,R,N,US,2007-05,81.08
M,R,N,US,2007-06,81.08
M,R,N,US,2007-07,79.91
M,R,N,US,2007-08,79.9
M,R,N,US,2007-09,78.61
M,R,N,US,2007-10,76.7
M,R,N,US,2007-11,75.47
M,R,N,US,2007-12,76.4
M,R,N,US,2008-01,76.45
M,R,N,US,2008-02,75.84
M,R,N,US,2008-03,74.11
M,R,N,US,2008-04,74.05
M,R,N,US,2008-05,74.63
M,R,N,US,2008-06,75.32
M,R,N,US,2008-07,74.93
M,R,N,US,2008-08,76.98
M,R,N,US,2008-09,78.93
M,R,N,US,2008-10,84.78
M,R,N,US,2008-11,86.09
M,R,N,US,2008-12,84.08
M,R,N,US,2009-01,85.44
M,R,N,US,2009-02,88.28
M,R,N,US,2009-03,88.79
M,R,N,US,2009-04,86.06
M,R,N,US,2009-05,82.92
M,R,N,US,2009-06,82.31
M,R,N,US,2009-07,82.0
M,R,N,US,2009-08,80.53
M,R,N,US,2009-09,79.8
M,R,N,US,2009-10,78.44
M,R,N,US,2009-11,77.83
M,R,N,US,2009-12,77.98
M,R,N,US,2010-01,78.54
M,R,N,US,2010-02,79.77
M,R,N,US,2010-03,79.07
M,R,N,US,2010-04,78.69
M,R,N,US,2010-05,81.83
M,R,N,US,2010-06,82.5
M,R,N,US,2010-07,80.87
M,R,N,US,2010-08,79.94
M,R,N,US,2010-09,79.07
M,R,N,US,2010-10,76.07
M,R,N,US,2010-11,76.23
M,R,N,US,2010-12,77.01
M,R,N,US,2011-01,76.23
M,R,N,US,2011-02,75.59
M,R,N,US,2011-03,74.9
M,R,N,US,2011-04,73.71
M,R,N,US,2011-05,73.88
M,R,N,US,2011-06,74.06
M,R,N,US,2011-07,73.55
M,R,N,US,2011-08,74.19
M,R,N,US,2011-09,76.79
M,R,N,US,2011-10,77.5
M,R,N,US,2011-11,77.93
M,R,N,US,2011-12,78.4
M,R,N,US,2012-01,78.47
M,R,N,US,2012-02,76.97
M,R,N,US,2012-03,77.59
M,R,N,US,2012-04,77.91
M,R,N,US,2012-05,79.52
M,R,N,US,2012-06,80.68
M,R,N,US,2012-07,80.02
M,R,N,US,2012-08,79.26
M,R,N,US,2012-09,77.72
M,R,N,US,2012-10,77.38
M,R,N,US,2012-11,77.87
M,R,N,US,2012-12,76.92
M,R,N,US,2013-01,77.5
M,R,N,US,2013-02,78.6
M,R,N,US,2013-03,79.52
M,R,N,US,2013-04,79.15
M,R,N,US,2013-05,79.91
M,R,N,US,2013-06,80.38
M,R,N,US,2013-07,80.96
M,R,N,US,2013-08,80.4
M,R,N,US,2013-09,80.05
M,R,N,US,2013-10,78.91
M,R,N,US,2013-11,79.39
M,R,N,US,2013-12,79.36
M,R,N,US,2014-01,80.67
M,R,N,US,2014-02,80.69
M,R,N,US,2014-03,80.47
M,R,N,US,2014-04,79.98
M,R,N,US,2014-05,79.84
M,R,N,US,2014-06,80.15
M,R,N,US,2014-07,80.12
M,R,N,US,2014-08,80.98
M,R,N,US,2014-09,82.43
M,R,N,US,2014-10,83.55
M,R,N,US,2014-11,84.93
M,R,N,US,2014-12,86.72
M,R,N,US,2015-01,89.18
M,R,N,US,2015-02,90.84
M,R,N,US,2015-03,93.01
M,R,N,US,2015-04,92.56
M,R,N,US,2015-05,91.66
M,R,N,US,2015-06,92.64
M,R,N,US,2015-07,94.89
M,R,N,US,2015-08,95.81
M,R,N,US,2015-09,95.79
M,R,N,US,2015-10,94.7
M,R,N,US,2015-11,96.65
M,R,N,US,2015-12,97.08
M,R,N,US,2016-01,99.7
M,R,N,US,2016-02,98.5
M,R,N,US,2016-03,96.24
M,R,N,US,2016-04,94.61
M,R,N,US,2016-05,95.94
M,R,N,US,2016-06,96.5
M,R,N,US,2016-07,97.08
M,R,N,US,2016-08,96.02
M,R,N,US,2016-09,96.9
M,R,N,US,2016-10,97.73
M,R,N,US,2016-11,100.47
M,R,N,US,2016-12,102.35
M,R,N,US,2017-01,102.96
M,R,N,US,2017-02,100.96
M,R,N,US,2017-03,99.84
M,R,N,US,2017-04,98.76
M,R,N,US,2017-05,98.2
M,R,N,US,2017-06,96.54
M,R,N,US,2017-07,94.74
M,R,N,US,2017-08,93.59
M,R,N,US,2017-09,93.08
M,R,N,US,2017-10,95.06
M,R,N,US,2017-11,95.11
M,R,N,US,2017-12,94.64
M,R,N,US,2018-01,93.13
M,R,N,US,2018-02,92.36
M,R,N,US,2018-03,92.53
M,R,N,US,2018-04,92.6
M,R,N,US,2018-05,95.89
M,R,N,US,2018-06,97.57
M,R,N,US,2018-07,96.53
M,R,N,US,2018-08,96.4
M,R,N,US,2018-09,96.21
M,R,N,US,2018-10,96.91
M,R,N,US,2018-11,98.43
M,R,N,US,2018-12,98.12
M,R,N,US,2019-01,96.99
M,R,N,US,2019-02,97.25
M,R,N,US,2019-03,97.79
M,R,N,US,2019-04,97.97
M,R,N,US,2019-05,98.73
M,R,N,US,2019-06,98.18
M,R,N,US,2019-07,98.06
M,R,N,US,2019-08,99.35
M,R,N,US,2019-09,99.48
M,R,N,US,2019-10,98.88
M,R,N,US,2019-11,98.67
M,R,N,US,2019-12,97.78
M,R,N,US,2020-01,97.74
M,R,N,US,2020-02,99.03
M,R,N,US,2020-03,103.21
M,R,N,US,2020-04,105.43
M,R,N,US,2020-05,104.25
M,R,N,US,2020-06,101.42
M,R,N,US,2020-07,101.07
M,R,N,US,2020-08,99.44
M,R,N,US,2020-09,98.99
M,R,N,US,2020-10,98.2
M,R,N,US,2020-11,96.63
M,R,N,US,2020-12,94.59
M,R,N,US,2021-01,94.29
M,R,N,US,2021-02,95.13
M,R,N,US,2021-03,96.69
M,R,N,US,2021-04,96.1
M,R,N,US,2021-05,95.41
M,R,N,US,2021-06,96.53
M,R,N,US,2021-07,98.01
M,R,N,US,2021-08,98.28
M,R,N,US,2021-09,98.3
M,R,N,US,2021-10,99.41
M,R,N,US,2021-11,100.63
M,R,N,US,2021-12,101.45
M,R,N,US,2022-01,101.19
M,R,N,US,2022-02,101.39
M,R,N,US,2022-03,102.94
M,R,N,US,2022-04,103.83
M,R,N,US,2022-05,106.09
M,R,N,US,2022-06,107.35
M,R,N,US,2022-07,109.58
M,R,N,US,2022-08,108.64
M,R,N,US,2022-09,111.14
M,R,N,US,2022-10,112.19
M,R,N,US,2022-11,108.38
M,R,N,US,2022-12,105.86
M,R,N,US,2023-01,104.26
M,R,N,US,2023-02,104.49
M,R,N,US,2023-03,104.69
M,R,N,US,2023-04,103.18
M,R,N,US,2023-05,103.55
M,R,N,US,2023-06,103.09
M,R,N,US,2023-07,101.65
M,R,N,US,2023-08,103.17
M,R,N,US,2023-09,104.77
M,R,N,US,2023-10,106.43
M,R,N,US,2023-11,104.28
M,R,N,US,2023-12,102.27
M,R,N,US,2024-01,102.82
M,R,N,US,2024-02,103.9
M,R,N,US,2024-03,103.67
M,R,N,US,2024-04,104.95
M,R,N,US,2024-05,104.78
M,R,N,US,2024-06,106.8
M,R,N,US,2024-07,106.16
M,R,N,US,2024-08,105.58
M,R,N,US,2024-09,105.38
M,R,N,US,2024-10,106.87
M,R,N,US,2024-11,109.4
M,R,N,US,2024-12,110.37
M,R,N,US,2025-01,112.43
M,R,N,US,2025-02,111.5
M,R,N,US,2025-03,109.55
M,R,N,US,2025-04,106.8
M,R,N,US,2025-05,105.16
M,R,N,US,2025-06,103.63
M,R,N,US,2025-07,102.96
M,R,N,US,2025-08,103.74
M,R,N,US,2025-09,103.36
M,R,N,US,2025-10,103.85
M,R,N,US,2025-11,104.51
M,R,N,US,2025-12,103.18
M,R,N,US,2026-01,102.74
M,R,N,FR,2007-01,105.1
M,R,N,FR,2007-02,105.13
M,R,N,FR,2007-03,105.42
M,R,N,FR,2007-04,105.75
M,R,N,FR,2007-05,105.87
M,R,N,FR,2007-06,105.74
M,R,N,FR,2007-07,105.72
M,R,N,FR,2007-08,105.94
M,R,N,FR,2007-09,106.24
M,R,N,FR,2007-10,106.46
M,R,N,FR,2007-11,107.09
M,R,N,FR,2007-12,107.33
M,R,N,FR,2008-01,107.48
M,R,N,FR,2008-02,107.2
M,R,N,FR,2008-03,108.22
M,R,N,FR,2008-04,108.81
M,R,N,FR,2008-05,108.6
M,R,N,FR,2008-06,108.56
M,R,N,FR,2008-07,108.3
M,R,N,FR,2008-08,107.65
M,R,N,FR,2008-09,106.91
M,R,N,FR,2008-10,105.71
M,R,N,FR,2008-11,105.48
M,R,N,FR,2008-12,107.06
M,R,N,FR,2009-01,106.69
M,R,N,FR,2009-02,106.12
M,R,N,FR,2009-03,107.16
M,R,N,FR,2009-04,106.86
M,R,N,FR,2009-05,107.07
M,R,N,FR,2009-06,107.31
M,R,N,FR,2009-07,107.14
M,R,N,FR,2009-08,107.46
M,R,N,FR,2009-09,107.72
M,R,N,FR,2009-10,107.99
M,R,N,FR,2009-11,107.98
M,R,N,FR,2009-12,107.67
M,R,N,FR,2010-01,106.91
M,R,N,FR,2010-02,106.34
M,R,N,FR,2010-03,106.16
M,R,N,FR,2010-04,105.61
M,R,N,FR,2010-05,104.35
M,R,N,FR,2010-06,103.55
M,R,N,FR,2010-07,103.93
M,R,N,FR,2010-08,103.88
M,R,N,FR,2010-09,103.85
M,R,N,FR,2010-10,104.99
M,R,N,FR,2010-11,104.5
M,R,N,FR,2010-12,103.69
M,R,N,FR,2011-01,103.43
M,R,N,FR,2011-02,103.82
M,R,N,FR,2011-03,104.6
M,R,N,FR,2011-04,105.21
M,R,N,FR,2011-05,104.73
M,R,N,FR,2011-06,104.84
M,R,N,FR,2011-07,103.86
M,R,N,FR,2011-08,104.13
M,R,N,FR,2011-09,103.44
M,R,N,FR,2011-10,103.57
M,R,N,FR,2011-11,103.55
M,R,N,FR,2011-12,103.2
M,R,N,FR,2012-01,102.18
M,R,N,FR,2012-02,102.53
M,R,N,FR,2012-03,102.95
M,R,N,FR,2012-04,102.59
M,R,N,FR,2012-05,102.01
M,R,N,FR,2012-06,101.84
M,R,N,FR,2012-07,100.64
M,R,N,FR,2012-08,100.95
M,R,N,FR,2012-09,101.12
M,R,N,FR,2012-10,101.38
M,R,N,FR,2012-11,101.2
M,R,N,FR,2012-12,101.96
M,R,N,FR,2013-01,102.37
M,R,N,FR,2013-02,102.76
M,R,N,FR,2013-03,102.65
M,R,N,FR,2013-04,102.7
M,R,N,FR,2013-05,102.72
M,R,N,FR,2013-06,103.11
M,R,N,FR,2013-07,102.69
M,R,N,FR,2013-08,103.32
M,R,N,FR,2013-09,102.88
M,R,N,FR,2013-10,103.18
M,R,N,FR,2013-11,103.01
M,R,N,FR,2013-12,103.59
M,R,N,FR,2014-01,103.25
M,R,N,FR,2014-02,103.52
M,R,N,FR,2014-03,103.93
M,R,N,FR,2014-04,103.54
M,R,N,FR,2014-05,103.3
M,R,N,FR,2014-06,102.85
M,R,N,FR,2014-07,102.35
M,R,N,FR,2014-08,102.57
M,R,N,FR,2014-09,101.65
M,R,N,FR,2014-10,101.48
M,R,N,FR,2014-11,101.54
M,R,N,FR,2014-12,101.82
M,R,N,FR,2015-01,99.98
M,R,N,FR,2015-02,99.5
M,R,N,FR,2015-03,98.71
M,R,N,FR,2015-04,98.24
M,R,N,FR,2015-05,98.82
M,R,N,FR,2015-06,98.94
M,R,N,FR,2015-07,98.28
M,R,N,FR,2015-08,99.22
M,R,N,FR,2015-09,99.24
M,R,N,FR,2015-10,99.08
M,R,N,FR,2015-11,98.15
M,R,N,FR,2015-12,98.94
M,R,N,FR,2016-01,98.89
M,R,N,FR,2016-02,99.5
M,R,N,FR,2016-03,99.43
M,R,N,FR,2016-04,99.58
M,R,N,FR,2016-05,99.63
M,R,N,FR,2016-06,99.42
M,R,N,FR,2016-07,99.08
M,R,N,FR,2016-08,99.58
M,R,N,FR,2016-09,99.35
M,R,N,FR,2016-10,99.23
M,R,N,FR,2016-11,99.07
M,R,N,FR,2016-12,98.66
M,R,N,FR,2017-01,98.74
M,R,N,FR,2017-02,98.24
M,R,N,FR,2017-03,98.83
M,R,N,FR,2017-04,98.32
M,R,N,FR,2017-05,99.19
M,R,N,FR,2017-06,99.55
M,R,N,FR,2017-07,99.69
M,R,N,FR,2017-08,100.7
M,R,N,FR,2017-09,100.51
M,R,N,FR,2017-10,100.42
M,R,N,FR,2017-11,100.56
M,R,N,FR,2017-12,100.82
M,R,N,FR,2018-01,101.35
M,R,N,FR,2018-02,101.16
M,R,N,FR,2018-03,101.89
M,R,N,FR,2018-04,101.66
M,R,N,FR,2018-05,101.07
M,R,N,FR,2018-06,100.78
M,R,N,FR,2018-07,100.66
M,R,N,FR,2018-08,100.74
M,R,N,FR,2018-09,100.62
M,R,N,FR,2018-10,100.2
M,R,N,FR,2018-11,100.07
M,R,N,FR,2018-12,100.32
M,R,N,FR,2019-01,100.12
M,R,N,FR,2019-02,99.66
M,R,N,FR,2019-03,99.91
M,R,N,FR,2019-04,99.6
M,R,N,FR,2019-05,99.65
M,R,N,FR,2019-06,100.02
M,R,N,FR,2019-07,99.61
M,R,N,FR,2019-08,99.98
M,R,N,FR,2019-09,99.31
M,R,N,FR,2019-10,99.09
M,R,N,FR,2019-11,99.18
M,R,N,FR,2019-12,99.4
M,R,N,FR,2020-01,99.08
M,R,N,FR,2020-02,98.57
M,R,N,FR,2020-03,99.58
M,R,N,FR,2020-04,99.19
M,R,N,FR,2020-05,99.43
M,R,N,FR,2020-06,99.86
M,R,N,FR,2020-07,100.74
M,R,N,FR,2020-08,101.14
M,R,N,FR,2020-09,100.63
M,R,N,FR,2020-10,100.25
M,R,N,FR,2020-11,100.47
M,R,N,FR,2020-12,101.05
M,R,N,FR,2021-01,100.59
M,R,N,FR,2021-02,100.1
M,R,N,FR,2021-03,100.03
M,R,N,FR,2021-04,99.76
M,R,N,FR,2021-05,100.03
M,R,N,FR,2021-06,99.67
M,R,N,FR,2021-07,99.13
M,R,N,FR,2021-08,99.33
M,R,N,FR,2021-09,98.91
M,R,N,FR,2021-10,98.19
M,R,N,FR,2021-11,97.77
M,R,N,FR,2021-12,97.44
M,R,N,FR,2022-01,97.04
M,R,N,FR,2022-02,97.16
M,R,N,FR,2022-03,96.42
M,R,N,FR,2022-04,96.11
M,R,N,FR,2022-05,95.99
M,R,N,FR,2022-06,96.16
M,R,N,FR,2022-07,95.25
M,R,N,FR,2022-08,94.96
M,R,N,FR,2022-09,93.81
M,R,N,FR,2022-10,93.82
M,R,N,FR,2022-11,94.57
M,R,N,FR,2022-12,94.98
M,R,N,FR,2023-01,95.35
M,R,N,FR,2023-02,95.78
M,R,N,FR,2023-03,96.25
M,R,N,FR,2023-04,96.81
M,R,N,FR,2023-05,96.46
M,R,N,FR,2023-06,96.35
M,R,N,FR,2023-07,96.47
M,R,N,FR,2023-08,96.99
M,R,N,FR,2023-09,96.06
M,R,N,FR,2023-10,96.0
M,R,N,FR,2023-11,96.51
M,R,N,FR,2023-12,96.33
M,R,N,FR,2024-01,96.01
M,R,N,FR,2024-02,96.31
M,R,N,FR,2024-03,96.33
M,R,N,FR,2024-04,96.48
M,R,N,FR,2024-05,96.5
M,R,N,FR,2024-06,96.31
M,R,N,FR,2024-07,96.43
M,R,N,FR,2024-08,96.89
M,R,N,FR,2024-09,95.76
M,R,N,FR,2024-10,95.52
M,R,N,FR,2024-11,95.17
M,R,N,FR,2024-12,94.83
M,R,N,FR,2025-01,94.77
M,R,N,FR,2025-02,94.3
M,R,N,FR,2025-03,94.94
M,R,N,FR,2025-04,95.78
M,R,N,FR,2025-05,95.41
M,R,N,FR,2025-06,95.95
M,R,N,FR,2025-07,96.29
M,R,N,FR,2025-08,96.62
M,R,N,FR,2025-09,95.8
M,R,N,FR,2025-10,95.6
M,R,N,FR,2025-11,95.64
M,R,N,FR,2025-12,95.81
M,R,N,FR,2026-01,95.64
M,R,N,GB,2007-01,125.71
M,R,N,GB,2007-02,125.32
M,R,N,GB,2007-03,123.2
M,R,N,GB,2007-04,123.62
M,R,N,GB,2007-05,123.22
M,R,N,GB,2007-06,124.27
M,R,N,GB,2007-07,124.45
M,R,N,GB,2007-08,123.88
M,R,N,GB,2007-09,122.09
M,R,N,GB,2007-10,121.38
M,R,N,GB,2007-11,119.71
M,R,N,GB,2007-12,118.21
M,R,N,GB,2008-01,113.41
M,R,N,GB,2008-02,113.12
M,R,N,GB,2008-03,110.49
M,R,N,GB,2008-04,108.62
M,R,N,GB,2008-05,108.86
M,R,N,GB,2008-06,109.3
M,R,N,GB,2008-07,109.36
M,R,N,GB,2008-08,109.05
M,R,N,GB,2008-09,107.51
M,R,N,GB,2008-10,107.26
M,R,N,GB,2008-11,101.14
M,R,N,GB,2008-12,94.49
M,R,N,GB,2009-01,92.2
M,R,N,GB,2009-02,95.32
M,R,N,GB,2009-03,92.81
M,R,N,GB,2009-04,94.88
M,R,N,GB,2009-05,97.0
M,R,N,GB,2009-06,101.04
M,R,N,GB,2009-07,101.06
M,R,N,GB,2009-08,100.93
M,R,N,GB,2009-09,98.05
M,R,N,GB,2009-10,95.59
M,R,N,GB,2009-11,97.7
M,R,N,GB,2009-12,97.48
M,R,N,GB,2010-01,98.69
M,R,N,GB,2010-02,98.39
M,R,N,GB,2010-03,94.92
M,R,N,GB,2010-04,97.64
M,R,N,GB,2010-05,98.07
M,R,N,GB,2010-06,100.82
M,R,N,GB,2010-07,100.92
M,R,N,GB,2010-08,102.79
M,R,N,GB,2010-09,100.62
M,R,N,GB,2010-10,97.84
M,R,N,GB,2010-11,100.05
M,R,N,GB,2010-12,100.25
M,R,N,GB,2011-01,100.88
M,R,N,GB,2011-02,101.93
M,R,N,GB,2011-03,99.4
M,R,N,GB,2011-04,98.95
M,R,N,GB,2011-05,99.14
M,R,N,GB,2011-06,97.99
M,R,N,GB,2011-07,98.06
M,R,N,GB,2011-08,99.32
M,R,N,GB,2011-09,99.35
M,R,N,GB,2011-10,99.51
M,R,N,GB,2011-11,100.84
M,R,N,GB,2011-12,101.94
M,R,N,GB,2012-01,102.35
M,R,N,GB,2012-02,102.46
M,R,N,GB,2012-03,102.3
M,R,N,GB,2012-04,103.99
M,R,N,GB,2012-05,105.58
M,R,N,GB,2012-06,104.37
M,R,N,GB,2012-07,106.32
M,R,N,GB,2012-08,106.43
M,R,N,GB,2012-09,106.11
M,R,N,GB,2012-10,105.73
M,R,N,GB,2012-11,106.28
M,R,N,GB,2012-12,106.24
M,R,N,GB,2013-01,104.51
M,R,N,GB,2013-02,101.65
M,R,N,GB,2013-03,100.68
M,R,N,GB,2013-04,102.35
M,R,N,GB,2013-05,102.86
M,R,N,GB,2013-06,102.72
M,R,N,GB,2013-07,101.78
M,R,N,GB,2013-08,102.86
M,R,N,GB,2013-09,105.0
M,R,N,GB,2013-10,104.94
M,R,N,GB,2013-11,106.21
M,R,N,GB,2013-12,107.37
M,R,N,GB,2014-01,108.59
M,R,N,GB,2014-02,109.07
M,R,N,GB,2014-03,107.98
M,R,N,GB,2014-04,108.89
M,R,N,GB,2014-05,109.7
M,R,N,GB,2014-06,111.03
M,R,N,GB,2014-07,112.58
M,R,N,GB,2014-08,111.8
M,R,N,GB,2014-09,111.66
M,R,N,GB,2014-10,111.85
M,R,N,GB,2014-11,111.52
M,R,N,GB,2014-12,112.12
M,R,N,GB,2015-01,113.34
M,R,N,GB,2015-02,116.23
M,R,N,GB,2015-03,116.64
M,R,N,GB,2015-04,116.29
M,R,N,GB,2015-05,117.32
M,R,N,GB,2015-06,118.08
M,R,N,GB,2015-07,120.31
M,R,N,GB,2015-08,120.35
M,R,N,GB,2015-09,117.55
M,R,N,GB,2015-10,117.13
M,R,N,GB,2015-11,120.44
M,R,N,GB,2015-12,117.8
M,R,N,GB,2016-01,113.84
M,R,N,GB,2016-02,111.32
M,R,N,GB,2016-03,109.61
M,R,N,GB,2016-04,108.07
M,R,N,GB,2016-05,110.1
M,R,N,GB,2016-06,107.84
M,R,N,GB,2016-07,101.21
M,R,N,GB,2016-08,99.93
M,R,N,GB,2016-09,100.26
M,R,N,GB,2016-10,95.1
M,R,N,GB,2016-11,98.08
M,R,N,GB,2016-12,100.67
M,R,N,GB,2017-01,98.79
M,R,N,GB,2017-02,99.81
M,R,N,GB,2017-03,98.29
M,R,N,GB,2017-04,100.22
M,R,N,GB,2017-05,100.94
M,R,N,GB,2017-06,98.66
M,R,N,GB,2017-07,98.53
M,R,N,GB,2017-08,96.81
M,R,N,GB,2017-09,98.79
M,R,N,GB,2017-10,99.15
M,R,N,GB,2017-11,99.95
M,R,N,GB,2017-12,100.83
M,R,N,GB,2018-01,101.38
M,R,N,GB,2018-02,101.78
M,R,N,GB,2018-03,101.3
M,R,N,GB,2018-04,102.52
M,R,N,GB,2018-05,100.88
M,R,N,GB,2018-06,100.29
M,R,N,GB,2018-07,99.59
M,R,N,GB,2018-08,98.65
M,R,N,GB,2018-09,99.2
M,R,N,GB,2018-10,99.86
M,R,N,GB,2018-11,100.5
M,R,N,GB,2018-12,98.83
M,R,N,GB,2019-01,99.88
M,R,N,GB,2019-02,101.51
M,R,N,GB,2019-03,102.58
M,R,N,GB,2019-04,101.9
M,R,N,GB,2019-05,100.98
M,R,N,GB,2019-06,98.76
M,R,N,GB,2019-07,97.8
M,R,N,GB,2019-08,96.32
M,R,N,GB,2019-09,98.55
M,R,N,GB,2019-10,100.11
M,R,N,GB,2019-11,102.54
M,R,N,GB,2019-12,103.57
M,R,N,GB,2020-01,103.65
M,R,N,GB,2020-02,104.45
M,R,N,GB,2020-03,98.74
M,R,N,GB,2020-04,100.43
M,R,N,GB,2020-05,99.17
M,R,N,GB,2020-06,98.26
M,R,N,GB,2020-07,98.59
M,R,N,GB,2020-08,99.54
M,R,N,GB,2020-09,98.83
M,R,N,GB,2020-10,98.77
M,R,N,GB,2020-11,99.99
M,R,N,GB,2020-12,99.57
M,R,N,GB,2021-01,100.54
M,R,N,GB,2021-02,102.55
M,R,N,GB,2021-03,103.53
M,R,N,GB,2021-04,103.12
M,R,N,GB,2021-05,103.97
M,R,N,GB,2021-06,104.34
M,R,N,GB,2021-07,104.15
M,R,N,GB,2021-08,104.86
M,R,N,GB,2021-09,104.25
M,R,N,GB,2021-10,105.41
M,R,N,GB,2021-11,105.19
M,R,N,GB,2021-12,105.03
M,R,N,GB,2022-01,106.19
M,R,N,GB,2022-02,105.9
M,R,N,GB,2022-03,104.47
M,R,N,GB,2022-04,106.21
M,R,N,GB,2022-05,103.99
M,R,N,GB,2022-06,103.17
M,R,N,GB,2022-07,103.54
M,R,N,GB,2022-08,103.8
M,R,N,GB,2022-09,99.89
M,R,N,GB,2022-10,101.42
M,R,N,GB,2022-11,102.73
M,R,N,GB,2022-12,104.03
M,R,N,GB,2023-01,102.13
M,R,N,GB,2023-02,102.24
M,R,N,GB,2023-03,102.91
M,R,N,GB,2023-04,104.4
M,R,N,GB,2023-05,106.12
M,R,N,GB,2023-06,107.48
M,R,N,GB,2023-07,107.46
M,R,N,GB,2023-08,107.14
M,R,N,GB,2023-09,106.58
M,R,N,GB,2023-10,105.45
M,R,N,GB,2023-11,105.9
M,R,N,GB,2023-12,107.04
M,R,N,GB,2024-01,107.08
M,R,N,GB,2024-02,107.49
M,R,N,GB,2024-03,107.66
M,R,N,GB,2024-04,107.32
M,R,N,GB,2024-05,107.82
M,R,N,GB,2024-06,108.89
M,R,N,GB,2024-07,109.33
M,R,N,GB,2024-08,108.57
M,R,N,GB,2024-09,110.06
M,R,N,GB,2024-10,110.82
M,R,N,GB,2024-11,110.76
M,R,N,GB,2024-12,111.29
M,R,N,GB,2025-01,109.59
M,R,N,GB,2025-02,110.6
M,R,N,GB,2025-03,110.84
M,R,N,GB,2025-04,110.45
M,R,N,GB,2025-05,111.71
M,R,N,GB,2025-06,111.59
M,R,N,GB,2025-07,110.19
M,R,N,GB,2025-08,110.23
M,R,N,GB,2025-09,109.85
M,R,N,GB,2025-10,109.62
M,R,N,GB,2025-11,108.59
M,R,N,GB,2025-12,110.01
M,R,N,GB,2026-01,110.63
M,R,N,DE,2007-01,104.06
M,R,N,DE,2007-02,104.34
M,R,N,DE,2007-03,104.41
M,R,N,DE,2007-04,104.91
M,R,N,DE,2007-05,104.74
M,R,N,DE,2007-06,104.6
M,R,N,DE,2007-07,105.61
M,R,N,DE,2007-08,105.1
M,R,N,DE,2007-09,105.47
M,R,N,DE,2007-10,105.81
M,R,N,DE,2007-11,106.67
M,R,N,DE,2007-12,107.26
M,R,N,DE,2008-01,107.06
M,R,N,DE,2008-02,107.04
M,R,N,DE,2008-03,107.96
M,R,N,DE,2008-04,107.96
M,R,N,DE,2008-05,107.82
M,R,N,DE,2008-06,107.79
M,R,N,DE,2008-07,108.64
M,R,N,DE,2008-08,107.27
M,R,N,DE,2008-09,106.36
M,R,N,DE,2008-10,104.58
M,R,N,DE,2008-11,104.23
M,R,N,DE,2008-12,106.92
M,R,N,DE,2009-01,106.25
M,R,N,DE,2009-02,105.82
M,R,N,DE,2009-03,106.74
M,R,N,DE,2009-04,106.12
M,R,N,DE,2009-05,106.16
M,R,N,DE,2009-06,106.9
M,R,N,DE,2009-07,107.32
M,R,N,DE,2009-08,107.28
M,R,N,DE,2009-09,107.24
M,R,N,DE,2009-10,107.62
M,R,N,DE,2009-11,107.29
M,R,N,DE,2009-12,107.6
M,R,N,DE,2010-01,106.04
M,R,N,DE,2010-02,104.88
M,R,N,DE,2010-03,104.67
M,R,N,DE,2010-04,103.67
M,R,N,DE,2010-05,101.91
M,R,N,DE,2010-06,100.91
M,R,N,DE,2010-07,101.98
M,R,N,DE,2010-08,101.74
M,R,N,DE,2010-09,101.58
M,R,N,DE,2010-10,103.09
M,R,N,DE,2010-11,102.52
M,R,N,DE,2010-12,101.7
M,R,N,DE,2011-01,101.25
M,R,N,DE,2011-02,102.04
M,R,N,DE,2011-03,102.67
M,R,N,DE,2011-04,103.09
M,R,N,DE,2011-05,102.35
M,R,N,DE,2011-06,102.49
M,R,N,DE,2011-07,102.14
M,R,N,DE,2011-08,101.84
M,R,N,DE,2011-09,101.3
M,R,N,DE,2011-10,101.41
M,R,N,DE,2011-11,101.17
M,R,N,DE,2011-12,100.43
M,R,N,DE,2012-01,99.41
M,R,N,DE,2012-02,100.18
M,R,N,DE,2012-03,100.33
M,R,N,DE,2012-04,99.65
M,R,N,DE,2012-05,98.81
M,R,N,DE,2012-06,98.37
M,R,N,DE,2012-07,97.84
M,R,N,DE,2012-08,97.93
M,R,N,DE,2012-09,98.72
M,R,N,DE,2012-10,98.87
M,R,N,DE,2012-11,98.84
M,R,N,DE,2012-12,99.86
M,R,N,DE,2013-01,100.51
M,R,N,DE,2013-02,101.37
M,R,N,DE,2013-03,100.68
M,R,N,DE,2013-04,100.42
M,R,N,DE,2013-05,101.0
M,R,N,DE,2013-06,101.5
M,R,N,DE,2013-07,101.97
M,R,N,DE,2013-08,102.15
M,R,N,DE,2013-09,101.88
M,R,N,DE,2013-10,102.21
M,R,N,DE,2013-11,102.36
M,R,N,DE,2013-12,103.26
M,R,N,DE,2014-01,102.71
M,R,N,DE,2014-02,102.96
M,R,N,DE,2014-03,103.12
M,R,N,DE,2014-04,102.54
M,R,N,DE,2014-05,102.02
M,R,N,DE,2014-06,101.78
M,R,N,DE,2014-07,102.0
M,R,N,DE,2014-08,101.6
M,R,N,DE,2014-09,100.89
M,R,N,DE,2014-10,100.38
M,R,N,DE,2014-11,100.73
M,R,N,DE,2014-12,100.85
M,R,N,DE,2015-01,98.32
M,R,N,DE,2015-02,97.73
M,R,N,DE,2015-03,96.45
M,R,N,DE,2015-04,96.26
M,R,N,DE,2015-05,97.04
M,R,N,DE,2015-06,97.39
M,R,N,DE,2015-07,97.35
M,R,N,DE,2015-08,98.08
M,R,N,DE,2015-09,98.49
M,R,N,DE,2015-10,98.24
M,R,N,DE,2015-11,96.43
M,R,N,DE,2015-12,97.12
M,R,N,DE,2016-01,97.35
M,R,N,DE,2016-02,98.2
M,R,N,DE,2016-03,97.97
M,R,N,DE,2016-04,98.22
M,R,N,DE,2016-05,98.51
M,R,N,DE,2016-06,98.19
M,R,N,DE,2016-07,98.6
M,R,N,DE,2016-08,98.64
M,R,N,DE,2016-09,98.79
M,R,N,DE,2016-10,98.74
M,R,N,DE,2016-11,97.78
M,R,N,DE,2016-12,97.72
M,R,N,DE,2017-01,97.43
M,R,N,DE,2017-02,97.23
M,R,N,DE,2017-03,97.36
M,R,N,DE,2017-04,97.23
M,R,N,DE,2017-05,98.33
M,R,N,DE,2017-06,99.14
M,R,N,DE,2017-07,100.34
M,R,N,DE,2017-08,101.12
M,R,N,DE,2017-09,101.11
M,R,N,DE,2017-10,100.81
M,R,N,DE,2017-11,100.33
M,R,N,DE,2017-12,100.82
M,R,N,DE,2018-01,100.92
M,R,N,DE,2018-02,101.11
M,R,N,DE,2018-03,101.35
M,R,N,DE,2018-04,101.32
M,R,N,DE,2018-05,100.95
M,R,N,DE,2018-06,100.7
M,R,N,DE,2018-07,101.18
M,R,N,DE,2018-08,100.72
M,R,N,DE,2018-09,101.12
M,R,N,DE,2018-10,100.63
M,R,N,DE,2018-11,99.94
M,R,N,DE,2018-12,100.17
M,R,N,DE,2019-01,99.37
M,R,N,DE,2019-02,99.3
M,R,N,DE,2019-03,99.09
M,R,N,DE,2019-04,99.5
M,R,N,DE,2019-05,99.7
M,R,N,DE,2019-06,100.2
M,R,N,DE,2019-07,100.37
M,R,N,DE,2019-08,100.09
M,R,N,DE,2019-09,99.66
M,R,N,DE,2019-10,99.52
M,R,N,DE,2019-11,98.65
M,R,N,DE,2019-12,98.97
M,R,N,DE,2020-01,98.81
M,R,N,DE,2020-02,98.54
M,R,N,DE,2020-03,100.08
M,R,N,DE,2020-04,99.82
M,R,N,DE,2020-05,99.88
M,R,N,DE,2020-06,100.47
M,R,N,DE,2020-07,99.89
M,R,N,DE,2020-08,100.61
M,R,N,DE,2020-09,100.61
M,R,N,DE,2020-10,100.45
M,R,N,DE,2020-11,100.15
M,R,N,DE,2020-12,100.71
M,R,N,DE,2021-01,101.57
M,R,N,DE,2021-02,101.71
M,R,N,DE,2021-03,101.53
M,R,N,DE,2021-04,101.51
M,R,N,DE,2021-05,101.71
M,R,N,DE,2021-06,101.46
M,R,N,DE,2021-07,101.29
M,R,N,DE,2021-08,100.86
M,R,N,DE,2021-09,101.04
M,R,N,DE,2021-10,100.31
M,R,N,DE,2021-11,99.51
M,R,N,DE,2021-12,99.12
M,R,N,DE,2022-01,98.99
M,R,N,DE,2022-02,99.17
M,R,N,DE,2022-03,98.92
M,R,N,DE,2022-04,98.74
M,R,N,DE,2022-05,98.94
M,R,N,DE,2022-06,98.27
M,R,N,DE,2022-07,97.2
M,R,N,DE,2022-08,96.67
M,R,N,DE,2022-09,98.16
M,R,N,DE,2022-10,97.97
M,R,N,DE,2022-11,98.8
M,R,N,DE,2022-12,98.91
M,R,N,DE,2023-01,100.05
M,R,N,DE,2023-02,100.23
M,R,N,DE,2023-03,100.73
M,R,N,DE,2023-04,101.28
M,R,N,DE,2023-05,100.78
M,R,N,DE,2023-06,100.76
M,R,N,DE,2023-07,101.17
M,R,N,DE,2023-08,101.0
M,R,N,DE,2023-09,100.83
M,R,N,DE,2023-10,100.53
M,R,N,DE,2023-11,100.84
M,R,N,DE,2023-12,100.48
M,R,N,DE,2024-01,100.53
M,R,N,DE,2024-02,100.32
M,R,N,DE,2024-03,100.7
M,R,N,DE,2024-04,100.93
M,R,N,DE,2024-05,101.1
M,R,N,DE,2024-06,100.9
M,R,N,DE,2024-07,101.27
M,R,N,DE,2024-08,101.01
M,R,N,DE,2024-09,101.23
M,R,N,DE,2024-10,101.12
M,R,N,DE,2024-11,100.52
M,R,N,DE,2024-12,100.49
M,R,N,DE,2025-01,99.98
M,R,N,DE,2025-02,99.85
M,R,N,DE,2025-03,100.99
M,R,N,DE,2025-04,101.9
M,R,N,DE,2025-05,101.66
M,R,N,DE,2025-06,101.9
M,R,N,DE,2025-07,102.5
M,R,N,DE,2025-08,102.48
M,R,N,DE,2025-09,103.06
M,R,N,DE,2025-10,103.17
M,R,N,DE,2025-11,103.16
M,R,N,DE,2025-12,103.34
M,R,N,DE,2026-01,102.99
M,R,N,AU,2007-01,97.47
M,R,N,AU,2007-02,97.2
M,R,N,AU,2007-03,97.5
M,R,N,AU,2007-04,100.83
M,R,N,AU,2007-05,100.95
M,R,N,AU,2007-06,103.59
M,R,N,AU,2007-07,105.42
M,R,N,AU,2007-08,100.85
M,R,N,AU,2007-09,101.82
M,R,N,AU,2007-10,106.63
M,R,N,AU,2007-11,104.5
M,R,N,AU,2007-12,102.72
M,R,N,AU,2008-01,103.36
M,R,N,AU,2008-02,106.61
M,R,N,AU,2008-03,104.93
M,R,N,AU,2008-04,105.29
M,R,N,AU,2008-05,108.52
M,R,N,AU,2008-06,109.23
M,R,N,AU,2008-07,110.1
M,R,N,AU,2008-08,104.44
M,R,N,AU,2008-09,98.93
M,R,N,AU,2008-10,86.12
M,R,N,AU,2008-11,84.83
M,R,N,AU,2008-12,84.61
M,R,N,AU,2009-01,86.09
M,R,N,AU,2009-02,84.77
M,R,N,AU,2009-03,87.25
M,R,N,AU,2009-04,91.86
M,R,N,AU,2009-05,95.96
M,R,N,AU,2009-06,99.28
M,R,N,AU,2009-07,99.56
M,R,N,AU,2009-08,102.29
M,R,N,AU,2009-09,103.94
M,R,N,AU,2009-10,108.0
M,R,N,AU,2009-11,109.01
M,R,N,AU,2009-12,108.41
M,R,N,AU,2010-01,110.96
M,R,N,AU,2010-02,109.67
M,R,N,AU,2010-03,112.71
M,R,N,AU,2010-04,114.88
M,R,N,AU,2010-05,110.81
M,R,N,AU,2010-06,110.04
M,R,N,AU,2010-07,110.52
M,R,N,AU,2010-08,112.23
M,R,N,AU,2010-09,115.57
M,R,N,AU,2010-10,116.9
M,R,N,AU,2010-11,118.53
M,R,N,AU,2010-12,120.95
M,R,N,AU,2011-01,120.61
M,R,N,AU,2011-02,121.23
M,R,N,AU,2011-03,120.1
M,R,N,AU,2011-04,123.59
M,R,N,AU,2011-05,124.38
M,R,N,AU,2011-06,123.49
M,R,N,AU,2011-07,125.22
M,R,N,AU,2011-08,121.36
M,R,N,AU,2011-09,120.75
M,R,N,AU,2011-10,120.26
M,R,N,AU,2011-11,120.67
M,R,N,AU,2011-12,122.27
M,R,N,AU,2012-01,125.77
M,R,N,AU,2012-02,127.85
M,R,N,AU,2012-03,125.85
M,R,N,AU,2012-04,123.21
M,R,N,AU,2012-05,120.62
M,R,N,AU,2012-06,122.58
M,R,N,AU,2012-07,127.7
M,R,N,AU,2012-08,128.97
M,R,N,AU,2012-09,125.58
M,R,N,AU,2012-10,124.0
M,R,N,AU,2012-11,126.39
M,R,N,AU,2012-12,126.62
M,R,N,AU,2013-01,128.2
M,R,N,AU,2013-02,126.78
M,R,N,AU,2013-03,128.73
M,R,N,AU,2013-04,129.69
M,R,N,AU,2013-05,124.46
M,R,N,AU,2013-06,118.3
M,R,N,AU,2013-07,116.34
M,R,N,AU,2013-08,113.8
M,R,N,AU,2013-09,116.5
M,R,N,AU,2013-10,118.24
M,R,N,AU,2013-11,117.03
M,R,N,AU,2013-12,112.85
M,R,N,AU,2014-01,112.18
M,R,N,AU,2014-02,113.2
M,R,N,AU,2014-03,113.64
M,R,N,AU,2014-04,115.84
M,R,N,AU,2014-05,115.55
M,R,N,AU,2014-06,116.72
M,R,N,AU,2014-07,117.43
M,R,N,AU,2014-08,117.73
M,R,N,AU,2014-09,116.78
M,R,N,AU,2014-10,114.84
M,R,N,AU,2014-11,115.76
M,R,N,AU,2014-12,112.01
M,R,N,AU,2015-01,112.56
M,R,N,AU,2015-02,109.49
M,R,N,AU,2015-03,110.47
M,R,N,AU,2015-04,109.87
M,R,N,AU,2015-05,110.96
M,R,N,AU,2015-06,109.3
M,R,N,AU,2015-07,106.58
M,R,N,AU,2015-08,105.36
M,R,N,AU,2015-09,101.91
M,R,N,AU,2015-10,103.54
M,R,N,AU,2015-11,105.21
M,R,N,AU,2015-12,106.25
M,R,N,AU,2016-01,103.77
M,R,N,AU,2016-02,103.99
M,R,N,AU,2016-03,107.81
M,R,N,AU,2016-04,108.36
M,R,N,AU,2016-05,103.83
M,R,N,AU,2016-06,104.75
M,R,N,AU,2016-07,107.69
M,R,N,AU,2016-08,108.04
M,R,N,AU,2016-09,107.54
M,R,N,AU,2016-10,109.48
M,R,N,AU,2016-11,110.37
M,R,N,AU,2016-12,109.71
M,R,N,AU,2017-01,111.11
M,R,N,AU,2017-02,113.02
M,R,N,AU,2017-03,112.07
M,R,N,AU,2017-04,109.8
M,R,N,AU,2017-05,107.41
M,R,N,AU,2017-06,108.34
M,R,N,AU,2017-07,111.15
M,R,N,AU,2017-08,111.61
M,R,N,AU,2017-09,111.89
M,R,N,AU,2017-10,110.7
M,R,N,AU,2017-11,108.55
M,R,N,AU,2017-12,108.32
M,R,N,AU,2018-01,110.7
M,R,N,AU,2018-02,108.5
M,R,N,AU,2018-03,106.62
M,R,N,AU,2018-04,105.81
M,R,N,AU,2018-05,105.65
M,R,N,AU,2018-06,106.05
M,R,N,AU,2018-07,105.42
M,R,N,AU,2018-08,104.82
M,R,N,AU,2018-09,102.78
M,R,N,AU,2018-10,102.35
M,R,N,AU,2018-11,105.18
M,R,N,AU,2018-12,104.02
M,R,N,AU,2019-01,103.16
M,R,N,AU,2019-02,103.1
M,R,N,AU,2019-03,102.22
M,R,N,AU,2019-04,102.89
M,R,N,AU,2019-05,101.13
M,R,N,AU,2019-06,100.68
M,R,N,AU,2019-07,101.74
M,R,N,AU,2019-08,99.36
M,R,N,AU,2019-09,100.19
M,R,N,AU,2019-10,99.68
M,R,N,AU,2019-11,100.44
M,R,N,AU,2019-12,101.14
M,R,N,AU,2020-01,101.22
M,R,N,AU,2020-02,99.2
M,R,N,AU,2020-03,92.06
M,R,N,AU,2020-04,93.26
M,R,N,AU,2020-05,95.71
M,R,N,AU,2020-06,99.55
M,R,N,AU,2020-07,101.29
M,R,N,AU,2020-08,102.93
M,R,N,AU,2020-09,103.77
M,R,N,AU,2020-10,102.08
M,R,N,AU,2020-11,103.51
M,R,N,AU,2020-12,105.43
M,R,N,AU,2021-01,107.75
M,R,N,AU,2021-02,108.6
M,R,N,AU,2021-03,109.13
M,R,N,AU,2021-04,108.59
M,R,N,AU,2021-05,108.44
M,R,N,AU,2021-06,107.15
M,R,N,AU,2021-07,105.26
M,R,N,AU,2021-08,103.7
M,R,N,AU,2021-09,103.92
M,R,N,AU,2021-10,105.95
M,R,N,AU,2021-11,105.52
M,R,N,AU,2021-12,104.43
M,R,N,AU,2022-01,104.95
M,R,N,AU,2022-02,104.89
M,R,N,AU,2022-03,108.86
M,R,N,AU,2022-04,110.73
M,R,N,AU,2022-05,107.64
M,R,N,AU,2022-06,107.7
M,R,N,AU,2022-07,107.59
M,R,N,AU,2022-08,109.53
M,R,N,AU,2022-09,108.21
M,R,N,AU,2022-10,104.02
M,R,N,AU,2022-11,105.61
M,R,N,AU,2022-12,105.55
M,R,N,AU,2023-01,107.09
M,R,N,AU,2023-02,107.27
M,R,N,AU,2023-03,103.88
M,R,N,AU,2023-04,102.8
M,R,N,AU,2023-05,102.95
M,R,N,AU,2023-06,104.4
M,R,N,AU,2023-07,104.07
M,R,N,AU,2023-08,101.65
M,R,N,AU,2023-09,101.97
M,R,N,AU,2023-10,101.54
M,R,N,AU,2023-11,102.96
M,R,N,AU,2023-12,104.72
M,R,N,AU,2024-01,104.6
M,R,N,AU,2024-02,103.57
M,R,N,AU,2024-03,103.79
M,R,N,AU,2024-04,104.55
M,R,N,AU,2024-05,106.13
M,R,N,AU,2024-06,106.88
M,R,N,AU,2024-07,107.11
M,R,N,AU,2024-08,104.52
M,R,N,AU,2024-09,105.35
M,R,N,AU,2024-10,105.87
M,R,N,AU,2024-11,105.23
M,R,N,AU,2024-12,103.06
M,R,N,AU,2025-01,102.56
M,R,N,AU,2025-02,102.89
M,R,N,AU,2025-03,101.12
M,R,N,AU,2025-04,98.62
M,R,N,AU,2025-05,100.0
M,R,N,AU,2025-06,100.09
M,R,N,AU,2025-07,100.92
M,R,N,AU,2025-08,101.01
M,R,N,AU,2025-09,102.51
M,R,N,AU,2025-10,102.7
M,R,N,AU,2025-11,103.35
M,R,N,AU,2025-12,104.95
M,R,N,AU,2026-01,107.04
M,R,N,CA,2007-01,109.69
M,R,N,CA,2007-02,110.44
M,R,N,CA,2007-03,110.48
M,R,N,CA,2007-04,113.28
M,R,N,CA,2007-05,117.38
M,R,N,CA,2007-06,120.45
M,R,N,CA,2007-07,121.68
M,R,N,CA,2007-08,120.63
M,R,N,CA,2007-09,123.72
M,R,N,CA,2007-10,128.88
M,R,N,CA,2007-11,129.35
M,R,N,CA,2007-12,124.72
M,R,N,CA,2008-01,123.02
M,R,N,CA,2008-02,124.12
M,R,N,CA,2008-03,122.33
M,R,N,CA,2008-04,120.72
M,R,N,CA,2008-05,123.25
M,R,N,CA,2008-06,120.97
M,R,N,CA,2008-07,120.9
M,R,N,CA,2008-08,117.55
M,R,N,CA,2008-09,118.33
M,R,N,CA,2008-10,108.25
M,R,N,CA,2008-11,106.8
M,R,N,CA,2008-12,104.64
M,R,N,CA,2009-01,105.27
M,R,N,CA,2009-02,104.9
M,R,N,CA,2009-03,103.6
M,R,N,CA,2009-04,105.29
M,R,N,CA,2009-05,111.66
M,R,N,CA,2009-06,113.52
M,R,N,CA,2009-07,113.25
M,R,N,CA,2009-08,116.16
M,R,N,CA,2009-09,116.36
M,R,N,CA,2009-10,118.64
M,R,N,CA,2009-11,118.21
M,R,N,CA,2009-12,118.87
M,R,N,CA,2010-01,120.49
M,R,N,CA,2010-02,120.12
M,R,N,CA,2010-03,123.35
M,R,N,CA,2010-04,125.89
M,R,N,CA,2010-05,123.39
M,R,N,CA,2010-06,124.01
M,R,N,CA,2010-07,123.01
M,R,N,CA,2010-08,122.55
M,R,N,CA,2010-09,122.93
M,R,N,CA,2010-10,123.61
M,R,N,CA,2010-11,124.55
M,R,N,CA,2010-12,125.42
M,R,N,CA,2011-01,126.61
M,R,N,CA,2011-02,126.66
M,R,N,CA,2011-03,127.93
M,R,N,CA,2011-04,129.36
M,R,N,CA,2011-05,128.35
M,R,N,CA,2011-06,126.32
M,R,N,CA,2011-07,129.18
M,R,N,CA,2011-08,125.94
M,R,N,CA,2011-09,124.8
M,R,N,CA,2011-10,123.27
M,R,N,CA,2011-11,123.11
M,R,N,CA,2011-12,123.29
M,R,N,CA,2012-01,124.7
M,R,N,CA,2012-02,125.85
M,R,N,CA,2012-03,126.25
M,R,N,CA,2012-04,126.67
M,R,N,CA,2012-05,125.31
M,R,N,CA,2012-06,123.34
M,R,N,CA,2012-07,124.97
M,R,N,CA,2012-08,126.93
M,R,N,CA,2012-09,127.58
M,R,N,CA,2012-10,126.56
M,R,N,CA,2012-11,125.76
M,R,N,CA,2012-12,125.74
M,R,N,CA,2013-01,125.42
M,R,N,CA,2013-02,124.3
M,R,N,CA,2013-03,122.71
M,R,N,CA,2013-04,123.26
M,R,N,CA,2013-05,123.39
M,R,N,CA,2013-06,121.99
M,R,N,CA,2013-07,121.12
M,R,N,CA,2013-08,120.64
M,R,N,CA,2013-09,121.18
M,R,N,CA,2013-10,120.44
M,R,N,CA,2013-11,119.48
M,R,N,CA,2013-12,117.25
M,R,N,CA,2014-01,114.63
M,R,N,CA,2014-02,113.75
M,R,N,CA,2014-03,112.92
M,R,N,CA,2014-04,113.9
M,R,N,CA,2014-05,115.17
M,R,N,CA,2014-06,115.83
M,R,N,CA,2014-07,116.94
M,R,N,CA,2014-08,115.33
M,R,N,CA,2014-09,115.22
M,R,N,CA,2014-10,113.87
M,R,N,CA,2014-11,113.46
M,R,N,CA,2014-12,111.92
M,R,N,CA,2015-01,108.23
M,R,N,CA,2015-02,105.31
M,R,N,CA,2015-03,105.5
M,R,N,CA,2015-04,107.2
M,R,N,CA,2015-05,108.6
M,R,N,CA,2015-06,107.13
M,R,N,CA,2015-07,103.74
M,R,N,CA,2015-08,101.71
M,R,N,CA,2015-09,100.68
M,R,N,CA,2015-10,101.99
M,R,N,CA,2015-11,101.29
M,R,N,CA,2015-12,97.85
M,R,N,CA,2016-01,95.14
M,R,N,CA,2016-02,97.77
M,R,N,CA,2016-03,101.64
M,R,N,CA,2016-04,104.19
M,R,N,CA,2016-05,103.85
M,R,N,CA,2016-06,104.27
M,R,N,CA,2016-07,103.35
M,R,N,CA,2016-08,103.1
M,R,N,CA,2016-09,102.32
M,R,N,CA,2016-10,101.61
M,R,N,CA,2016-11,100.62
M,R,N,CA,2016-12,101.82
M,R,N,CA,2017-01,103.39
M,R,N,CA,2017-02,103.57
M,R,N,CA,2017-03,100.95
M,R,N,CA,2017-04,100.41
M,R,N,CA,2017-05,98.7
M,R,N,CA,2017-06,100.3
M,R,N,CA,2017-07,104.57
M,R,N,CA,2017-08,104.8
M,R,N,CA,2017-09,107.17
M,R,N,CA,2017-10,105.31
M,R,N,CA,2017-11,104.2
M,R,N,CA,2017-12,103.62
M,R,N,CA,2018-01,106.02
M,R,N,CA,2018-02,104.65
M,R,N,CA,2018-03,101.81
M,R,N,CA,2018-04,103.34
M,R,N,CA,2018-05,103.1
M,R,N,CA,2018-06,101.53
M,R,N,CA,2018-07,101.67
M,R,N,CA,2018-08,102.34
M,R,N,CA,2018-09,101.67
M,R,N,CA,2018-10,102.43
M,R,N,CA,2018-11,101.26
M,R,N,CA,2018-12,99.5
M,R,N,CA,2019-01,100.02
M,R,N,CA,2019-02,101.31
M,R,N,CA,2019-03,100.37
M,R,N,CA,2019-04,100.26
M,R,N,CA,2019-05,100.1
M,R,N,CA,2019-06,100.97
M,R,N,CA,2019-07,102.95
M,R,N,CA,2019-08,101.8
M,R,N,CA,2019-09,101.51
M,R,N,CA,2019-10,101.82
M,R,N,CA,2019-11,101.28
M,R,N,CA,2019-12,101.6
M,R,N,CA,2020-01,102.29
M,R,N,CA,2020-02,101.3
M,R,N,CA,2020-03,97.03
M,R,N,CA,2020-04,96.76
M,R,N,CA,2020-05,97.43
M,R,N,CA,2020-06,99.9
M,R,N,CA,2020-07,99.58
M,R,N,CA,2020-08,100.63
M,R,N,CA,2020-09,100.44
M,R,N,CA,2020-10,100.64
M,R,N,CA,2020-11,101.51
M,R,N,CA,2020-12,102.49
M,R,N,CA,2021-01,103.3
M,R,N,CA,2021-02,103.89
M,R,N,CA,2021-03,105.24
M,R,N,CA,2021-04,105.37
M,R,N,CA,2021-05,108.18
M,R,N,CA,2021-06,107.13
M,R,N,CA,2021-07,105.1
M,R,N,CA,2021-08,104.56
M,R,N,CA,2021-09,103.89
M,R,N,CA,2021-10,106.13
M,R,N,CA,2021-11,105.21
M,R,N,CA,2021-12,103.03
M,R,N,CA,2022-01,104.51
M,R,N,CA,2022-02,103.91
M,R,N,CA,2022-03,105.1
M,R,N,CA,2022-04,105.88
M,R,N,CA,2022-05,105.09
M,R,N,CA,2022-06,105.03
M,R,N,CA,2022-07,104.82
M,R,N,CA,2022-08,104.52
M,R,N,CA,2022-09,101.86
M,R,N,CA,2022-10,99.38
M,R,N,CA,2022-11,100.53
M,R,N,CA,2022-12,98.25
M,R,N,CA,2023-01,98.54
M,R,N,CA,2023-02,98.49
M,R,N,CA,2023-03,96.89
M,R,N,CA,2023-04,98.03
M,R,N,CA,2023-05,98.12
M,R,N,CA,2023-06,99.5
M,R,N,CA,2023-07,100.03
M,R,N,CA,2023-08,98.46
M,R,N,CA,2023-09,98.22
M,R,N,CA,2023-10,97.52
M,R,N,CA,2023-11,97.06
M,R,N,CA,2023-12,98.44
M,R,N,CA,2024-01,98.12
M,R,N,CA,2024-02,97.6
M,R,N,CA,2024-03,97.12
M,R,N,CA,2024-04,96.78
M,R,N,CA,2024-05,97.03
M,R,N,CA,2024-06,97.21
M,R,N,CA,2024-07,97.32
M,R,N,CA,2024-08,97.09
M,R,N,CA,2024-09,97.34
M,R,N,CA,2024-10,96.57
M,R,N,CA,2024-11,95.79
M,R,N,CA,2024-12,93.76
M,R,N,CA,2025-01,92.79
M,R,N,CA,2025-02,93.73
M,R,N,CA,2025-03,92.78
M,R,N,CA,2025-04,94.09
M,R,N,CA,2025-05,94.79
M,R,N,CA,2025-06,95.41
M,R,N,CA,2025-07,95.3
M,R,N,CA,2025-08,94.35
M,R,N,CA,2025-09,93.85
M,R,N,CA,2025-10,93.18
M,R,N,CA,2025-11,93.18
M,R,N,CA,2025-12,94.37
M,R,N,CA,2026-01,94.11
M,N,N,JP,2007-01,82.81
M,N,N,JP,2007-02,82.64
M,N,N,JP,2007-03,84.71
M,N,N,JP,2007-04,82.65
M,N,N,JP,2007-05,81.29
M,N,N,JP,2007-06,80.11
M,N,N,JP,2007-07,79.88
M,N,N,JP,2007-08,83.78
M,N,N,JP,2007-09,84.34
M,N,N,JP,2007-10,82.38
M,N,N,JP,2007-11,85.16
M,N,N,JP,2007-12,84.81
M,N,N,JP,2008-01,88.13
M,N,N,JP,2008-02,88.29
M,N,N,JP,2008-03,92.2
M,N,N,JP,2008-04,90.31
M,N,N,JP,2008-05,89.75
M,N,N,JP,2008-06,87.54
M,N,N,JP,2008-07,87.0
M,N,N,JP,2008-08,87.59
M,N,N,JP,2008-09,92.56
M,N,N,JP,2008-10,104.39
M,N,N,JP,2008-11,111.26
M,N,N,JP,2008-12,116.2
M,N,N,JP,2009-01,117.6
M,N,N,JP,2009-02,117.58
M,N,N,JP,2009-03,110.79
M,N,N,JP,2009-04,107.41
M,N,N,JP,2009-05,106.67
M,N,N,JP,2009-06,105.41
M,N,N,JP,2009-07,107.63
M,N,N,JP,2009-08,106.15
M,N,N,JP,2009-09,108.85
M,N,N,JP,2009-10,108.66
M,N,N,JP,2009-11,109.62
M,N,N,JP,2009-12,109.69
M,N,N,JP,2010-01,108.11
M,N,N,JP,2010-02,111.48
M,N,N,JP,2010-03,110.75
M,N,N,JP,2010-04,107.13
M,N,N,JP,2010-05,112.25
M,N,N,JP,2010-06,115.46
M,N,N,JP,2010-07,117.72
M,N,N,JP,2010-08,119.62
M,N,N,JP,2010-09,119.83
M,N,N,JP,2010-10,120.06
M,N,N,JP,2010-11,119.49
M,N,N,JP,2010-12,119.55
M,N,N,JP,2011-01,119.26
M,N,N,JP,2011-02,118.32
M,N,N,JP,2011-03,118.72
M,N,N,JP,2011-04,114.23
M,N,N,JP,2011-05,117.33
M,N,N,JP,2011-06,118.23
M,N,N,JP,2011-07,119.48
M,N,N,JP,2011-08,123.2
M,N,N,JP,2011-09,126.92
M,N,N,JP,2011-10,128.32
M,N,N,JP,2011-11,127.21
M,N,N,JP,2011-12,128.03
M,N,N,JP,2012-01,129.83
M,N,N,JP,2012-02,125.51
M,N,N,JP,2012-03,119.59
M,N,N,JP,2012-04,121.48
M,N,N,JP,2012-05,125.66
M,N,N,JP,2012-06,127.71
M,N,N,JP,2012-07,128.24
M,N,N,JP,2012-08,127.89
M,N,N,JP,2012-09,126.85
M,N,N,JP,2012-10,124.87
M,N,N,JP,2012-11,121.86
M,N,N,JP,2012-12,116.96
M,N,N,JP,2013-01,109.41
M,N,N,JP,2013-02,105.14
M,N,N,JP,2013-03,104.56
M,N,N,JP,2013-04,101.28
M,N,N,JP,2013-05,98.42
M,N,N,JP,2013-06,102.11
M,N,N,JP,2013-07,100.1
M,N,N,JP,2013-08,101.21
M,N,N,JP,2013-09,99.11
M,N,N,JP,2013-10,99.4
M,N,N,JP,2013-11,97.59
M,N,N,JP,2013-12,93.98
M,N,N,JP,2014-01,94.05
M,N,N,JP,2014-02,95.82
M,N,N,JP,2014-03,95.14
M,N,N,JP,2014-04,94.5
M,N,N,JP,2014-05,95.06
M,N,N,JP,2014-06,94.97
M,N,N,JP,2014-07,95.31
M,N,N,JP,2014-08,94.85
M,N,N,JP,2014-09,92.29
M,N,N,JP,2014-10,92.76
M,N,N,JP,2014-11,87.21
M,N,N,JP,2014-12,85.75
M,N,N,JP,2015-01,88.02
M,N,N,JP,2015-02,88.64
M,N,N,JP,2015-03,88.88
M,N,N,JP,2015-04,88.98
M,N,N,JP,2015-05,86.94
M,N,N,JP,2015-06,85.16
M,N,N,JP,2015-07,86.54
M,N,N,JP,2015-08,87.22
M,N,N,JP,2015-09,89.58
M,N,N,JP,2015-10,89.07
M,N,N,JP,2015-11,88.67
M,N,N,JP,2015-12,89.31
M,N,N,JP,2016-01,92.74
M,N,N,JP,2016-02,94.88
M,N,N,JP,2016-03,95.53
M,N,N,JP,2016-04,97.15
M,N,N,JP,2016-05,98.34
M,N,N,JP,2016-06,101.6
M,N,N,JP,2016-07,103.31
M,N,N,JP,2016-08,105.29
M,N,N,JP,2016-09,104.66
M,N,N,JP,2016-10,103.82
M,N,N,JP,2016-11,100.68
M,N,N,JP,2016-12,94.98
M,N,N,JP,2017-01,95.47
M,N,N,JP,2017-02,96.37
M,N,N,JP,2017-03,96.18
M,N,N,JP,2017-04,98.4
M,N,N,JP,2017-05,95.55
M,N,N,JP,2017-06,96.16
M,N,N,JP,2017-07,93.92
M,N,N,JP,2017-08,95.34
M,N,N,JP,2017-09,94.1
M,N,N,JP,2017-10,92.9
M,N,N,JP,2017-11,92.8
M,N,N,JP,2017-12,92.16
M,N,N,JP,2018-01,92.27
M,N,N,JP,2018-02,94.5
M,N,N,JP,2018-03,96.23
M,N,N,JP,2018-04,95.09
M,N,N,JP,2018-05,94.91
M,N,N,JP,2018-06,95.27
M,N,N,JP,2018-07,94.65
M,N,N,JP,2018-08,95.49
M,N,N,JP,2018-09,94.34
M,N,N,JP,2018-10,94.27
M,N,N,JP,2018-11,94.12
M,N,N,JP,2018-12,95.08
M,N,N,JP,2019-01,97.67
M,N,N,JP,2019-02,96.56
M,N,N,JP,2019-03,96.07
M,N,N,JP,2019-04,95.99
M,N,N,JP,2019-05,98.34
M,N,N,JP,2019-06,99.6
M,N,N,JP,2019-07,99.63
M,N,N,JP,2019-08,102.52
M,N,N,JP,2019-09,101.34
M,N,N,JP,2019-10,100.25
M,N,N,JP,2019-11,99.18
M,N,N,JP,2019-12,98.63
M,N,N,JP,2020-01,98.28
M,N,N,JP,2020-02,98.75
M,N,N,JP,2020-03,101.53
M,N,N,JP,2020-04,101.89
M,N,N,JP,2020-05,102.21
M,N,N,JP,2020-06,100.13
M,N,N,JP,2020-07,100.05
M,N,N,JP,2020-08,99.34
M,N,N,JP,2020-09,99.75
M,N,N,JP,2020-10,99.62
M,N,N,JP,2020-11,99.63
M,N,N,JP,2020-12,98.83
M,N,N,JP,2021-01,98.62
M,N,N,JP,2021-02,97.33
M,N,N,JP,2021-03,95.22
M,N,N,JP,2021-04,94.59
M,N,N,JP,2021-05,93.84
M,N,N,JP,2021-06,93.28
M,N,N,JP,2021-07,94.24
M,N,N,JP,2021-08,94.88
M,N,N,JP,2021-09,94.68
M,N,N,JP,2021-10,92.67
M,N,N,JP,2021-11,92.49
M,N,N,JP,2021-12,92.95
M,N,N,JP,2022-01,92.1
M,N,N,JP,2022-02,91.92
M,N,N,JP,2022-03,90.45
M,N,N,JP,2022-04,85.78
M,N,N,JP,2022-05,85.5
M,N,N,JP,2022-06,82.35
M,N,N,JP,2022-07,82.04
M,N,N,JP,2022-08,83.15
M,N,N,JP,2022-09,80.42
M,N,N,JP,2022-10,78.87
M,N,N,JP,2022-11,79.7
M,N,N,JP,2022-12,82.25
M,N,N,JP,2023-01,83.95
M,N,N,JP,2023-02,82.84
M,N,N,JP,2023-03,82.86
M,N,N,JP,2023-04,82.31
M,N,N,JP,2023-05,80.45
M,N,N,JP,2023-06,77.91
M,N,N,JP,2023-07,77.39
M,N,N,JP,2023-08,76.31
M,N,N,JP,2023-09,75.56
M,N,N,JP,2023-10,75.13
M,N,N,JP,2023-11,74.0
M,N,N,JP,2023-12,76.25
M,N,N,JP,2024-01,75.28
M,N,N,JP,2024-02,74.04
M,N,N,JP,2024-03,73.83
M,N,N,JP,2024-04,72.76
M,N,N,JP,2024-05,71.49
M,N,N,JP,2024-06,70.74
M,N,N,JP,2024-07,70.62
M,N,N,JP,2024-08,75.4
M,N,N,JP,2024-09,76.39
M,N,N,JP,2024-10,73.86
M,N,N,JP,2024-11,73.06
M,N,N,JP,2024-12,73.63
M,N,N,JP,2025-01,73.09
M,N,N,JP,2025-02,74.97
M,N,N,JP,2025-03,75.47
M,N,N,JP,2025-04,76.88
M,N,N,JP,2025-05,75.31
M,N,N,JP,2025-06,74.48
M,N,N,JP,2025-07,73.0
M,N,N,JP,2025-08,73.04
M,N,N,JP,2025-09,72.74
M,N,N,JP,2025-10,71.55
M,N,N,JP,2025-11,70.41
M,N,N,JP,2025-12,69.69
M,N,N,JP,2026-01,69.17
M,N,N,KR,2007-01,125.37
M,N,N,KR,2007-02,125.21
M,N,N,KR,2007-03,122.98
M,N,N,KR,2007-04,124.16
M,N,N,KR,2007-05,125.17
M,N,N,KR,2007-06,125.72
M,N,N,KR,2007-07,125.62
M,N,N,KR,2007-08,122.49
M,N,N,KR,2007-09,121.84
M,N,N,KR,2007-10,122.62
M,N,N,KR,2007-11,119.44
M,N,N,KR,2007-12,118.74
M,N,N,KR,2008-01,115.54
M,N,N,KR,2008-02,114.7
M,N,N,KR,2008-03,106.51
M,N,N,KR,2008-04,105.75
M,N,N,KR,2008-05,101.62
M,N,N,KR,2008-06,102.84
M,N,N,KR,2008-07,103.8
M,N,N,KR,2008-08,103.89
M,N,N,KR,2008-09,96.84
M,N,N,KR,2008-10,84.27
M,N,N,KR,2008-11,80.39
M,N,N,KR,2008-12,79.23
M,N,N,KR,2009-01,80.41
M,N,N,KR,2009-02,77.42
M,N,N,KR,2009-03,77.71
M,N,N,KR,2009-04,84.14
M,N,N,KR,2009-05,87.53
M,N,N,KR,2009-06,85.96
M,N,N,KR,2009-07,85.27
M,N,N,KR,2009-08,86.34
M,N,N,KR,2009-09,86.54
M,N,N,KR,2009-10,88.51
M,N,N,KR,2009-11,88.72
M,N,N,KR,2009-12,89.37
M,N,N,KR,2010-01,92.36
M,N,N,KR,2010-02,91.92
M,N,N,KR,2010-03,93.73
M,N,N,KR,2010-04,96.44
M,N,N,KR,2010-05,93.87
M,N,N,KR,2010-06,90.62
M,N,N,KR,2010-07,88.96
M,N,N,KR,2010-08,89.64
M,N,N,KR,2010-09,90.29
M,N,N,KR,2010-10,90.56
M,N,N,KR,2010-11,90.42
M,N,N,KR,2010-12,90.22
M,N,N,KR,2011-01,91.48
M,N,N,KR,2011-02,91.01
M,N,N,KR,2011-03,89.85
M,N,N,KR,2011-04,92.07
M,N,N,KR,2011-05,91.5
M,N,N,KR,2011-06,91.52
M,N,N,KR,2011-07,93.15
M,N,N,KR,2011-08,90.82
M,N,N,KR,2011-09,88.59
M,N,N,KR,2011-10,86.68
M,N,N,KR,2011-11,88.6
M,N,N,KR,2011-12,88.35
M,N,N,KR,2012-01,88.82
M,N,N,KR,2012-02,89.85
M,N,N,KR,2012-03,90.86
M,N,N,KR,2012-04,89.8
M,N,N,KR,2012-05,88.52
M,N,N,KR,2012-06,88.67
M,N,N,KR,2012-07,90.58
M,N,N,KR,2012-08,90.9
M,N,N,KR,2012-09,90.28
M,N,N,KR,2012-10,91.67
M,N,N,KR,2012-11,94.18
M,N,N,KR,2012-12,95.32
M,N,N,KR,2013-01,97.52
M,N,N,KR,2013-02,97.0
M,N,N,KR,2013-03,97.05
M,N,N,KR,2013-04,96.08
M,N,N,KR,2013-05,97.95
M,N,N,KR,2013-06,94.75
M,N,N,KR,2013-07,96.58
M,N,N,KR,2013-08,96.49
M,N,N,KR,2013-09,99.41
M,N,N,KR,2013-10,99.76
M,N,N,KR,2013-11,101.2
M,N,N,KR,2013-12,102.5
M,N,N,KR,2014-01,101.91
M,N,N,KR,2014-02,101.1
M,N,N,KR,2014-03,100.8
M,N,N,KR,2014-04,103.35
M,N,N,KR,2014-05,105.08
M,N,N,KR,2014-06,106.0
M,N,N,KR,2014-07,105.79
M,N,N,KR,2014-08,106.39
M,N,N,KR,2014-09,107.43
M,N,N,KR,2014-10,105.83
M,N,N,KR,2014-11,104.71
M,N,N,KR,2014-12,105.79
M,N,N,KR,2015-01,108.95
M,N,N,KR,2015-02,108.69
M,N,N,KR,2015-03,109.59
M,N,N,KR,2015-04,111.95
M,N,N,KR,2015-05,109.93
M,N,N,KR,2015-06,108.59
M,N,N,KR,2015-07,106.39
M,N,N,KR,2015-08,103.59
M,N,N,KR,2015-09,102.63
M,N,N,KR,2015-10,105.99
M,N,N,KR,2015-11,107.2
M,N,N,KR,2015-12,104.92
M,N,N,KR,2016-01,102.44
M,N,N,KR,2016-02,99.8
M,N,N,KR,2016-03,101.75
M,N,N,KR,2016-04,103.32
M,N,N,KR,2016-05,100.96
M,N,N,KR,2016-06,101.1
M,N,N,KR,2016-07,103.71
M,N,N,KR,2016-08,105.38
M,N,N,KR,2016-09,105.69
M,N,N,KR,2016-10,105.34
M,N,N,KR,2016-11,103.8
M,N,N,KR,2016-12,104.4
M,N,N,KR,2017-01,104.09
M,N,N,KR,2017-02,106.72
M,N,N,KR,2017-03,107.47
M,N,N,KR,2017-04,106.65
M,N,N,KR,2017-05,106.75
M,N,N,KR,2017-06,105.39
M,N,N,KR,2017-07,104.52
M,N,N,KR,2017-08,103.34
M,N,N,KR,2017-09,102.95
M,N,N,KR,2017-10,104.05
M,N,N,KR,2017-11,107.09
M,N,N,KR,2017-12,108.46
M,N,N,KR,2018-01,108.29
M,N,N,KR,2018-02,105.96
M,N,N,KR,2018-03,106.41
M,N,N,KR,2018-04,107.18
M,N,N,KR,2018-05,108.51
M,N,N,KR,2018-06,107.39
M,N,N,KR,2018-07,105.14
M,N,N,KR,2018-08,105.75
M,N,N,KR,2018-09,105.77
M,N,N,KR,2018-10,105.42
M,N,N,KR,2018-11,106.3
M,N,N,KR,2018-12,106.46
M,N,N,KR,2019-01,105.69
M,N,N,KR,2019-02,106.08
M,N,N,KR,2019-03,105.49
M,N,N,KR,2019-04,104.84
M,N,N,KR,2019-05,101.3
M,N,N,KR,2019-06,101.48
M,N,N,KR,2019-07,101.34
M,N,N,KR,2019-08,98.71
M,N,N,KR,2019-09,100.43
M,N,N,KR,2019-10,101.18
M,N,N,KR,2019-11,102.51
M,N,N,KR,2019-12,101.69
M,N,N,KR,2020-01,102.24
M,N,N,KR,2020-02,100.83
M,N,N,KR,2020-03,98.55
M,N,N,KR,2020-04,98.78
M,N,N,KR,2020-05,97.9
M,N,N,KR,2020-06,98.42
M,N,N,KR,2020-07,98.22
M,N,N,KR,2020-08,97.87
M,N,N,KR,2020-09,98.6
M,N,N,KR,2020-10,101.32
M,N,N,KR,2020-11,103.39
M,N,N,KR,2020-12,103.88
M,N,N,KR,2021-01,103.26
M,N,N,KR,2021-02,102.55
M,N,N,KR,2021-03,102.2
M,N,N,KR,2021-04,103.24
M,N,N,KR,2021-05,102.01
M,N,N,KR,2021-06,102.54
M,N,N,KR,2021-07,101.41
M,N,N,KR,2021-08,100.1
M,N,N,KR,2021-09,99.11
M,N,N,KR,2021-10,99.3
M,N,N,KR,2021-11,99.84
M,N,N,KR,2021-12,100.27
M,N,N,KR,2022-01,99.25
M,N,N,KR,2022-02,99.2
M,N,N,KR,2022-03,98.94
M,N,N,KR,2022-04,99.87
M,N,N,KR,2022-05,99.05
M,N,N,KR,2022-06,99.02
M,N,N,KR,2022-07,98.52
M,N,N,KR,2022-08,97.4
M,N,N,KR,2022-09,94.73
M,N,N,KR,2022-10,93.78
M,N,N,KR,2022-11,96.34
M,N,N,KR,2022-12,98.33
M,N,N,KR,2023-01,100.7
M,N,N,KR,2023-02,98.74
M,N,N,KR,2023-03,96.96
M,N,N,KR,2023-04,94.89
M,N,N,KR,2023-05,95.42
M,N,N,KR,2023-06,98.37
M,N,N,KR,2023-07,98.72
M,N,N,KR,2023-08,97.09
M,N,N,KR,2023-09,97.57
M,N,N,KR,2023-10,97.05
M,N,N,KR,2023-11,99.39
M,N,N,KR,2023-12,97.99
M,N,N,KR,2024-01,96.65
M,N,N,KR,2024-02,97.25
M,N,N,KR,2024-03,97.09
M,N,N,KR,2024-04,95.78
M,N,N,KR,2024-05,96.05
M,N,N,KR,2024-06,95.26
M,N,N,KR,2024-07,94.94
M,N,N,KR,2024-08,94.81
M,N,N,KR,2024-09,95.3
M,N,N,KR,2024-10,94.78
M,N,N,KR,2024-11,94.1
M,N,N,KR,2024-12,91.8
M,N,N,KR,2025-01,91.89
M,N,N,KR,2025-02,91.41
M,N,N,KR,2025-03,89.13
M,N,N,KR,2025-04,88.29
M,N,N,KR,2025-05,90.64
M,N,N,KR,2025-06,91.43
M,N,N,KR,2025-07,90.52
M,N,N,KR,2025-08,90.19
M,N,N,KR,2025-09,89.79
M,N,N,KR,2025-10,88.69
M,N,N,KR,2025-11,87.32
M,N,N,KR,2025-12,86.65
M,N,N,KR,2026-01,87.06
M,N,N,IT,2007-01,102.45
M,N,N,IT,2007-02,102.63
M,N,N,IT,2007-03,102.87
M,N,N,IT,2007-04,103.25
M,N,N,IT,2007-05,103.32
M,N,N,IT,2007-06,103.17
M,N,N,IT,2007-07,103.43
M,N,N,IT,2007-08,103.25
M,N,N,IT,2007-09,103.61
M,N,N,IT,2007-10,104.01
M,N,N,IT,2007-11,104.5
M,N,N,IT,2007-12,104.66
M,N,N,IT,2008-01,104.8
M,N,N,IT,2008-02,104.73
M,N,N,IT,2008-03,105.51
M,N,N,IT,2008-04,106.06
M,N,N,IT,2008-05,106.02
M,N,N,IT,2008-06,106.09
M,N,N,IT,2008-07,106.34
M,N,N,IT,2008-08,105.69
M,N,N,IT,2008-09,105.13
M,N,N,IT,2008-10,103.87
M,N,N,IT,2008-11,103.55
M,N,N,IT,2008-12,104.9
M,N,N,IT,2009-01,104.55
M,N,N,IT,2009-02,104.02
M,N,N,IT,2009-03,104.89
M,N,N,IT,2009-04,104.68
M,N,N,IT,2009-05,104.78
M,N,N,IT,2009-06,105.07
M,N,N,IT,2009-07,105.12
M,N,N,IT,2009-08,105.17
M,N,N,IT,2009-09,105.46
M,N,N,IT,2009-10,105.74
M,N,N,IT,2009-11,105.67
M,N,N,IT,2009-12,105.34
M,N,N,IT,2010-01,104.67
M,N,N,IT,2010-02,103.85
M,N,N,IT,2010-03,103.7
M,N,N,IT,2010-04,103.27
M,N,N,IT,2010-05,102.11
M,N,N,IT,2010-06,101.34
M,N,N,IT,2010-07,101.86
M,N,N,IT,2010-08,101.74
M,N,N,IT,2010-09,101.81
M,N,N,IT,2010-10,103.0
M,N,N,IT,2010-11,102.57
M,N,N,IT,2010-12,101.73
M,N,N,IT,2011-01,101.75
M,N,N,IT,2011-02,102.19
M,N,N,IT,2011-03,102.74
M,N,N,IT,2011-04,103.4
M,N,N,IT,2011-05,102.96
M,N,N,IT,2011-06,102.9
M,N,N,IT,2011-07,102.45
M,N,N,IT,2011-08,102.23
M,N,N,IT,2011-09,101.94
M,N,N,IT,2011-10,102.06
M,N,N,IT,2011-11,101.81
M,N,N,IT,2011-12,101.2
M,N,N,IT,2012-01,100.53
M,N,N,IT,2012-02,100.95
M,N,N,IT,2012-03,101.1
M,N,N,IT,2012-04,100.92
M,N,N,IT,2012-05,100.3
M,N,N,IT,2012-06,99.94
M,N,N,IT,2012-07,99.32
M,N,N,IT,2012-08,99.36
M,N,N,IT,2012-09,100.09
M,N,N,IT,2012-10,100.35
M,N,N,IT,2012-11,100.15
M,N,N,IT,2012-12,100.71
M,N,N,IT,2013-01,101.37
M,N,N,IT,2013-02,101.9
M,N,N,IT,2013-03,101.41
M,N,N,IT,2013-04,101.56
M,N,N,IT,2013-05,101.74
M,N,N,IT,2013-06,102.01
M,N,N,IT,2013-07,102.05
M,N,N,IT,2013-08,102.29
M,N,N,IT,2013-09,102.16
M,N,N,IT,2013-10,102.49
M,N,N,IT,2013-11,102.36
M,N,N,IT,2013-12,102.8
M,N,N,IT,2014-01,102.71
M,N,N,IT,2014-02,102.67
M,N,N,IT,2014-03,102.96
M,N,N,IT,2014-04,102.83
M,N,N,IT,2014-05,102.57
M,N,N,IT,2014-06,102.25
M,N,N,IT,2014-07,102.08
M,N,N,IT,2014-08,101.82
M,N,N,IT,2014-09,101.31
M,N,N,IT,2014-10,101.07
M,N,N,IT,2014-11,101.11
M,N,N,IT,2014-12,101.06
M,N,N,IT,2015-01,99.37
M,N,N,IT,2015-02,98.61
M,N,N,IT,2015-03,97.61
M,N,N,IT,2015-04,97.32
M,N,N,IT,2015-05,97.95
M,N,N,IT,2015-06,98.24
M,N,N,IT,2015-07,97.93
M,N,N,IT,2015-08,98.53
M,N,N,IT,2015-09,98.85
M,N,N,IT,2015-10,98.74
M,N,N,IT,2015-11,97.72
M,N,N,IT,2015-12,98.18
M,N,N,IT,2016-01,98.48
M,N,N,IT,2016-02,98.99
M,N,N,IT,2016-03,98.77
M,N,N,IT,2016-04,99.03
M,N,N,IT,2016-05,99.02
M,N,N,IT,2016-06,98.77
M,N,N,IT,2016-07,98.76
M,N,N,IT,2016-08,98.94
M,N,N,IT,2016-09,98.98
M,N,N,IT,2016-10,99.04
M,N,N,IT,2016-11,98.66
M,N,N,IT,2016-12,98.28
M,N,N,IT,2017-01,98.41
M,N,N,IT,2017-02,98.18
M,N,N,IT,2017-03,98.39
M,N,N,IT,2017-04,98.27
M,N,N,IT,2017-05,99.11
M,N,N,IT,2017-06,99.51
M,N,N,IT,2017-07,100.11
M,N,N,IT,2017-08,100.8
M,N,N,IT,2017-09,100.91
M,N,N,IT,2017-10,100.76
M,N,N,IT,2017-11,100.75
M,N,N,IT,2017-12,100.9
M,N,N,IT,2018-01,101.33
M,N,N,IT,2018-02,101.49
M,N,N,IT,2018-03,101.52
M,N,N,IT,2018-04,101.49
M,N,N,IT,2018-05,100.82
M,N,N,IT,2018-06,100.56
M,N,N,IT,2018-07,100.79
M,N,N,IT,2018-08,100.54
M,N,N,IT,2018-09,100.7
M,N,N,IT,2018-10,100.42
M,N,N,IT,2018-11,100.17
M,N,N,IT,2018-12,100.26
M,N,N,IT,2019-01,100.15
M,N,N,IT,2019-02,100.03
M,N,N,IT,2019-03,99.89
M,N,N,IT,2019-04,99.83
M,N,N,IT,2019-05,99.9
M,N,N,IT,2019-06,100.05
M,N,N,IT,2019-07,99.89
M,N,N,IT,2019-08,99.84
M,N,N,IT,2019-09,99.46
M,N,N,IT,2019-10,99.49
M,N,N,IT,2019-11,99.33
M,N,N,IT,2019-12,99.33
M,N,N,IT,2020-01,99.24
M,N,N,IT,2020-02,98.91
M,N,N,IT,2020-03,99.68
M,N,N,IT,2020-04,99.19
M,N,N,IT,2020-05,99.25
M,N,N,IT,2020-06,99.89
M,N,N,IT,2020-07,100.21
M,N,N,IT,2020-08,100.77
M,N,N,IT,2020-09,100.75
M,N,N,IT,2020-10,100.59
M,N,N,IT,2020-11,100.51
M,N,N,IT,2020-12,101.02
M,N,N,IT,2021-01,100.89
M,N,N,IT,2021-02,100.72
M,N,N,IT,2021-03,100.53
M,N,N,IT,2021-04,100.63
M,N,N,IT,2021-05,100.87
M,N,N,IT,2021-06,100.7
M,N,N,IT,2021-07,100.4
M,N,N,IT,2021-08,100.28
M,N,N,IT,2021-09,100.36
M,N,N,IT,2021-10,99.98
M,N,N,IT,2021-11,99.62
M,N,N,IT,2021-12,99.45
M,N,N,IT,2022-01,99.41
M,N,N,IT,2022-02,99.56
M,N,N,IT,2022-03,98.99
M,N,N,IT,2022-04,98.8
M,N,N,IT,2022-05,98.73
M,N,N,IT,2022-06,98.88
M,N,N,IT,2022-07,98.05
M,N,N,IT,2022-08,97.79
M,N,N,IT,2022-09,97.95
M,N,N,IT,2022-10,98.11
M,N,N,IT,2022-11,98.56
M,N,N,IT,2022-12,99.05
M,N,N,IT,2023-01,99.31
M,N,N,IT,2023-02,99.32
M,N,N,IT,2023-03,99.43
M,N,N,IT,2023-04,99.91
M,N,N,IT,2023-05,99.76
M,N,N,IT,2023-06,99.69
M,N,N,IT,2023-07,100.01
M,N,N,IT,2023-08,99.95
M,N,N,IT,2023-09,99.65
M,N,N,IT,2023-10,99.51
M,N,N,IT,2023-11,99.93
M,N,N,IT,2023-12,99.74
M,N,N,IT,2024-01,99.76
M,N,N,IT,2024-02,99.67
M,N,N,IT,2024-03,99.94
M,N,N,IT,2024-04,99.95
M,N,N,IT,2024-05,100.15
M,N,N,IT,2024-06,99.92
M,N,N,IT,2024-07,100.14
M,N,N,IT,2024-08,100.08
M,N,N,IT,2024-09,100.02
M,N,N,IT,2024-10,99.82
M,N,N,IT,2024-11,99.47
M,N,N,IT,2024-12,99.26
M,N,N,IT,2025-01,99.22
M,N,N,IT,2025-02,99.13
M,N,N,IT,2025-03,99.93
M,N,N,IT,2025-04,100.58
M,N,N,IT,2025-05,100.4
M,N,N,IT,2025-06,100.81
M,N,N,IT,2025-07,101.26
M,N,N,IT,2025-08,101.29
M,N,N,IT,2025-09,101.46
M,N,N,IT,2025-10,101.42
M,N,N,IT,2025-11,101.52
M,N,N,IT,2025-12,101.76
M,N,N,IT,2026-01,101.7
M,N,N,US,2007-01,91.58
M,N,N,US,2007-02,91.34
M,N,N,US,2007-03,90.49
M,N,N,US,2007-04,89.14
M,N,N,US,2007-05,88.63
M,N,N,US,2007-06,88.41
M,N,N,US,2007-07,87.0
M,N,N,US,2007-08,87.01
M,N,N,US,2007-09,85.43
M,N,N,US,2007-10,83.39
M,N,N,US,2007-11,81.48
M,N,N,US,2007-12,82.98
M,N,N,US,2008-01,82.36
M,N,N,US,2008-02,81.84
M,N,N,US,2008-03,79.38
M,N,N,US,2008-04,79.49
M,N,N,US,2008-05,80.11
M,N,N,US,2008-06,80.73
M,N,N,US,2008-07,80.11
M,N,N,US,2008-08,83.47
M,N,N,US,2008-09,85.46
M,N,N,US,2008-10,90.97
M,N,N,US,2008-11,93.93
M,N,N,US,2008-12,91.67
M,N,N,US,2009-01,91.94
M,N,N,US,2009-02,94.42
M,N,N,US,2009-03,95.05
M,N,N,US,2009-04,93.14
M,N,N,US,2009-05,89.27
M,N,N,US,2009-06,87.53
M,N,N,US,2009-07,87.04
M,N,N,US,2009-08,85.68
M,N,N,US,2009-09,84.24
M,N,N,US,2009-10,82.74
M,N,N,US,2009-11,82.25
M,N,N,US,2009-12,83.02
M,N,N,US,2010-01,83.54
M,N,N,US,2010-02,85.28
M,N,N,US,2010-03,84.95
M,N,N,US,2010-04,85.02
M,N,N,US,2010-05,88.31
M,N,N,US,2010-06,89.23
M,N,N,US,2010-07,86.91
M,N,N,US,2010-08,85.82
M,N,N,US,2010-09,84.87
M,N,N,US,2010-10,81.77
M,N,N,US,2010-11,82.24
M,N,N,US,2010-12,83.28
M,N,N,US,2011-01,82.23
M,N,N,US,2011-02,81.33
M,N,N,US,2011-03,80.21
M,N,N,US,2011-04,78.79
M,N,N,US,2011-05,78.71
M,N,N,US,2011-06,78.67
M,N,N,US,2011-07,78.13
M,N,N,US,2011-08,78.03
M,N,N,US,2011-09,80.39
M,N,N,US,2011-10,81.21
M,N,N,US,2011-11,81.69
M,N,N,US,2011-12,82.69
M,N,N,US,2012-01,82.85
M,N,N,US,2012-02,81.68
M,N,N,US,2012-03,82.35
M,N,N,US,2012-04,82.21
M,N,N,US,2012-05,83.46
M,N,N,US,2012-06,84.59
M,N,N,US,2012-07,84.63
M,N,N,US,2012-08,83.68
M,N,N,US,2012-09,81.99
M,N,N,US,2012-10,81.89
M,N,N,US,2012-11,82.68
M,N,N,US,2012-12,82.11
M,N,N,US,2013-01,82.65
M,N,N,US,2013-02,83.75
M,N,N,US,2013-03,85.5
M,N,N,US,2013-04,85.64
M,N,N,US,2013-05,86.34
M,N,N,US,2013-06,85.72
M,N,N,US,2013-07,86.64
M,N,N,US,2013-08,85.69
M,N,N,US,2013-09,85.27
M,N,N,US,2013-10,84.15
M,N,N,US,2013-11,85.07
M,N,N,US,2013-12,85.33
M,N,N,US,2014-01,86.26
M,N,N,US,2014-02,86.12
M,N,N,US,2014-03,85.81
M,N,N,US,2014-04,85.38
M,N,N,US,2014-05,85.13
M,N,N,US,2014-06,85.34
M,N,N,US,2014-07,85.18
M,N,N,US,2014-08,86.41
M,N,N,US,2014-09,88.45
M,N,N,US,2014-10,89.91
M,N,N,US,2014-11,92.11
M,N,N,US,2014-12,93.59
M,N,N,US,2015-01,96.51
M,N,N,US,2015-02,98.32
M,N,N,US,2015-03,100.76
M,N,N,US,2015-04,100.0
M,N,N,US,2015-05,98.26
M,N,N,US,2015-06,98.93
M,N,N,US,2015-07,100.97
M,N,N,US,2015-08,101.51
M,N,N,US,2015-09,101.4
M,N,N,US,2015-10,100.62
M,N,N,US,2015-11,103.29
M,N,N,US,2015-12,103.62
M,N,N,US,2016-01,104.83
M,N,N,US,2016-02,102.93
M,N,N,US,2016-03,101.21
M,N,N,US,2016-04,98.82
M,N,N,US,2016-05,99.27
M,N,N,US,2016-06,99.01
M,N,N,US,2016-07,99.92
M,N,N,US,2016-08,98.64
M,N,N,US,2016-09,98.92
M,N,N,US,2016-10,100.7
M,N,N,US,2016-11,102.79
M,N,N,US,2016-12,104.86
M,N,N,US,2017-01,104.11
M,N,N,US,2017-02,102.95
M,N,N,US,2017-03,103.3
M,N,N,US,2017-04,102.72
M,N,N,US,2017-05,101.86
M,N,N,US,2017-06,100.59
M,N,N,US,2017-07,98.68
M,N,N,US,2017-08,97.18
M,N,N,US,2017-09,96.18
M,N,N,US,2017-10,97.68
M,N,N,US,2017-11,97.86
M,N,N,US,2017-12,97.33
M,N,N,US,2018-01,94.92
M,N,N,US,2018-02,94.23
M,N,N,US,2018-03,94.64
M,N,N,US,2018-04,94.77
M,N,N,US,2018-05,97.17
M,N,N,US,2018-06,98.31
M,N,N,US,2018-07,98.87
M,N,N,US,2018-08,99.27
M,N,N,US,2018-09,98.9
M,N,N,US,2018-10,99.74
M,N,N,US,2018-11,100.49
M,N,N,US,2018-12,100.75
M,N,N,US,2019-01,99.92
M,N,N,US,2019-02,100.13
M,N,N,US,2019-03,100.66
M,N,N,US,2019-04,101.1
M,N,N,US,2019-05,101.74
M,N,N,US,2019-06,100.77
M,N,N,US,2019-07,100.76
M,N,N,US,2019-08,101.63
M,N,N,US,2019-09,101.95
M,N,N,US,2019-10,101.53
M,N,N,US,2019-11,101.4
M,N,N,US,2019-12,100.92
M,N,N,US,2020-01,100.69
M,N,N,US,2020-02,102.24
M,N,N,US,2020-03,103.08
M,N,N,US,2020-04,104.01
M,N,N,US,2020-05,103.62
M,N,N,US,2020-06,101.26
M,N,N,US,2020-07,100.09
M,N,N,US,2020-08,97.91
M,N,N,US,2020-09,97.95
M,N,N,US,2020-10,97.66
M,N,N,US,2020-11,96.72
M,N,N,US,2020-12,94.77
M,N,N,US,2021-01,94.46
M,N,N,US,2021-02,94.83
M,N,N,US,2021-03,95.99
M,N,N,US,2021-04,95.59
M,N,N,US,2021-05,94.2
M,N,N,US,2021-06,94.79
M,N,N,US,2021-07,96.43
M,N,N,US,2021-08,96.73
M,N,N,US,2021-09,96.98
M,N,N,US,2021-10,97.55
M,N,N,US,2021-11,98.6
M,N,N,US,2021-12,99.48
M,N,N,US,2022-01,99.2
M,N,N,US,2022-02,99.38
M,N,N,US,2022-03,101.17
M,N,N,US,2022-04,103.06
M,N,N,US,2022-05,105.43
M,N,N,US,2022-06,106.14
M,N,N,US,2022-07,108.66
M,N,N,US,2022-08,108.6
M,N,N,US,2022-09,112.44
M,N,N,US,2022-10,114.56
M,N,N,US,2022-11,110.86
M,N,N,US,2022-12,107.73
M,N,N,US,2023-01,105.9
M,N,N,US,2023-02,106.62
M,N,N,US,2023-03,107.46
M,N,N,US,2023-04,106.01
M,N,N,US,2023-05,106.82
M,N,N,US,2023-06,106.82
M,N,N,US,2023-07,105.53
M,N,N,US,2023-08,107.49
M,N,N,US,2023-09,109.12
M,N,N,US,2023-10,110.41
M,N,N,US,2023-11,108.9
M,N,N,US,2023-12,106.89
M,N,N,US,2024-01,107.24
M,N,N,US,2024-02,108.34
M,N,N,US,2024-03,108.25
M,N,N,US,2024-04,109.98
M,N,N,US,2024-05,109.79
M,N,N,US,2024-06,110.16
M,N,N,US,2024-07,109.83
M,N,N,US,2024-08,107.48
M,N,N,US,2024-09,106.16
M,N,N,US,2024-10,108.31
M,N,N,US,2024-11,110.76
M,N,N,US,2024-12,112.4
M,N,N,US,2025-01,113.79
M,N,N,US,2025-02,112.66
M,N,N,US,2025-03,110.67
M,N,N,US,2025-04,107.4
M,N,N,US,2025-05,106.21
M,N,N,US,2025-06,104.63
M,N,N,US,2025-07,104.31
M,N,N,US,2025-08,105.03
M,N,N,US,2025-09,104.68
M,N,N,US,2025-10,105.98
M,N,N,US,2025-11,107.1
M,N,N,US,2025-12,106.04
M,N,N,US,2026-01,105.82
M,N,N,CA,2007-01,111.67
M,N,N,CA,2007-02,112.09
M,N,N,CA,2007-03,112.0
M,N,N,CA,2007-04,115.04
M,N,N,CA,2007-05,119.33
M,N,N,CA,2007-06,122.86
M,N,N,CA,2007-07,123.96
M,N,N,CA,2007-08,123.04
M,N,N,CA,2007-09,126.33
M,N,N,CA,2007-10,132.43
M,N,N,CA,2007-11,133.19
M,N,N,CA,2007-12,128.36
M,N,N,CA,2008-01,127.18
M,N,N,CA,2008-02,128.33
M,N,N,CA,2008-03,126.99
M,N,N,CA,2008-04,125.12
M,N,N,CA,2008-05,127.53
M,N,N,CA,2008-06,125.44
M,N,N,CA,2008-07,125.51
M,N,N,CA,2008-08,122.1
M,N,N,CA,2008-09,122.5
M,N,N,CA,2008-10,111.57
M,N,N,CA,2008-11,108.74
M,N,N,CA,2008-12,106.26
M,N,N,CA,2009-01,107.2
M,N,N,CA,2009-02,106.28
M,N,N,CA,2009-03,105.04
M,N,N,CA,2009-04,107.57
M,N,N,CA,2009-05,113.59
M,N,N,CA,2009-06,115.71
M,N,N,CA,2009-07,115.61
M,N,N,CA,2009-08,119.05
M,N,N,CA,2009-09,119.11
M,N,N,CA,2009-10,121.75
M,N,N,CA,2009-11,120.81
M,N,N,CA,2009-12,121.98
M,N,N,CA,2010-01,123.64
M,N,N,CA,2010-02,122.85
M,N,N,CA,2010-03,126.93
M,N,N,CA,2010-04,129.56
M,N,N,CA,2010-05,126.52
M,N,N,CA,2010-06,127.17
M,N,N,CA,2010-07,125.34
M,N,N,CA,2010-08,125.19
M,N,N,CA,2010-09,125.49
M,N,N,CA,2010-10,126.0
M,N,N,CA,2010-11,127.03
M,N,N,CA,2010-12,128.21
M,N,N,CA,2011-01,129.64
M,N,N,CA,2011-02,129.98
M,N,N,CA,2011-03,130.98
M,N,N,CA,2011-04,132.91
M,N,N,CA,2011-05,131.42
M,N,N,CA,2011-06,130.01
M,N,N,CA,2011-07,132.86
M,N,N,CA,2011-08,129.16
M,N,N,CA,2011-09,127.55
M,N,N,CA,2011-10,125.49
M,N,N,CA,2011-11,125.1
M,N,N,CA,2011-12,125.93
M,N,N,CA,2012-01,127.38
M,N,N,CA,2012-02,128.86
M,N,N,CA,2012-03,129.7
M,N,N,CA,2012-04,129.78
M,N,N,CA,2012-05,128.06
M,N,N,CA,2012-06,126.28
M,N,N,CA,2012-07,128.18
M,N,N,CA,2012-08,130.59
M,N,N,CA,2012-09,131.73
M,N,N,CA,2012-10,130.54
M,N,N,CA,2012-11,129.5
M,N,N,CA,2012-12,130.18
M,N,N,CA,2013-01,130.0
M,N,N,CA,2013-02,128.24
M,N,N,CA,2013-03,127.0
M,N,N,CA,2013-04,127.88
M,N,N,CA,2013-05,127.83
M,N,N,CA,2013-06,126.22
M,N,N,CA,2013-07,125.31
M,N,N,CA,2013-08,124.89
M,N,N,CA,2013-09,125.41
M,N,N,CA,2013-10,124.74
M,N,N,CA,2013-11,123.61
M,N,N,CA,2013-12,121.72
M,N,N,CA,2014-01,118.73
M,N,N,CA,2014-02,117.2
M,N,N,CA,2014-03,116.42
M,N,N,CA,2014-04,117.53
M,N,N,CA,2014-05,118.63
M,N,N,CA,2014-06,119.38
M,N,N,CA,2014-07,120.61
M,N,N,CA,2014-08,118.82
M,N,N,CA,2014-09,118.77
M,N,N,CA,2014-10,117.0
M,N,N,CA,2014-11,116.56
M,N,N,CA,2014-12,114.93
M,N,N,CA,2015-01,110.67
M,N,N,CA,2015-02,107.07
M,N,N,CA,2015-03,107.05
M,N,N,CA,2015-04,109.07
M,N,N,CA,2015-05,110.26
M,N,N,CA,2015-06,108.71
M,N,N,CA,2015-07,104.95
M,N,N,CA,2015-08,102.59
M,N,N,CA,2015-09,101.54
M,N,N,CA,2015-10,102.88
M,N,N,CA,2015-11,102.09
M,N,N,CA,2015-12,98.71
M,N,N,CA,2016-01,95.36
M,N,N,CA,2016-02,97.75
M,N,N,CA,2016-03,101.71
M,N,N,CA,2016-04,104.34
M,N,N,CA,2016-05,103.68
M,N,N,CA,2016-06,103.95
M,N,N,CA,2016-07,103.07
M,N,N,CA,2016-08,103.09
M,N,N,CA,2016-09,102.28
M,N,N,CA,2016-10,101.67
M,N,N,CA,2016-11,100.62
M,N,N,CA,2016-12,101.98
M,N,N,CA,2017-01,102.85
M,N,N,CA,2017-02,103.5
M,N,N,CA,2017-03,101.22
M,N,N,CA,2017-04,100.77
M,N,N,CA,2017-05,99.01
M,N,N,CA,2017-06,100.99
M,N,N,CA,2017-07,105.3
M,N,N,CA,2017-08,105.75
M,N,N,CA,2017-09,108.37
M,N,N,CA,2017-10,106.1
M,N,N,CA,2017-11,104.67
M,N,N,CA,2017-12,104.47
M,N,N,CA,2018-01,106.5
M,N,N,CA,2018-02,105.0
M,N,N,CA,2018-03,102.14
M,N,N,CA,2018-04,103.79
M,N,N,CA,2018-05,103.52
M,N,N,CA,2018-06,101.72
M,N,N,CA,2018-07,101.76
M,N,N,CA,2018-08,102.73
M,N,N,CA,2018-09,102.55
M,N,N,CA,2018-10,103.19
M,N,N,CA,2018-11,101.86
M,N,N,CA,2018-12,99.98
M,N,N,CA,2019-01,100.63
M,N,N,CA,2019-02,101.64
M,N,N,CA,2019-03,100.55
M,N,N,CA,2019-04,100.59
M,N,N,CA,2019-05,100.12
M,N,N,CA,2019-06,101.17
M,N,N,CA,2019-07,102.8
M,N,N,CA,2019-08,101.63
M,N,N,CA,2019-09,101.94
M,N,N,CA,2019-10,102.26
M,N,N,CA,2019-11,101.83
M,N,N,CA,2019-12,102.22
M,N,N,CA,2020-01,102.91
M,N,N,CA,2020-02,101.73
M,N,N,CA,2020-03,96.85
M,N,N,CA,2020-04,96.24
M,N,N,CA,2020-05,96.83
M,N,N,CA,2020-06,99.23
M,N,N,CA,2020-07,99.22
M,N,N,CA,2020-08,100.66
M,N,N,CA,2020-09,100.83
M,N,N,CA,2020-10,100.77
M,N,N,CA,2020-11,101.64
M,N,N,CA,2020-12,103.1
M,N,N,CA,2021-01,103.74
M,N,N,CA,2021-02,104.19
M,N,N,CA,2021-03,105.59
M,N,N,CA,2021-04,106.12
M,N,N,CA,2021-05,109.11
M,N,N,CA,2021-06,108.53
M,N,N,CA,2021-07,106.25
M,N,N,CA,2021-08,105.71
M,N,N,CA,2021-09,105.16
M,N,N,CA,2021-10,107.38
M,N,N,CA,2021-11,106.66
M,N,N,CA,2021-12,104.91
M,N,N,CA,2022-01,106.33
M,N,N,CA,2022-02,105.56
M,N,N,CA,2022-03,106.69
M,N,N,CA,2022-04,107.68
M,N,N,CA,2022-05,106.44
M,N,N,CA,2022-06,106.94
M,N,N,CA,2022-07,106.56
M,N,N,CA,2022-08,106.87
M,N,N,CA,2022-09,104.54
M,N,N,CA,2022-10,101.88
M,N,N,CA,2022-11,103.03
M,N,N,CA,2022-12,100.97
M,N,N,CA,2023-01,101.54
M,N,N,CA,2023-02,101.77
M,N,N,CA,2023-03,100.07
M,N,N,CA,2023-04,101.13
M,N,N,CA,2023-05,101.16
M,N,N,CA,2023-06,102.93
M,N,N,CA,2023-07,103.16
M,N,N,CA,2023-08,101.62
M,N,N,CA,2023-09,101.7
M,N,N,CA,2023-10,100.71
M,N,N,CA,2023-11,100.13
M,N,N,CA,2023-12,101.91
M,N,N,CA,2024-01,102.04
M,N,N,CA,2024-02,101.76
M,N,N,CA,2024-03,101.31
M,N,N,CA,2024-04,100.88
M,N,N,CA,2024-05,100.73
M,N,N,CA,2024-06,100.55
M,N,N,CA,2024-07,100.43
M,N,N,CA,2024-08,100.1
M,N,N,CA,2024-09,100.72
M,N,N,CA,2024-10,99.69
M,N,N,CA,2024-11,98.69
M,N,N,CA,2024-12,97.12
M,N,N,CA,2025-01,96.46
M,N,N,CA,2025-02,96.81
M,N,N,CA,2025-03,95.82
M,N,N,CA,2025-04,97.57
M,N,N,CA,2025-05,98.1
M,N,N,CA,2025-06,99.09
M,N,N,CA,2025-07,98.92
M,N,N,CA,2025-08,98.23
M,N,N,CA,2025-09,97.92
M,N,N,CA,2025-10,97.04
M,N,N,CA,2025-11,96.94
M,N,N,CA,2025-12,98.55
M,N,N,CA,2026-01,98.64
M,N,N,AU,2007-01,108.34
M,N,N,AU,2007-02,108.16
M,N,N,AU,2007-03,108.62
M,N,N,AU,2007-04,112.33
M,N,N,AU,2007-05,112.33
M,N,N,AU,2007-06,115.01
M,N,N,AU,2007-07,116.81
M,N,N,AU,2007-08,111.76
M,N,N,AU,2007-09,112.9
M,N,N,AU,2007-10,118.41
M,N,N,AU,2007-11,115.98
M,N,N,AU,2007-12,113.65
M,N,N,AU,2008-01,113.79
M,N,N,AU,2008-02,117.21
M,N,N,AU,2008-03,115.56
M,N,N,AU,2008-04,116.0
M,N,N,AU,2008-05,119.8
M,N,N,AU,2008-06,120.68
M,N,N,AU,2008-07,121.35
M,N,N,AU,2008-08,114.87
M,N,N,AU,2008-09,108.87
M,N,N,AU,2008-10,94.69
M,N,N,AU,2008-11,92.69
M,N,N,AU,2008-12,91.97
M,N,N,AU,2009-01,93.19
M,N,N,AU,2009-02,91.83
M,N,N,AU,2009-03,94.68
M,N,N,AU,2009-04,99.89
M,N,N,AU,2009-05,104.27
M,N,N,AU,2009-06,107.74
M,N,N,AU,2009-07,107.39
M,N,N,AU,2009-08,110.37
M,N,N,AU,2009-09,111.92
M,N,N,AU,2009-10,116.25
M,N,N,AU,2009-11,117.18
M,N,N,AU,2009-12,116.24
M,N,N,AU,2010-01,118.48
M,N,N,AU,2010-02,116.98
M,N,N,AU,2010-03,120.56
M,N,N,AU,2010-04,123.11
M,N,N,AU,2010-05,118.6
M,N,N,AU,2010-06,117.33
M,N,N,AU,2010-07,117.27
M,N,N,AU,2010-08,119.1
M,N,N,AU,2010-09,122.86
M,N,N,AU,2010-10,124.63
M,N,N,AU,2010-11,126.21
M,N,N,AU,2010-12,128.6
M,N,N,AU,2011-01,127.58
M,N,N,AU,2011-02,128.04
M,N,N,AU,2011-03,127.24
M,N,N,AU,2011-04,131.25
M,N,N,AU,2011-05,132.06
M,N,N,AU,2011-06,130.71
M,N,N,AU,2011-07,132.18
M,N,N,AU,2011-08,128.1
M,N,N,AU,2011-09,127.71
M,N,N,AU,2011-10,127.36
M,N,N,AU,2011-11,127.78
M,N,N,AU,2011-12,129.62
M,N,N,AU,2012-01,133.26
M,N,N,AU,2012-02,135.9
M,N,N,AU,2012-03,134.68
M,N,N,AU,2012-04,132.11
M,N,N,AU,2012-05,128.78
M,N,N,AU,2012-06,129.98
M,N,N,AU,2012-07,134.35
M,N,N,AU,2012-08,135.66
M,N,N,AU,2012-09,132.47
M,N,N,AU,2012-10,130.98
M,N,N,AU,2012-11,133.21
M,N,N,AU,2012-12,133.5
M,N,N,AU,2013-01,134.67
M,N,N,AU,2013-02,133.57
M,N,N,AU,2013-03,136.08
M,N,N,AU,2013-04,137.0
M,N,N,AU,2013-05,131.42
M,N,N,AU,2013-06,124.52
M,N,N,AU,2013-07,121.85
M,N,N,AU,2013-08,118.87
M,N,N,AU,2013-09,121.66
M,N,N,AU,2013-10,123.09
M,N,N,AU,2013-11,121.56
M,N,N,AU,2013-12,117.15
M,N,N,AU,2014-01,115.96
M,N,N,AU,2014-02,117.07
M,N,N,AU,2014-03,117.93
M,N,N,AU,2014-04,120.61
M,N,N,AU,2014-05,120.32
M,N,N,AU,2014-06,121.43
M,N,N,AU,2014-07,121.72
M,N,N,AU,2014-08,121.95
M,N,N,AU,2014-09,121.1
M,N,N,AU,2014-10,118.85
M,N,N,AU,2014-11,119.46
M,N,N,AU,2014-12,115.27
M,N,N,AU,2015-01,115.05
M,N,N,AU,2015-02,112.12
M,N,N,AU,2015-03,113.51
M,N,N,AU,2015-04,112.84
M,N,N,AU,2015-05,114.06
M,N,N,AU,2015-06,112.24
M,N,N,AU,2015-07,109.07
M,N,N,AU,2015-08,107.64
M,N,N,AU,2015-09,103.96
M,N,N,AU,2015-10,105.47
M,N,N,AU,2015-11,106.84
M,N,N,AU,2015-12,107.8
M,N,N,AU,2016-01,104.83
M,N,N,AU,2016-02,105.34
M,N,N,AU,2016-03,109.76
M,N,N,AU,2016-04,110.4
M,N,N,AU,2016-05,105.73
M,N,N,AU,2016-06,106.53
M,N,N,AU,2016-07,109.01
M,N,N,AU,2016-08,109.21
M,N,N,AU,2016-09,108.73
M,N,N,AU,2016-10,110.83
M,N,N,AU,2016-11,111.34
M,N,N,AU,2016-12,110.64
M,N,N,AU,2017-01,111.76
M,N,N,AU,2017-02,113.94
M,N,N,AU,2017-03,113.33
M,N,N,AU,2017-04,111.41
M,N,N,AU,2017-05,108.96
M,N,N,AU,2017-06,109.81
M,N,N,AU,2017-07,112.25
M,N,N,AU,2017-08,112.71
M,N,N,AU,2017-09,113.08
M,N,N,AU,2017-10,111.59
M,N,N,AU,2017-11,109.21
M,N,N,AU,2017-12,108.97
M,N,N,AU,2018-01,111.07
M,N,N,AU,2018-02,109.12
M,N,N,AU,2018-03,107.42
M,N,N,AU,2018-04,106.77
M,N,N,AU,2018-05,106.82
M,N,N,AU,2018-06,107.15
M,N,N,AU,2018-07,106.47
M,N,N,AU,2018-08,105.98
M,N,N,AU,2018-09,103.9
M,N,N,AU,2018-10,103.38
M,N,N,AU,2018-11,105.68
M,N,N,AU,2018-12,104.37
M,N,N,AU,2019-01,103.32
M,N,N,AU,2019-02,103.63
M,N,N,AU,2019-03,103.04
M,N,N,AU,2019-04,103.98
M,N,N,AU,2019-05,102.09
M,N,N,AU,2019-06,101.4
M,N,N,AU,2019-07,102.21
M,N,N,AU,2019-08,99.79
M,N,N,AU,2019-09,100.66
M,N,N,AU,2019-10,100.13
M,N,N,AU,2019-11,100.43
M,N,N,AU,2019-12,100.79
M,N,N,AU,2020-01,100.4
M,N,N,AU,2020-02,98.75
M,N,N,AU,2020-03,92.15
M,N,N,AU,2020-04,93.97
M,N,N,AU,2020-05,97.0
M,N,N,AU,2020-06,101.0
M,N,N,AU,2020-07,101.93
M,N,N,AU,2020-08,102.77
M,N,N,AU,2020-09,103.24
M,N,N,AU,2020-10,101.44
M,N,N,AU,2020-11,102.7
M,N,N,AU,2020-12,104.66
M,N,N,AU,2021-01,107.06
M,N,N,AU,2021-02,107.94
M,N,N,AU,2021-03,108.71
M,N,N,AU,2021-04,108.34
M,N,N,AU,2021-05,108.39
M,N,N,AU,2021-06,107.27
M,N,N,AU,2021-07,105.36
M,N,N,AU,2021-08,103.86
M,N,N,AU,2021-09,104.13
M,N,N,AU,2021-10,106.3
M,N,N,AU,2021-11,105.74
M,N,N,AU,2021-12,104.23
M,N,N,AU,2022-01,104.45
M,N,N,AU,2022-02,104.42
M,N,N,AU,2022-03,109.15
M,N,N,AU,2022-04,111.19
M,N,N,AU,2022-05,108.36
M,N,N,AU,2022-06,108.7
M,N,N,AU,2022-07,108.16
M,N,N,AU,2022-08,109.83
M,N,N,AU,2022-09,108.49
M,N,N,AU,2022-10,104.46
M,N,N,AU,2022-11,105.5
M,N,N,AU,2022-12,104.73
M,N,N,AU,2023-01,106.12
M,N,N,AU,2023-02,106.42
M,N,N,AU,2023-03,103.36
M,N,N,AU,2023-04,102.64
M,N,N,AU,2023-05,102.69
M,N,N,AU,2023-06,104.03
M,N,N,AU,2023-07,103.35
M,N,N,AU,2023-08,101.04
M,N,N,AU,2023-09,101.44
M,N,N,AU,2023-10,101.04
M,N,N,AU,2023-11,102.04
M,N,N,AU,2023-12,103.61
M,N,N,AU,2024-01,103.23
M,N,N,AU,2024-02,102.33
M,N,N,AU,2024-03,102.6
M,N,N,AU,2024-04,103.38
M,N,N,AU,2024-05,104.9
M,N,N,AU,2024-06,105.44
M,N,N,AU,2024-07,105.75
M,N,N,AU,2024-08,103.3
M,N,N,AU,2024-09,104.09
M,N,N,AU,2024-10,104.85
M,N,N,AU,2024-11,104.0
M,N,N,AU,2024-12,101.83
M,N,N,AU,2025-01,101.15
M,N,N,AU,2025-02,101.47
M,N,N,AU,2025-03,99.8
M,N,N,AU,2025-04,97.53
M,N,N,AU,2025-05,98.78
M,N,N,AU,2025-06,98.67
M,N,N,AU,2025-07,99.11
M,N,N,AU,2025-08,98.92
M,N,N,AU,2025-09,100.2
M,N,N,AU,2025-10,100.43
M,N,N,AU,2025-11,100.88
M,N,N,AU,2025-12,102.45
M,N,N,AU,2026-01,104.27
M,N,N,DE,2007-01,103.05
M,N,N,DE,2007-02,103.29
M,N,N,DE,2007-03,103.62
M,N,N,DE,2007-04,104.16
M,N,N,DE,2007-05,104.26
M,N,N,DE,2007-06,104.08
M,N,N,DE,2007-07,104.44
M,N,N,DE,2007-08,104.17
M,N,N,DE,2007-09,104.65
M,N,N,DE,2007-10,105.21
M,N,N,DE,2007-11,105.89
M,N,N,DE,2007-12,106.08
M,N,N,DE,2008-01,106.26
M,N,N,DE,2008-02,106.16
M,N,N,DE,2008-03,107.26
M,N,N,DE,2008-04,108.01
M,N,N,DE,2008-05,107.95
M,N,N,DE,2008-06,108.07
M,N,N,DE,2008-07,108.43
M,N,N,DE,2008-08,107.47
M,N,N,DE,2008-09,106.67
M,N,N,DE,2008-10,104.86
M,N,N,DE,2008-11,104.36
M,N,N,DE,2008-12,106.22
M,N,N,DE,2009-01,105.73
M,N,N,DE,2009-02,104.98
M,N,N,DE,2009-03,106.21
M,N,N,DE,2009-04,105.95
M,N,N,DE,2009-05,106.12
M,N,N,DE,2009-06,106.59
M,N,N,DE,2009-07,106.64
M,N,N,DE,2009-08,106.71
M,N,N,DE,2009-09,107.1
M,N,N,DE,2009-10,107.49
M,N,N,DE,2009-11,107.4
M,N,N,DE,2009-12,106.93
M,N,N,DE,2010-01,106.0
M,N,N,DE,2010-02,104.82
M,N,N,DE,2010-03,104.59
M,N,N,DE,2010-04,104.03
M,N,N,DE,2010-05,102.38
M,N,N,DE,2010-06,101.31
M,N,N,DE,2010-07,102.07
M,N,N,DE,2010-08,101.91
M,N,N,DE,2010-09,102.01
M,N,N,DE,2010-10,103.66
M,N,N,DE,2010-11,103.07
M,N,N,DE,2010-12,101.91
M,N,N,DE,2011-01,101.91
M,N,N,DE,2011-02,102.5
M,N,N,DE,2011-03,103.24
M,N,N,DE,2011-04,104.17
M,N,N,DE,2011-05,103.58
M,N,N,DE,2011-06,103.53
M,N,N,DE,2011-07,102.93
M,N,N,DE,2011-08,102.65
M,N,N,DE,2011-09,102.18
M,N,N,DE,2011-10,102.33
M,N,N,DE,2011-11,102.0
M,N,N,DE,2011-12,101.17
M,N,N,DE,2012-01,100.27
M,N,N,DE,2012-02,100.84
M,N,N,DE,2012-03,101.08
M,N,N,DE,2012-04,100.82
M,N,N,DE,2012-05,99.97
M,N,N,DE,2012-06,99.48
M,N,N,DE,2012-07,98.62
M,N,N,DE,2012-08,98.67
M,N,N,DE,2012-09,99.65
M,N,N,DE,2012-10,100.0
M,N,N,DE,2012-11,99.75
M,N,N,DE,2012-12,100.54
M,N,N,DE,2013-01,101.45
M,N,N,DE,2013-02,102.2
M,N,N,DE,2013-03,101.54
M,N,N,DE,2013-04,101.77
M,N,N,DE,2013-05,102.02
M,N,N,DE,2013-06,102.38
M,N,N,DE,2013-07,102.44
M,N,N,DE,2013-08,102.75
M,N,N,DE,2013-09,102.6
M,N,N,DE,2013-10,103.05
M,N,N,DE,2013-11,102.9
M,N,N,DE,2013-12,103.54
M,N,N,DE,2014-01,103.4
M,N,N,DE,2014-02,103.34
M,N,N,DE,2014-03,103.72
M,N,N,DE,2014-04,103.57
M,N,N,DE,2014-05,103.22
M,N,N,DE,2014-06,102.8
M,N,N,DE,2014-07,102.59
M,N,N,DE,2014-08,102.26
M,N,N,DE,2014-09,101.6
M,N,N,DE,2014-10,101.3
M,N,N,DE,2014-11,101.41
M,N,N,DE,2014-12,101.39
M,N,N,DE,2015-01,99.18
M,N,N,DE,2015-02,98.18
M,N,N,DE,2015-03,96.88
M,N,N,DE,2015-04,96.51
M,N,N,DE,2015-05,97.3
M,N,N,DE,2015-06,97.7
M,N,N,DE,2015-07,97.29
M,N,N,DE,2015-08,98.08
M,N,N,DE,2015-09,98.49
M,N,N,DE,2015-10,98.35
M,N,N,DE,2015-11,97.04
M,N,N,DE,2015-12,97.64
M,N,N,DE,2016-01,98.02
M,N,N,DE,2016-02,98.68
M,N,N,DE,2016-03,98.38
M,N,N,DE,2016-04,98.69
M,N,N,DE,2016-05,98.66
M,N,N,DE,2016-06,98.34
M,N,N,DE,2016-07,98.37
M,N,N,DE,2016-08,98.59
M,N,N,DE,2016-09,98.64
M,N,N,DE,2016-10,98.76
M,N,N,DE,2016-11,98.3
M,N,N,DE,2016-12,97.83
M,N,N,DE,2017-01,97.99
M,N,N,DE,2017-02,97.66
M,N,N,DE,2017-03,97.92
M,N,N,DE,2017-04,97.75
M,N,N,DE,2017-05,98.82
M,N,N,DE,2017-06,99.35
M,N,N,DE,2017-07,100.11
M,N,N,DE,2017-08,100.99
M,N,N,DE,2017-09,101.12
M,N,N,DE,2017-10,100.96
M,N,N,DE,2017-11,100.95
M,N,N,DE,2017-12,101.15
M,N,N,DE,2018-01,101.65
M,N,N,DE,2018-02,101.84
M,N,N,DE,2018-03,101.86
M,N,N,DE,2018-04,101.86
M,N,N,DE,2018-05,101.04
M,N,N,DE,2018-06,100.7
M,N,N,DE,2018-07,101.02
M,N,N,DE,2018-08,100.72
M,N,N,DE,2018-09,100.91
M,N,N,DE,2018-10,100.57
M,N,N,DE,2018-11,100.25
M,N,N,DE,2018-12,100.37
M,N,N,DE,2019-01,100.19
M,N,N,DE,2019-02,100.05
M,N,N,DE,2019-03,99.87
M,N,N,DE,2019-04,99.8
M,N,N,DE,2019-05,99.91
M,N,N,DE,2019-06,100.09
M,N,N,DE,2019-07,99.9
M,N,N,DE,2019-08,99.85
M,N,N,DE,2019-09,99.34
M,N,N,DE,2019-10,99.38
M,N,N,DE,2019-11,99.17
M,N,N,DE,2019-12,99.15
M,N,N,DE,2020-01,99.03
M,N,N,DE,2020-02,98.62
M,N,N,DE,2020-03,99.64
M,N,N,DE,2020-04,99.02
M,N,N,DE,2020-05,99.08
M,N,N,DE,2020-06,99.88
M,N,N,DE,2020-07,100.27
M,N,N,DE,2020-08,100.96
M,N,N,DE,2020-09,100.95
M,N,N,DE,2020-10,100.74
M,N,N,DE,2020-11,100.59
M,N,N,DE,2020-12,101.23
M,N,N,DE,2021-01,101.05
M,N,N,DE,2021-02,100.84
M,N,N,DE,2021-03,100.63
M,N,N,DE,2021-04,100.75
M,N,N,DE,2021-05,101.06
M,N,N,DE,2021-06,100.84
M,N,N,DE,2021-07,100.47
M,N,N,DE,2021-08,100.31
M,N,N,DE,2021-09,100.4
M,N,N,DE,2021-10,99.93
M,N,N,DE,2021-11,99.48
M,N,N,DE,2021-12,99.28
M,N,N,DE,2022-01,99.23
M,N,N,DE,2022-02,99.43
M,N,N,DE,2022-03,98.74
M,N,N,DE,2022-04,98.54
M,N,N,DE,2022-05,98.52
M,N,N,DE,2022-06,98.74
M,N,N,DE,2022-07,97.71
M,N,N,DE,2022-08,97.34
M,N,N,DE,2022-09,97.65
M,N,N,DE,2022-10,97.88
M,N,N,DE,2022-11,98.42
M,N,N,DE,2022-12,98.98
M,N,N,DE,2023-01,99.31
M,N,N,DE,2023-02,99.34
M,N,N,DE,2023-03,99.48
M,N,N,DE,2023-04,100.1
M,N,N,DE,2023-05,99.92
M,N,N,DE,2023-06,99.88
M,N,N,DE,2023-07,100.27
M,N,N,DE,2023-08,100.23
M,N,N,DE,2023-09,99.88
M,N,N,DE,2023-10,99.71
M,N,N,DE,2023-11,100.22
M,N,N,DE,2023-12,99.91
M,N,N,DE,2024-01,99.95
M,N,N,DE,2024-02,99.85
M,N,N,DE,2024-03,100.21
M,N,N,DE,2024-04,100.27
M,N,N,DE,2024-05,100.55
M,N,N,DE,2024-06,100.23
M,N,N,DE,2024-07,100.53
M,N,N,DE,2024-08,100.37
M,N,N,DE,2024-09,100.26
M,N,N,DE,2024-10,100.04
M,N,N,DE,2024-11,99.64
M,N,N,DE,2024-12,99.37
M,N,N,DE,2025-01,99.34
M,N,N,DE,2025-02,99.18
M,N,N,DE,2025-03,100.16
M,N,N,DE,2025-04,100.97
M,N,N,DE,2025-05,100.68
M,N,N,DE,2025-06,101.2
M,N,N,DE,2025-07,101.8
M,N,N,DE,2025-08,101.85
M,N,N,DE,2025-09,102.06
M,N,N,DE,2025-10,102.03
M,N,N,DE,2025-11,102.19
M,N,N,DE,2025-12,102.5
M,N,N,DE,2026-01,102.4
M,N,N,FR,2007-01,101.58
M,N,N,FR,2007-02,101.76
M,N,N,FR,2007-03,102.04
M,N,N,FR,2007-04,102.42
M,N,N,FR,2007-05,102.49
M,N,N,FR,2007-06,102.33
M,N,N,FR,2007-07,102.59
M,N,N,FR,2007-08,102.42
M,N,N,FR,2007-09,102.81
M,N,N,FR,2007-10,103.22
M,N,N,FR,2007-11,103.76
M,N,N,FR,2007-12,103.92
M,N,N,FR,2008-01,104.12
M,N,N,FR,2008-02,104.06
M,N,N,FR,2008-03,104.91
M,N,N,FR,2008-04,105.46
M,N,N,FR,2008-05,105.38
M,N,N,FR,2008-06,105.46
M,N,N,FR,2008-07,105.71
M,N,N,FR,2008-08,105.02
M,N,N,FR,2008-09,104.43
M,N,N,FR,2008-10,103.11
M,N,N,FR,2008-11,102.78
M,N,N,FR,2008-12,104.21
M,N,N,FR,2009-01,103.91
M,N,N,FR,2009-02,103.31
M,N,N,FR,2009-03,104.21
M,N,N,FR,2009-04,104.02
M,N,N,FR,2009-05,104.16
M,N,N,FR,2009-06,104.44
M,N,N,FR,2009-07,104.49
M,N,N,FR,2009-08,104.56
M,N,N,FR,2009-09,104.9
M,N,N,FR,2009-10,105.23
M,N,N,FR,2009-11,105.15
M,N,N,FR,2009-12,104.81
M,N,N,FR,2010-01,104.14
M,N,N,FR,2010-02,103.29
M,N,N,FR,2010-03,103.17
M,N,N,FR,2010-04,102.73
M,N,N,FR,2010-05,101.5
M,N,N,FR,2010-06,100.7
M,N,N,FR,2010-07,101.3
M,N,N,FR,2010-08,101.18
M,N,N,FR,2010-09,101.31
M,N,N,FR,2010-10,102.55
M,N,N,FR,2010-11,102.09
M,N,N,FR,2010-12,101.28
M,N,N,FR,2011-01,101.29
M,N,N,FR,2011-02,101.69
M,N,N,FR,2011-03,102.25
M,N,N,FR,2011-04,102.91
M,N,N,FR,2011-05,102.52
M,N,N,FR,2011-06,102.52
M,N,N,FR,2011-07,102.12
M,N,N,FR,2011-08,101.95
M,N,N,FR,2011-09,101.56
M,N,N,FR,2011-10,101.65
M,N,N,FR,2011-11,101.4
M,N,N,FR,2011-12,100.8
M,N,N,FR,2012-01,100.16
M,N,N,FR,2012-02,100.57
M,N,N,FR,2012-03,100.73
M,N,N,FR,2012-04,100.53
M,N,N,FR,2012-05,99.9
M,N,N,FR,2012-06,99.56
M,N,N,FR,2012-07,98.93
M,N,N,FR,2012-08,98.98
M,N,N,FR,2012-09,99.68
M,N,N,FR,2012-10,99.94
M,N,N,FR,2012-11,99.76
M,N,N,FR,2012-12,100.32
M,N,N,FR,2013-01,100.97
M,N,N,FR,2013-02,101.52
M,N,N,FR,2013-03,101.04
M,N,N,FR,2013-04,101.18
M,N,N,FR,2013-05,101.33
M,N,N,FR,2013-06,101.6
M,N,N,FR,2013-07,101.64
M,N,N,FR,2013-08,101.87
M,N,N,FR,2013-09,101.75
M,N,N,FR,2013-10,102.08
M,N,N,FR,2013-11,101.95
M,N,N,FR,2013-12,102.39
M,N,N,FR,2014-01,102.29
M,N,N,FR,2014-02,102.25
M,N,N,FR,2014-03,102.53
M,N,N,FR,2014-04,102.42
M,N,N,FR,2014-05,102.17
M,N,N,FR,2014-06,101.87
M,N,N,FR,2014-07,101.7
M,N,N,FR,2014-08,101.47
M,N,N,FR,2014-09,101.0
M,N,N,FR,2014-10,100.77
M,N,N,FR,2014-11,100.82
M,N,N,FR,2014-12,100.78
M,N,N,FR,2015-01,99.26
M,N,N,FR,2015-02,98.55
M,N,N,FR,2015-03,97.6
M,N,N,FR,2015-04,97.36
M,N,N,FR,2015-05,97.92
M,N,N,FR,2015-06,98.19
M,N,N,FR,2015-07,97.86
M,N,N,FR,2015-08,98.4
M,N,N,FR,2015-09,98.71
M,N,N,FR,2015-10,98.62
M,N,N,FR,2015-11,97.66
M,N,N,FR,2015-12,98.1
M,N,N,FR,2016-01,98.39
M,N,N,FR,2016-02,98.87
M,N,N,FR,2016-03,98.69
M,N,N,FR,2016-04,98.94
M,N,N,FR,2016-05,98.89
M,N,N,FR,2016-06,98.69
M,N,N,FR,2016-07,98.76
M,N,N,FR,2016-08,98.95
M,N,N,FR,2016-09,98.98
M,N,N,FR,2016-10,99.1
M,N,N,FR,2016-11,98.74
M,N,N,FR,2016-12,98.37
M,N,N,FR,2017-01,98.52
M,N,N,FR,2017-02,98.3
M,N,N,FR,2017-03,98.51
M,N,N,FR,2017-04,98.35
M,N,N,FR,2017-05,99.13
M,N,N,FR,2017-06,99.56
M,N,N,FR,2017-07,100.12
M,N,N,FR,2017-08,100.79
M,N,N,FR,2017-09,100.85
M,N,N,FR,2017-10,100.71
M,N,N,FR,2017-11,100.69
M,N,N,FR,2017-12,100.83
M,N,N,FR,2018-01,101.21
M,N,N,FR,2018-02,101.36
M,N,N,FR,2018-03,101.36
M,N,N,FR,2018-04,101.32
M,N,N,FR,2018-05,100.73
M,N,N,FR,2018-06,100.5
M,N,N,FR,2018-07,100.72
M,N,N,FR,2018-08,100.52
M,N,N,FR,2018-09,100.67
M,N,N,FR,2018-10,100.39
M,N,N,FR,2018-11,100.16
M,N,N,FR,2018-12,100.27
M,N,N,FR,2019-01,100.13
M,N,N,FR,2019-02,99.99
M,N,N,FR,2019-03,99.83
M,N,N,FR,2019-04,99.79
M,N,N,FR,2019-05,99.85
M,N,N,FR,2019-06,100.04
M,N,N,FR,2019-07,99.92
M,N,N,FR,2019-08,99.9
M,N,N,FR,2019-09,99.5
M,N,N,FR,2019-10,99.49
M,N,N,FR,2019-11,99.31
M,N,N,FR,2019-12,99.29
M,N,N,FR,2020-01,99.22
M,N,N,FR,2020-02,98.9
M,N,N,FR,2020-03,99.71
M,N,N,FR,2020-04,99.23
M,N,N,FR,2020-05,99.3
M,N,N,FR,2020-06,99.91
M,N,N,FR,2020-07,100.22
M,N,N,FR,2020-08,100.73
M,N,N,FR,2020-09,100.73
M,N,N,FR,2020-10,100.59
M,N,N,FR,2020-11,100.49
M,N,N,FR,2020-12,100.98
M,N,N,FR,2021-01,100.83
M,N,N,FR,2021-02,100.64
M,N,N,FR,2021-03,100.43
M,N,N,FR,2021-04,100.54
M,N,N,FR,2021-05,100.76
M,N,N,FR,2021-06,100.6
M,N,N,FR,2021-07,100.31
M,N,N,FR,2021-08,100.19
M,N,N,FR,2021-09,100.26
M,N,N,FR,2021-10,99.91
M,N,N,FR,2021-11,99.59
M,N,N,FR,2021-12,99.44
M,N,N,FR,2022-01,99.37
M,N,N,FR,2022-02,99.51
M,N,N,FR,2022-03,99.01
M,N,N,FR,2022-04,98.85
M,N,N,FR,2022-05,98.81
M,N,N,FR,2022-06,98.98
M,N,N,FR,2022-07,98.22
M,N,N,FR,2022-08,97.96
M,N,N,FR,2022-09,98.19
M,N,N,FR,2022-10,98.31
M,N,N,FR,2022-11,98.73
M,N,N,FR,2022-12,99.17
M,N,N,FR,2023-01,99.44
M,N,N,FR,2023-02,99.45
M,N,N,FR,2023-03,99.53
M,N,N,FR,2023-04,99.98
M,N,N,FR,2023-05,99.83
M,N,N,FR,2023-06,99.77
M,N,N,FR,2023-07,100.07
M,N,N,FR,2023-08,100.02
M,N,N,FR,2023-09,99.76
M,N,N,FR,2023-10,99.64
M,N,N,FR,2023-11,100.03
M,N,N,FR,2023-12,99.83
M,N,N,FR,2024-01,99.85
M,N,N,FR,2024-02,99.76
M,N,N,FR,2024-03,100.0
M,N,N,FR,2024-04,100.01
M,N,N,FR,2024-05,100.2
M,N,N,FR,2024-06,99.97
M,N,N,FR,2024-07,100.17
M,N,N,FR,2024-08,100.11
M,N,N,FR,2024-09,100.02
M,N,N,FR,2024-10,99.84
M,N,N,FR,2024-11,99.53
M,N,N,FR,2024-12,99.3
M,N,N,FR,2025-01,99.29
M,N,N,FR,2025-02,99.17
M,N,N,FR,2025-03,99.9
M,N,N,FR,2025-04,100.54
M,N,N,FR,2025-05,100.34
M,N,N,FR,2025-06,100.74
M,N,N,FR,2025-07,101.2
M,N,N,FR,2025-08,101.22
M,N,N,FR,2025-09,101.39
M,N,N,FR,2025-10,101.36
M,N,N,FR,2025-11,101.47
M,N,N,FR,2025-12,101.68
M,N,N,FR,2026-01,101.62
M,N,N,GB,2007-01,140.51
M,N,N,GB,2007-02,139.82
M,N,N,GB,2007-03,137.61
M,N,N,GB,2007-04,138.57
M,N,N,GB,2007-05,138.19
M,N,N,GB,2007-06,139.16
M,N,N,GB,2007-07,140.0
M,N,N,GB,2007-08,138.92
M,N,N,GB,2007-09,137.21
M,N,N,GB,2007-10,136.37
M,N,N,GB,2007-11,134.8
M,N,N,GB,2007-12,132.66
M,N,N,GB,2008-01,127.95
M,N,N,GB,2008-02,127.15
M,N,N,GB,2008-03,124.58
M,N,N,GB,2008-04,122.09
M,N,N,GB,2008-05,122.3
M,N,N,GB,2008-06,122.56
M,N,N,GB,2008-07,122.81
M,N,N,GB,2008-08,121.5
M,N,N,GB,2008-09,119.38
M,N,N,GB,2008-10,119.14
M,N,N,GB,2008-11,111.67
M,N,N,GB,2008-12,104.26
M,N,N,GB,2009-01,101.88
M,N,N,GB,2009-02,104.81
M,N,N,GB,2009-03,102.11
M,N,N,GB,2009-04,104.55
M,N,N,GB,2009-05,106.48
M,N,N,GB,2009-06,110.79
M,N,N,GB,2009-07,110.29
M,N,N,GB,2009-08,110.12
M,N,N,GB,2009-09,106.85
M,N,N,GB,2009-10,104.24
M,N,N,GB,2009-11,106.28
M,N,N,GB,2009-12,105.62
M,N,N,GB,2010-01,106.75
M,N,N,GB,2010-02,106.26
M,N,N,GB,2010-03,102.76
M,N,N,GB,2010-04,105.53
M,N,N,GB,2010-05,105.84
M,N,N,GB,2010-06,108.66
M,N,N,GB,2010-07,108.65
M,N,N,GB,2010-08,110.23
M,N,N,GB,2010-09,108.19
M,N,N,GB,2010-10,105.25
M,N,N,GB,2010-11,107.37
M,N,N,GB,2010-12,107.0
M,N,N,GB,2011-01,107.2
M,N,N,GB,2011-02,107.95
M,N,N,GB,2011-03,106.15
M,N,N,GB,2011-04,105.06
M,N,N,GB,2011-05,105.15
M,N,N,GB,2011-06,103.98
M,N,N,GB,2011-07,103.71
M,N,N,GB,2011-08,104.61
M,N,N,GB,2011-09,104.49
M,N,N,GB,2011-10,104.76
M,N,N,GB,2011-11,106.06
M,N,N,GB,2011-12,106.87
M,N,N,GB,2012-01,107.46
M,N,N,GB,2012-02,107.5
M,N,N,GB,2012-03,108.06
M,N,N,GB,2012-04,109.55
M,N,N,GB,2012-05,111.19
M,N,N,GB,2012-06,110.26
M,N,N,GB,2012-07,111.82
M,N,N,GB,2012-08,111.78
M,N,N,GB,2012-09,111.61
M,N,N,GB,2012-10,110.82
M,N,N,GB,2012-11,110.89
M,N,N,GB,2012-12,110.6
M,N,N,GB,2013-01,108.71
M,N,N,GB,2013-02,105.44
M,N,N,GB,2013-03,104.96
M,N,N,GB,2013-04,106.44
M,N,N,GB,2013-05,106.88
M,N,N,GB,2013-06,107.01
M,N,N,GB,2013-07,105.71
M,N,N,GB,2013-08,106.51
M,N,N,GB,2013-09,108.71
M,N,N,GB,2013-10,108.52
M,N,N,GB,2013-11,109.65
M,N,N,GB,2013-12,110.63
M,N,N,GB,2014-01,111.83
M,N,N,GB,2014-02,112.08
M,N,N,GB,2014-03,111.56
M,N,N,GB,2014-04,112.36
M,N,N,GB,2014-05,113.36
M,N,N,GB,2014-06,114.62
M,N,N,GB,2014-07,116.09
M,N,N,GB,2014-08,115.0
M,N,N,GB,2014-09,115.15
M,N,N,GB,2014-10,115.13
M,N,N,GB,2014-11,114.87
M,N,N,GB,2014-12,115.21
M,N,N,GB,2015-01,116.13
M,N,N,GB,2015-02,119.45
M,N,N,GB,2015-03,120.7
M,N,N,GB,2015-04,120.48
M,N,N,GB,2015-05,121.64
M,N,N,GB,2015-06,122.37
M,N,N,GB,2015-07,124.4
M,N,N,GB,2015-08,124.0
M,N,N,GB,2015-09,121.38
M,N,N,GB,2015-10,120.95
M,N,N,GB,2015-11,123.98
M,N,N,GB,2015-12,121.14
M,N,N,GB,2016-01,116.83
M,N,N,GB,2016-02,114.09
M,N,N,GB,2016-03,112.92
M,N,N,GB,2016-04,111.59
M,N,N,GB,2016-05,113.81
M,N,N,GB,2016-06,111.44
M,N,N,GB,2016-07,104.24
M,N,N,GB,2016-08,102.66
M,N,N,GB,2016-09,103.08
M,N,N,GB,2016-10,97.96
M,N,N,GB,2016-11,100.52
M,N,N,GB,2016-12,103.0
M,N,N,GB,2017-01,101.1
M,N,N,GB,2017-02,101.86
M,N,N,GB,2017-03,100.51
M,N,N,GB,2017-04,102.58
M,N,N,GB,2017-05,102.87
M,N,N,GB,2017-06,100.66
M,N,N,GB,2017-07,100.34
M,N,N,GB,2017-08,98.23
M,N,N,GB,2017-09,100.32
M,N,N,GB,2017-10,100.58
M,N,N,GB,2017-11,100.9
M,N,N,GB,2017-12,101.71
M,N,N,GB,2018-01,102.25
M,N,N,GB,2018-02,102.48
M,N,N,GB,2018-03,102.65
M,N,N,GB,2018-04,103.86
M,N,N,GB,2018-05,102.28
M,N,N,GB,2018-06,101.77
M,N,N,GB,2018-07,101.03
M,N,N,GB,2018-08,99.59
M,N,N,GB,2018-09,100.33
M,N,N,GB,2018-10,101.12
M,N,N,GB,2018-11,100.98
M,N,N,GB,2018-12,99.11
M,N,N,GB,2019-01,100.32
M,N,N,GB,2019-02,101.84
M,N,N,GB,2019-03,103.49
M,N,N,GB,2019-04,102.88
M,N,N,GB,2019-05,101.81
M,N,N,GB,2019-06,99.64
M,N,N,GB,2019-07,98.44
M,N,N,GB,2019-08,96.55
M,N,N,GB,2019-09,98.89
M,N,N,GB,2019-10,100.81
M,N,N,GB,2019-11,102.84
M,N,N,GB,2019-12,104.09
M,N,N,GB,2020-01,103.88
M,N,N,GB,2020-02,104.5
M,N,N,GB,2020-03,98.84
M,N,N,GB,2020-04,100.53
M,N,N,GB,2020-05,99.26
M,N,N,GB,2020-06,98.63
M,N,N,GB,2020-07,98.38
M,N,N,GB,2020-08,99.6
M,N,N,GB,2020-09,98.54
M,N,N,GB,2020-10,98.63
M,N,N,GB,2020-11,99.84
M,N,N,GB,2020-12,99.37
M,N,N,GB,2021-01,100.77
M,N,N,GB,2021-02,102.98
M,N,N,GB,2021-03,104.44
M,N,N,GB,2021-04,103.92
M,N,N,GB,2021-05,104.47
M,N,N,GB,2021-06,104.73
M,N,N,GB,2021-07,104.64
M,N,N,GB,2021-08,104.92
M,N,N,GB,2021-09,104.46
M,N,N,GB,2021-10,105.26
M,N,N,GB,2021-11,104.65
M,N,N,GB,2021-12,104.33
M,N,N,GB,2022-01,106.1
M,N,N,GB,2022-02,105.91
M,N,N,GB,2022-03,105.31
M,N,N,GB,2022-04,105.11
M,N,N,GB,2022-05,103.11
M,N,N,GB,2022-06,102.33
M,N,N,GB,2022-07,102.26
M,N,N,GB,2022-08,102.5
M,N,N,GB,2022-09,98.98
M,N,N,GB,2022-10,99.65
M,N,N,GB,2022-11,100.52
M,N,N,GB,2022-12,101.11
M,N,N,GB,2023-01,100.0
M,N,N,GB,2023-02,99.61
M,N,N,GB,2023-03,100.18
M,N,N,GB,2023-04,101.03
M,N,N,GB,2023-05,102.09
M,N,N,GB,2023-06,103.56
M,N,N,GB,2023-07,104.06
M,N,N,GB,2023-08,103.93
M,N,N,GB,2023-09,103.14
M,N,N,GB,2023-10,102.15
M,N,N,GB,2023-11,102.43
M,N,N,GB,2023-12,103.24
M,N,N,GB,2024-01,103.74
M,N,N,GB,2024-02,104.11
M,N,N,GB,2024-03,104.37
M,N,N,GB,2024-04,104.18
M,N,N,GB,2024-05,104.56
M,N,N,GB,2024-06,105.5
M,N,N,GB,2024-07,106.24
M,N,N,GB,2024-08,105.14
M,N,N,GB,2024-09,106.56
M,N,N,GB,2024-10,106.98
M,N,N,GB,2024-11,106.63
M,N,N,GB,2024-12,107.05
M,N,N,GB,2025-01,105.55
M,N,N,GB,2025-02,106.49
M,N,N,GB,2025-03,106.76
M,N,N,GB,2025-04,105.51
M,N,N,GB,2025-05,106.63
M,N,N,GB,2025-06,106.43
M,N,N,GB,2025-07,105.13
M,N,N,GB,2025-08,105.09
M,N,N,GB,2025-09,104.85
M,N,N,GB,2025-10,104.46
M,N,N,GB,2025-11,103.51
M,N,N,GB,2025-12,104.52
M,N,N,GB,2026-01,105.24
