country,year,value,indicator
AUS,2007,1.5,GGXCNL_NGDP
AUS,2008,-1.1,GGXCNL_NGDP
AUS,2009,-4.6,GGXCNL_NGDP
AUS,2010,-5.1,GGXCNL_NGDP
AUS,2011,-4.5,GGXCNL_NGDP
AUS,2012,-3.5,GGXCNL_NGDP
AUS,2013,-2.8,GGXCNL_NGDP
AUS,2014,-2.9,GGXCNL_NGDP
AUS,2015,-2.8,GGXCNL_NGDP
AUS,2016,-2.4,GGXCNL_NGDP
AUS,2017,-1.7,GGXCNL_NGDP
AUS,2018,-1.3,GGXCNL_NGDP
AUS,2019,-4.4,GGXCNL_NGDP
AUS,2020,-8.7,GGXCNL_NGDP
AUS,2021,-6.4,GGXCNL_NGDP
AUS,2022,-2.2,GGXCNL_NGDP
AUS,2023,-1.3,GGXCNL_NGDP
AUS,2024,-2.2,GGXCNL_NGDP
AUS,2025,-2.7,GGXCNL_NGDP
AUS,2026,-2.3,GGXCNL_NGDP
AUS,2027,-1.9,GGXCNL_NGDP
AUS,2028,-1.8,GGXCNL_NGDP
AUS,2029,-1.6,GGXCNL_NGDP
AUS,2030,-1.6,GGXCNL_NGDP
BRA,2007,-2.7,GGXCNL_NGDP
BRA,2008,-2.4,GGXCNL_NGDP
BRA,2009,-4.2,GGXCNL_NGDP
BRA,2010,-3.6,GGXCNL_NGDP
BRA,2011,-2.7,GGXCNL_NGDP
BRA,2012,-2.4,GGXCNL_NGDP
BRA,2013,-3.4,GGXCNL_NGDP
BRA,2014,-6.3,GGXCNL_NGDP
BRA,2015,-9.3,GGXCNL_NGDP
BRA,2016,-8.0,GGXCNL_NGDP
BRA,2017,-8.0,GGXCNL_NGDP
BRA,2018,-7.0,GGXCNL_NGDP
BRA,2019,-4.9,GGXCNL_NGDP
BRA,2020,-11.6,GGXCNL_NGDP
BRA,2021,-2.6,GGXCNL_NGDP
BRA,2022,-4.0,GGXCNL_NGDP
BRA,2023,-7.7,GGXCNL_NGDP
BRA,2024,-6.2,GGXCNL_NGDP
BRA,2025,-8.4,GGXCNL_NGDP
BRA,2026,-7.5,GGXCNL_NGDP
BRA,2027,-6.0,GGXCNL_NGDP
BRA,2028,-5.1,GGXCNL_NGDP
BRA,2029,-4.8,GGXCNL_NGDP
BRA,2030,-4.6,GGXCNL_NGDP
CAN,2007,1.8,GGXCNL_NGDP
CAN,2008,0.2,GGXCNL_NGDP
CAN,2009,-3.9,GGXCNL_NGDP
CAN,2010,-4.7,GGXCNL_NGDP
CAN,2011,-3.3,GGXCNL_NGDP
CAN,2012,-2.5,GGXCNL_NGDP
CAN,2013,-1.5,GGXCNL_NGDP
CAN,2014,0.2,GGXCNL_NGDP
CAN,2015,-0.1,GGXCNL_NGDP
CAN,2016,-0.5,GGXCNL_NGDP
CAN,2017,-0.1,GGXCNL_NGDP
CAN,2018,0.4,GGXCNL_NGDP
CAN,2019,0.0,GGXCNL_NGDP
CAN,2020,-10.9,GGXCNL_NGDP
CAN,2021,-3.1,GGXCNL_NGDP
CAN,2022,0.6,GGXCNL_NGDP
CAN,2023,0.1,GGXCNL_NGDP
CAN,2024,-2.0,GGXCNL_NGDP
CAN,2025,-2.2,GGXCNL_NGDP
CAN,2026,-2.4,GGXCNL_NGDP
CAN,2027,-2.1,GGXCNL_NGDP
CAN,2028,-2.0,GGXCNL_NGDP
CAN,2029,-1.7,GGXCNL_NGDP
CAN,2030,-1.5,GGXCNL_NGDP
CHN,2007,0.1,GGXCNL_NGDP
CHN,2008,0.0,GGXCNL_NGDP
CHN,2009,-1.7,GGXCNL_NGDP
CHN,2010,-0.4,GGXCNL_NGDP
CHN,2011,-0.1,GGXCNL_NGDP
CHN,2012,-0.3,GGXCNL_NGDP
CHN,2013,-0.8,GGXCNL_NGDP
CHN,2014,-0.7,GGXCNL_NGDP
CHN,2015,-2.5,GGXCNL_NGDP
CHN,2016,-3.3,GGXCNL_NGDP
CHN,2017,-3.3,GGXCNL_NGDP
CHN,2018,-4.2,GGXCNL_NGDP
CHN,2019,-6.0,GGXCNL_NGDP
CHN,2020,-9.6,GGXCNL_NGDP
CHN,2021,-5.9,GGXCNL_NGDP
CHN,2022,-7.3,GGXCNL_NGDP
CHN,2023,-6.7,GGXCNL_NGDP
CHN,2024,-7.3,GGXCNL_NGDP
CHN,2025,-8.6,GGXCNL_NGDP
CHN,2026,-8.5,GGXCNL_NGDP
CHN,2027,-8.4,GGXCNL_NGDP
CHN,2028,-8.2,GGXCNL_NGDP
CHN,2029,-8.0,GGXCNL_NGDP
CHN,2030,-8.0,GGXCNL_NGDP
DEU,2007,0.2,GGXCNL_NGDP
DEU,2008,-0.3,GGXCNL_NGDP
DEU,2009,-3.2,GGXCNL_NGDP
DEU,2010,-4.4,GGXCNL_NGDP
DEU,2011,-0.8,GGXCNL_NGDP
DEU,2012,-0.1,GGXCNL_NGDP
DEU,2013,0.1,GGXCNL_NGDP
DEU,2014,0.7,GGXCNL_NGDP
DEU,2015,0.9,GGXCNL_NGDP
DEU,2016,1.1,GGXCNL_NGDP
DEU,2017,1.3,GGXCNL_NGDP
DEU,2018,1.9,GGXCNL_NGDP
DEU,2019,1.3,GGXCNL_NGDP
DEU,2020,-4.4,GGXCNL_NGDP
DEU,2021,-3.2,GGXCNL_NGDP
DEU,2022,-1.9,GGXCNL_NGDP
DEU,2023,-2.5,GGXCNL_NGDP
DEU,2024,-2.7,GGXCNL_NGDP
DEU,2025,-2.5,GGXCNL_NGDP
DEU,2026,-3.4,GGXCNL_NGDP
DEU,2027,-4.0,GGXCNL_NGDP
DEU,2028,-4.0,GGXCNL_NGDP
DEU,2029,-4.0,GGXCNL_NGDP
DEU,2030,-4.0,GGXCNL_NGDP
FRA,2007,-3.0,GGXCNL_NGDP
FRA,2008,-3.5,GGXCNL_NGDP
FRA,2009,-7.4,GGXCNL_NGDP
FRA,2010,-7.2,GGXCNL_NGDP
FRA,2011,-5.3,GGXCNL_NGDP
FRA,2012,-5.2,GGXCNL_NGDP
FRA,2013,-4.9,GGXCNL_NGDP
FRA,2014,-4.6,GGXCNL_NGDP
FRA,2015,-3.9,GGXCNL_NGDP
FRA,2016,-3.8,GGXCNL_NGDP
FRA,2017,-3.4,GGXCNL_NGDP
FRA,2018,-2.3,GGXCNL_NGDP
FRA,2019,-2.4,GGXCNL_NGDP
FRA,2020,-8.9,GGXCNL_NGDP
FRA,2021,-6.6,GGXCNL_NGDP
FRA,2022,-4.7,GGXCNL_NGDP
FRA,2023,-5.4,GGXCNL_NGDP
FRA,2024,-5.8,GGXCNL_NGDP
FRA,2025,-5.4,GGXCNL_NGDP
FRA,2026,-5.8,GGXCNL_NGDP
FRA,2027,-6.2,GGXCNL_NGDP
FRA,2028,-6.2,GGXCNL_NGDP
FRA,2029,-6.3,GGXCNL_NGDP
FRA,2030,-6.3,GGXCNL_NGDP
GBR,2007,-2.7,GGXCNL_NGDP
GBR,2008,-5.1,GGXCNL_NGDP
GBR,2009,-10.1,GGXCNL_NGDP
GBR,2010,-9.2,GGXCNL_NGDP
GBR,2011,-7.4,GGXCNL_NGDP
GBR,2012,-7.4,GGXCNL_NGDP
GBR,2013,-5.3,GGXCNL_NGDP
GBR,2014,-5.5,GGXCNL_NGDP
GBR,2015,-4.6,GGXCNL_NGDP
GBR,2016,-3.3,GGXCNL_NGDP
GBR,2017,-2.5,GGXCNL_NGDP
GBR,2018,-2.3,GGXCNL_NGDP
GBR,2019,-2.5,GGXCNL_NGDP
GBR,2020,-13.2,GGXCNL_NGDP
GBR,2021,-7.7,GGXCNL_NGDP
GBR,2022,-4.6,GGXCNL_NGDP
GBR,2023,-6.1,GGXCNL_NGDP
GBR,2024,-5.7,GGXCNL_NGDP
GBR,2025,-4.3,GGXCNL_NGDP
GBR,2026,-3.6,GGXCNL_NGDP
GBR,2027,-3.0,GGXCNL_NGDP
GBR,2028,-2.7,GGXCNL_NGDP
GBR,2029,-2.5,GGXCNL_NGDP
GBR,2030,-2.2,GGXCNL_NGDP
IDN,2007,-1.0,GGXCNL_NGDP
IDN,2008,0.1,GGXCNL_NGDP
IDN,2009,-1.6,GGXCNL_NGDP
IDN,2010,-1.2,GGXCNL_NGDP
IDN,2011,-0.7,GGXCNL_NGDP
IDN,2012,-1.6,GGXCNL_NGDP
IDN,2013,-2.0,GGXCNL_NGDP
IDN,2014,-1.8,GGXCNL_NGDP
IDN,2015,-2.7,GGXCNL_NGDP
IDN,2016,-2.6,GGXCNL_NGDP
IDN,2017,-2.3,GGXCNL_NGDP
IDN,2018,-1.7,GGXCNL_NGDP
IDN,2019,-2.1,GGXCNL_NGDP
IDN,2020,-6.1,GGXCNL_NGDP
IDN,2021,-4.4,GGXCNL_NGDP
IDN,2022,-2.3,GGXCNL_NGDP
IDN,2023,-1.6,GGXCNL_NGDP
IDN,2024,-2.3,GGXCNL_NGDP
IDN,2025,-2.8,GGXCNL_NGDP
IDN,2026,-2.7,GGXCNL_NGDP
IDN,2027,-2.7,GGXCNL_NGDP
IDN,2028,-2.7,GGXCNL_NGDP
IDN,2029,-2.7,GGXCNL_NGDP
IDN,2030,-2.7,GGXCNL_NGDP
IND,2007,-4.6,GGXCNL_NGDP
IND,2008,-9.2,GGXCNL_NGDP
IND,2009,-9.7,GGXCNL_NGDP
IND,2010,-8.8,GGXCNL_NGDP
IND,2011,-8.3,GGXCNL_NGDP
IND,2012,-7.5,GGXCNL_NGDP
IND,2013,-7.0,GGXCNL_NGDP
IND,2014,-7.1,GGXCNL_NGDP
IND,2015,-7.2,GGXCNL_NGDP
IND,2016,-7.1,GGXCNL_NGDP
IND,2017,-6.2,GGXCNL_NGDP
IND,2018,-6.3,GGXCNL_NGDP
IND,2019,-7.7,GGXCNL_NGDP
IND,2020,-12.9,GGXCNL_NGDP
IND,2021,-9.4,GGXCNL_NGDP
IND,2022,-9.0,GGXCNL_NGDP
IND,2023,-7.4,GGXCNL_NGDP
IND,2024,-7.9,GGXCNL_NGDP
IND,2025,-7.1,GGXCNL_NGDP
IND,2026,-7.2,GGXCNL_NGDP
IND,2027,-7.1,GGXCNL_NGDP
IND,2028,-6.9,GGXCNL_NGDP
IND,2029,-6.8,GGXCNL_NGDP
IND,2030,-6.6,GGXCNL_NGDP
ITA,2007,-1.3,GGXCNL_NGDP
ITA,2008,-2.6,GGXCNL_NGDP
ITA,2009,-5.1,GGXCNL_NGDP
ITA,2010,-4.2,GGXCNL_NGDP
ITA,2011,-3.5,GGXCNL_NGDP
ITA,2012,-3.0,GGXCNL_NGDP
ITA,2013,-2.9,GGXCNL_NGDP
ITA,2014,-2.8,GGXCNL_NGDP
ITA,2015,-2.5,GGXCNL_NGDP
ITA,2016,-2.4,GGXCNL_NGDP
ITA,2017,-2.5,GGXCNL_NGDP
ITA,2018,-2.2,GGXCNL_NGDP
ITA,2019,-1.5,GGXCNL_NGDP
ITA,2020,-9.4,GGXCNL_NGDP
ITA,2021,-8.9,GGXCNL_NGDP
ITA,2022,-8.1,GGXCNL_NGDP
ITA,2023,-7.2,GGXCNL_NGDP
ITA,2024,-3.4,GGXCNL_NGDP
ITA,2025,-3.3,GGXCNL_NGDP
ITA,2026,-2.8,GGXCNL_NGDP
ITA,2027,-2.7,GGXCNL_NGDP
ITA,2028,-2.3,GGXCNL_NGDP
ITA,2029,-2.4,GGXCNL_NGDP
ITA,2030,-2.5,GGXCNL_NGDP
JPN,2007,-2.9,GGXCNL_NGDP
JPN,2008,-4.1,GGXCNL_NGDP
JPN,2009,-9.7,GGXCNL_NGDP
JPN,2010,-9.1,GGXCNL_NGDP
JPN,2011,-9.0,GGXCNL_NGDP
JPN,2012,-8.2,GGXCNL_NGDP
JPN,2013,-7.6,GGXCNL_NGDP
JPN,2014,-5.6,GGXCNL_NGDP
JPN,2015,-3.7,GGXCNL_NGDP
JPN,2016,-3.6,GGXCNL_NGDP
JPN,2017,-3.1,GGXCNL_NGDP
JPN,2018,-2.5,GGXCNL_NGDP
JPN,2019,-3.0,GGXCNL_NGDP
JPN,2020,-9.1,GGXCNL_NGDP
JPN,2021,-6.1,GGXCNL_NGDP
JPN,2022,-4.2,GGXCNL_NGDP
JPN,2023,-2.3,GGXCNL_NGDP
JPN,2024,-1.5,GGXCNL_NGDP
JPN,2025,-1.3,GGXCNL_NGDP
JPN,2026,-2.0,GGXCNL_NGDP
JPN,2027,-2.5,GGXCNL_NGDP
JPN,2028,-3.1,GGXCNL_NGDP
JPN,2029,-3.7,GGXCNL_NGDP
JPN,2030,-4.4,GGXCNL_NGDP
KOR,2007,2.5,GGXCNL_NGDP
KOR,2008,1.6,GGXCNL_NGDP
KOR,2009,0.2,GGXCNL_NGDP
KOR,2010,1.6,GGXCNL_NGDP
KOR,2011,1.7,GGXCNL_NGDP
KOR,2012,1.6,GGXCNL_NGDP
KOR,2013,0.8,GGXCNL_NGDP
KOR,2014,0.6,GGXCNL_NGDP
KOR,2015,0.5,GGXCNL_NGDP
KOR,2016,1.6,GGXCNL_NGDP
KOR,2017,2.1,GGXCNL_NGDP
KOR,2018,2.4,GGXCNL_NGDP
KOR,2019,0.4,GGXCNL_NGDP
KOR,2020,-2.1,GGXCNL_NGDP
KOR,2021,0.0,GGXCNL_NGDP
KOR,2022,-1.5,GGXCNL_NGDP
KOR,2023,-0.7,GGXCNL_NGDP
KOR,2024,-0.8,GGXCNL_NGDP
KOR,2025,-1.5,GGXCNL_NGDP
KOR,2026,-1.4,GGXCNL_NGDP
KOR,2027,-1.4,GGXCNL_NGDP
KOR,2028,-1.4,GGXCNL_NGDP
KOR,2029,-1.2,GGXCNL_NGDP
KOR,2030,-1.0,GGXCNL_NGDP
MEX,2007,-1.5,GGXCNL_NGDP
MEX,2008,-0.7,GGXCNL_NGDP
MEX,2009,-3.9,GGXCNL_NGDP
MEX,2010,-3.8,GGXCNL_NGDP
MEX,2011,-3.2,GGXCNL_NGDP
MEX,2012,-3.6,GGXCNL_NGDP
MEX,2013,-3.6,GGXCNL_NGDP
MEX,2014,-4.4,GGXCNL_NGDP
MEX,2015,-3.9,GGXCNL_NGDP
MEX,2016,-2.7,GGXCNL_NGDP
MEX,2017,-1.0,GGXCNL_NGDP
MEX,2018,-2.1,GGXCNL_NGDP
MEX,2019,-2.3,GGXCNL_NGDP
MEX,2020,-4.3,GGXCNL_NGDP
MEX,2021,-3.7,GGXCNL_NGDP
MEX,2022,-4.3,GGXCNL_NGDP
MEX,2023,-4.3,GGXCNL_NGDP
MEX,2024,-5.7,GGXCNL_NGDP
MEX,2025,-4.3,GGXCNL_NGDP
MEX,2026,-4.1,GGXCNL_NGDP
MEX,2027,-3.5,GGXCNL_NGDP
MEX,2028,-3.0,GGXCNL_NGDP
MEX,2029,-3.0,GGXCNL_NGDP
MEX,2030,-3.0,GGXCNL_NGDP
TUR,2007,-1.4,GGXCNL_NGDP
TUR,2008,-2.1,GGXCNL_NGDP
TUR,2009,-5.1,GGXCNL_NGDP
TUR,2010,-3.0,GGXCNL_NGDP
TUR,2011,-0.4,GGXCNL_NGDP
TUR,2012,-1.8,GGXCNL_NGDP
TUR,2013,-1.2,GGXCNL_NGDP
TUR,2014,-1.0,GGXCNL_NGDP
TUR,2015,-0.5,GGXCNL_NGDP
TUR,2016,-1.7,GGXCNL_NGDP
TUR,2017,-1.9,GGXCNL_NGDP
TUR,2018,-3.1,GGXCNL_NGDP
TUR,2019,-4.7,GGXCNL_NGDP
TUR,2020,-4.6,GGXCNL_NGDP
TUR,2021,-3.0,GGXCNL_NGDP
TUR,2022,-1.1,GGXCNL_NGDP
TUR,2023,-5.2,GGXCNL_NGDP
TUR,2024,-4.6,GGXCNL_NGDP
TUR,2025,-3.7,GGXCNL_NGDP
TUR,2026,-3.8,GGXCNL_NGDP
TUR,2027,-4.0,GGXCNL_NGDP
TUR,2028,-3.8,GGXCNL_NGDP
TUR,2029,-3.6,GGXCNL_NGDP
TUR,2030,-3.4,GGXCNL_NGDP
USA,2007,-2.9,GGXCNL_NGDP
USA,2008,-6.6,GGXCNL_NGDP
USA,2009,-13.2,GGXCNL_NGDP
USA,2010,-11.0,GGXCNL_NGDP
USA,2011,-9.7,GGXCNL_NGDP
USA,2012,-8.1,GGXCNL_NGDP
USA,2013,-4.6,GGXCNL_NGDP
USA,2014,-4.0,GGXCNL_NGDP
USA,2015,-3.5,GGXCNL_NGDP
USA,2016,-4.4,GGXCNL_NGDP
USA,2017,-4.8,GGXCNL_NGDP
USA,2018,-5.3,GGXCNL_NGDP
USA,2019,-5.8,GGXCNL_NGDP
USA,2020,-14.1,GGXCNL_NGDP
USA,2021,-11.4,GGXCNL_NGDP
USA,2022,-3.7,GGXCNL_NGDP
USA,2023,-7.8,GGXCNL_NGDP
USA,2024,-8.0,GGXCNL_NGDP
USA,2025,-7.4,GGXCNL_NGDP
USA,2026,-7.9,GGXCNL_NGDP
USA,2027,-8.0,GGXCNL_NGDP
USA,2028,-8.1,GGXCNL_NGDP
USA,2029,-7.7,GGXCNL_NGDP
USA,2030,-7.6,GGXCNL_NGDP
