STRUCTURE,STRUCTURE_ID,ACTION,FREQ,REF_AREA,SECTOR,COUNTERPART_SECTOR,TRANSACTION,INSTR_ASSET,ACTIVITY,EXPENDITURE,UNIT_MEASURE,PRICE_BASE,TRANSFORMATION,TABLE_IDENTIFIER,TIME_PERIOD,OBS_VALUE
DATAFLOW,OECD.SDD.NAD:DSD_NAMAIN10@DF_TABLE1_EXPENDITURE_GROWTH(2.0),I,A,KOR,S1,S1,B1GQ,_Z,_Z,_Z,PC,L,G1,T0102,2016,3.171527
DATAFLOW,OECD.SDD.NAD:DSD_NAMAIN10@DF_TABLE1_EXPENDITURE_GROWTH(2.0),I,A,DEU,S1,S1,B1GQ,_Z,_Z,_Z,PC,L,G1,T0102,2015,1.663006
DATAFLOW,OECD.SDD.NAD:DSD_NAMAIN10@DF_TABLE1_EXPENDITURE_GROWTH(2.0),I,A,JPN,S1,S1,B1GQ,_Z,_Z,_Z,PC,L,G1,T0102,2014,0.296206
DATAFLOW,OECD.SDD.NAD:DSD_NAMAIN10@DF_TABLE1_EXPENDITURE_GROWTH(2.0),I,A,CHN,S1,S1,B1GQ,_Z,_Z,_Z,PC,L,G1,T0102,2018,6.749771
DATAFLOW,OECD.SDD.NAD:DSD_NAMAIN10@DF_TABLE1_EXPENDITURE_GROWTH(2.0),I,A,FRA,S1,S1,B1GQ,_Z,_Z,_Z,PC,L,G1,T0102,2015,1.066755
DATAFLOW,OECD.SDD.NAD:DSD_NAMAIN10@DF_TABLE1_EXPENDITURE_GROWTH(2.0),I,A,CHN,S1,S1,B1GQ,_Z,_Z,_Z,PC,L,G1,T0102,2016,6.848768
DATAFLOW,OECD.SDD.NAD:DSD_NAMAIN10@DF_TABLE1_EXPENDITURE_GROWTH(2.0),I,A,AUS,S1,S1,B1GQ,_Z,_Z,_Z,PC,L,G1,T0102,2015,2.755641
DATAFLOW,OECD.SDD.NAD:DSD_NAMAIN10@DF_TABLE1_EXPENDITURE_GROWTH(2.0),I,A,AUS,S1,S1,B1GQ,_Z,_Z,_Z,PC,L,G1,T0102,2014,2.164348
DATAFLOW,OECD.SDD.NAD:DSD_NAMAIN10@DF_TABLE1_EXPENDITURE_GROWTH(2.0),I,A,AUS,S1,S1,B1GQ,_Z,_Z,_Z,PC,L,G1,T0102,2013,2.60119
DATAFLOW,OECD.SDD.NAD:DSD_NAMAIN10@DF_TABLE1_EXPENDITURE_GROWTH(2.0),I,A,AUS,S1,S1,B1GQ,_Z,_Z,_Z,PC,L,G1,T0102,2012,2.654453
DATAFLOW,OECD.SDD.NAD:DSD_NAMAIN10@DF_TABLE1_EXPENDITURE_GROWTH(2.0),I,A,AUS,S1,S1,B1GQ,_Z,_Z,_Z,PC,L,G1,T0102,2011,3.952471
DATAFLOW,OECD.SDD.NAD:DSD_NAMAIN10@DF_TABLE1_EXPENDITURE_GROWTH(2.0),I,A,AUS,S1,S1,B1GQ,_Z,_Z,_Z,PC,L,G1,T0102,2010,2.394735
DATAFLOW,OECD.SDD.NAD:DSD_NAMAIN10@DF_TABLE1_EXPENDITURE_GROWTH(2.0),I,A,FRA,S1,S1,B1GQ,_Z,_Z,_Z,PC,L,G1,T0102,2007,2.530482
DATAFLOW,OECD.SDD.NAD:DSD_NAMAIN10@DF_TABLE1_EXPENDITURE_GROWTH(2.0),I,A,AUS,S1,S1,B1GQ,_Z,_Z,_Z,PC,L,G1,T0102,2019,-0.133532
DATAFLOW,OECD.SDD.NAD:DSD_NAMAIN10@DF_TABLE1_EXPENDITURE_GROWTH(2.0),I,A,AUS,S1,S1,B1GQ,_Z,_Z,_Z,PC,L,G1,T0102,2018,2.194017
DATAFLOW,OECD.SDD.NAD:DSD_NAMAIN10@DF_TABLE1_EXPENDITURE_GROWTH(2.0),I,A,AUS,S1,S1,B1GQ,_Z,_Z,_Z,PC,L,G1,T0102,2017,2.87417
DATAFLOW,OECD.SDD.NAD:DSD_NAMAIN10@DF_TABLE1_EXPENDITURE_GROWTH(2.0),I,A,CAN,S1,S1,B1GQ,_Z,_Z,_Z,PC,L,G1,T0102,2015,0.649971
DATAFLOW,OECD.SDD.NAD:DSD_NAMAIN10@DF_TABLE1_EXPENDITURE_GROWTH(2.0),I,A,CAN,S1,S1,B1GQ,_Z,_Z,_Z,PC,L,G1,T0102,2014,2.873467
DATAFLOW,OECD.SDD.NAD:DSD_NAMAIN10@DF_TABLE1_EXPENDITURE_GROWTH(2.0),I,A,CAN,S1,S1,B1GQ,_Z,_Z,_Z,PC,L,G1,T0102,2013,2.325814
DATAFLOW,OECD.SDD.NAD:DSD_NAMAIN10@DF_TABLE1_EXPENDITURE_GROWTH(2.0),I,A,CAN,S1,S1,B1GQ,_Z,_Z,_Z,PC,L,G1,T0102,2012,1.755661
DATAFLOW,OECD.SDD.NAD:DSD_NAMAIN10@DF_TABLE1_EXPENDITURE_GROWTH(2.0),I,A,CAN,S1,S1,B1GQ,_Z,_Z,_Z,PC,L,G1,T0102,2011,3.137194
DATAFLOW,OECD.SDD.NAD:DSD_NAMAIN10@DF_TABLE1_EXPENDITURE_GROWTH(2.0),I,A,CAN,S1,S1,B1GQ,_Z,_Z,_Z,PC,L,G1,T0102,2010,3.090806
DATAFLOW,OECD.SDD.NAD:DSD_NAMAIN10@DF_TABLE1_EXPENDITURE_GROWTH(2.0),I,A,CAN,S1,S1,B1GQ,_Z,_Z,_Z,PC,L,G1,T0102,2009,-2.915086
DATAFLOW,OECD.SDD.NAD:DSD_NAMAIN10@DF_TABLE1_EXPENDITURE_GROWTH(2.0),I,A,CAN,S1,S1,B1GQ,_Z,_Z,_Z,PC,L,G1,T0102,2008,0.995406
DATAFLOW,OECD.SDD.NAD:DSD_NAMAIN10@DF_TABLE1_EXPENDITURE_GROWTH(2.0),I,A,CAN,S1,S1,B1GQ,_Z,_Z,_Z,PC,L,G1,T0102,2007,2.049905
DATAFLOW,OECD.SDD.NAD:DSD_NAMAIN10@DF_TABLE1_EXPENDITURE_GROWTH(2.0),I,A,CAN,S1,S1,B1GQ,_Z,_Z,_Z,PC,L,G1,T0102,2024,2.046266
DATAFLOW,OECD.SDD.NAD:DSD_NAMAIN10@DF_TABLE1_EXPENDITURE_GROWTH(2.0),I,A,CAN,S1,S1,B1GQ,_Z,_Z,_Z,PC,L,G1,T0102,2023,1.953085
DATAFLOW,OECD.SDD.NAD:DSD_NAMAIN10@DF_TABLE1_EXPENDITURE_GROWTH(2.0),I,A,CAN,S1,S1,B1GQ,_Z,_Z,_Z,PC,L,G1,T0102,2022,4.69542
DATAFLOW,OECD.SDD.NAD:DSD_NAMAIN10@DF_TABLE1_EXPENDITURE_GROWTH(2.0),I,A,CAN,S1,S1,B1GQ,_Z,_Z,_Z,PC,L,G1,T0102,2021,5.950528
DATAFLOW,OECD.SDD.NAD:DSD_NAMAIN10@DF_TABLE1_EXPENDITURE_GROWTH(2.0),I,A,CAN,S1,S1,B1GQ,_Z,_Z,_Z,PC,L,G1,T0102,2020,-5.038233
DATAFLOW,OECD.SDD.NAD:DSD_NAMAIN10@DF_TABLE1_EXPENDITURE_GROWTH(2.0),I,A,CAN,S1,S1,B1GQ,_Z,_Z,_Z,PC,L,G1,T0102,2019,1.908432
DATAFLOW,OECD.SDD.NAD:DSD_NAMAIN10@DF_TABLE1_EXPENDITURE_GROWTH(2.0),I,A,JPN,S1,S1,B1GQ,_Z,_Z,_Z,PC,L,G1,T0102,2013,2.0051
DATAFLOW,OECD.SDD.NAD:DSD_NAMAIN10@DF_TABLE1_EXPENDITURE_GROWTH(2.0),I,A,JPN,S1,S1,B1GQ,_Z,_Z,_Z,PC,L,G1,T0102,2016,0.753827
DATAFLOW,OECD.SDD.NAD:DSD_NAMAIN10@DF_TABLE1_EXPENDITURE_GROWTH(2.0),I,A,JPN,S1,S1,B1GQ,_Z,_Z,_Z,PC,L,G1,T0102,2009,-5.693236
DATAFLOW,OECD.SDD.NAD:DSD_NAMAIN10@DF_TABLE1_EXPENDITURE_GROWTH(2.0),I,A,JPN,S1,S1,B1GQ,_Z,_Z,_Z,PC,L,G1,T0102,2008,-1.224289
DATAFLOW,OECD.SDD.NAD:DSD_NAMAIN10@DF_TABLE1_EXPENDITURE_GROWTH(2.0),I,A,FRA,S1,S1,B1GQ,_Z,_Z,_Z,PC,L,G1,T0102,2021,6.882338
DATAFLOW,OECD.SDD.NAD:DSD_NAMAIN10@DF_TABLE1_EXPENDITURE_GROWTH(2.0),I,A,FRA,S1,S1,B1GQ,_Z,_Z,_Z,PC,L,G1,T0102,2020,-7.440646
DATAFLOW,OECD.SDD.NAD:DSD_NAMAIN10@DF_TABLE1_EXPENDITURE_GROWTH(2.0),I,A,FRA,S1,S1,B1GQ,_Z,_Z,_Z,PC,L,G1,T0102,2019,2.027446
DATAFLOW,OECD.SDD.NAD:DSD_NAMAIN10@DF_TABLE1_EXPENDITURE_GROWTH(2.0),I,A,FRA,S1,S1,B1GQ,_Z,_Z,_Z,PC,L,G1,T0102,2018,1.645909
DATAFLOW,OECD.SDD.NAD:DSD_NAMAIN10@DF_TABLE1_EXPENDITURE_GROWTH(2.0),I,A,FRA,S1,S1,B1GQ,_Z,_Z,_Z,PC,L,G1,T0102,2017,2.083615
DATAFLOW,OECD.SDD.NAD:DSD_NAMAIN10@DF_TABLE1_EXPENDITURE_GROWTH(2.0),I,A,DEU,S1,S1,B1GQ,_Z,_Z,_Z,PC,L,G1,T0102,2014,2.180186
DATAFLOW,OECD.SDD.NAD:DSD_NAMAIN10@DF_TABLE1_EXPENDITURE_GROWTH(2.0),I,A,DEU,S1,S1,B1GQ,_Z,_Z,_Z,PC,L,G1,T0102,2013,0.396996
DATAFLOW,OECD.SDD.NAD:DSD_NAMAIN10@DF_TABLE1_EXPENDITURE_GROWTH(2.0),I,A,DEU,S1,S1,B1GQ,_Z,_Z,_Z,PC,L,G1,T0102,2012,0.463512
DATAFLOW,OECD.SDD.NAD:DSD_NAMAIN10@DF_TABLE1_EXPENDITURE_GROWTH(2.0),I,A,DEU,S1,S1,B1GQ,_Z,_Z,_Z,PC,L,G1,T0102,2011,3.757969
DATAFLOW,OECD.SDD.NAD:DSD_NAMAIN10@DF_TABLE1_EXPENDITURE_GROWTH(2.0),I,A,DEU,S1,S1,B1GQ,_Z,_Z,_Z,PC,L,G1,T0102,2010,4.134638
DATAFLOW,OECD.SDD.NAD:DSD_NAMAIN10@DF_TABLE1_EXPENDITURE_GROWTH(2.0),I,A,DEU,S1,S1,B1GQ,_Z,_Z,_Z,PC,L,G1,T0102,2009,-5.544555
DATAFLOW,OECD.SDD.NAD:DSD_NAMAIN10@DF_TABLE1_EXPENDITURE_GROWTH(2.0),I,A,DEU,S1,S1,B1GQ,_Z,_Z,_Z,PC,L,G1,T0102,2008,0.887902
DATAFLOW,OECD.SDD.NAD:DSD_NAMAIN10@DF_TABLE1_EXPENDITURE_GROWTH(2.0),I,A,DEU,S1,S1,B1GQ,_Z,_Z,_Z,PC,L,G1,T0102,2007,2.889117
DATAFLOW,OECD.SDD.NAD:DSD_NAMAIN10@DF_TABLE1_EXPENDITURE_GROWTH(2.0),I,A,DEU,S1,S1,B1GQ,_Z,_Z,_Z,PC,L,G1,T0102,2021,3.91
DATAFLOW,OECD.SDD.NAD:DSD_NAMAIN10@DF_TABLE1_EXPENDITURE_GROWTH(2.0),I,A,DEU,S1,S1,B1GQ,_Z,_Z,_Z,PC,L,G1,T0102,2020,-4.131914
DATAFLOW,OECD.SDD.NAD:DSD_NAMAIN10@DF_TABLE1_EXPENDITURE_GROWTH(2.0),I,A,DEU,S1,S1,B1GQ,_Z,_Z,_Z,PC,L,G1,T0102,2019,0.977735
DATAFLOW,OECD.SDD.NAD:DSD_NAMAIN10@DF_TABLE1_EXPENDITURE_GROWTH(2.0),I,A,DEU,S1,S1,B1GQ,_Z,_Z,_Z,PC,L,G1,T0102,2018,1.135696
DATAFLOW,OECD.SDD.NAD:DSD_NAMAIN10@DF_TABLE1_EXPENDITURE_GROWTH(2.0),I,A,DEU,S1,S1,B1GQ,_Z,_Z,_Z,PC,L,G1,T0102,2017,2.797907
DATAFLOW,OECD.SDD.NAD:DSD_NAMAIN10@DF_TABLE1_EXPENDITURE_GROWTH(2.0),I,A,DEU,S1,S1,B1GQ,_Z,_Z,_Z,PC,L,G1,T0102,2016,2.222222
DATAFLOW,OECD.SDD.NAD:DSD_NAMAIN10@DF_TABLE1_EXPENDITURE_GROWTH(2.0),I,A,ITA,S1,S1,B1GQ,_Z,_Z,_Z,PC,L,G1,T0102,2015,0.885668
DATAFLOW,OECD.SDD.NAD:DSD_NAMAIN10@DF_TABLE1_EXPENDITURE_GROWTH(2.0),I,A,ITA,S1,S1,B1GQ,_Z,_Z,_Z,PC,L,G1,T0102,2014,-0.001388
DATAFLOW,OECD.SDD.NAD:DSD_NAMAIN10@DF_TABLE1_EXPENDITURE_GROWTH(2.0),I,A,ITA,S1,S1,B1GQ,_Z,_Z,_Z,PC,L,G1,T0102,2013,-1.818025
DATAFLOW,OECD.SDD.NAD:DSD_NAMAIN10@DF_TABLE1_EXPENDITURE_GROWTH(2.0),I,A,ITA,S1,S1,B1GQ,_Z,_Z,_Z,PC,L,G1,T0102,2012,-3.125239
DATAFLOW,OECD.SDD.NAD:DSD_NAMAIN10@DF_TABLE1_EXPENDITURE_GROWTH(2.0),I,A,ITA,S1,S1,B1GQ,_Z,_Z,_Z,PC,L,G1,T0102,2011,0.695463
DATAFLOW,OECD.SDD.NAD:DSD_NAMAIN10@DF_TABLE1_EXPENDITURE_GROWTH(2.0),I,A,ITA,S1,S1,B1GQ,_Z,_Z,_Z,PC,L,G1,T0102,2010,1.529106
DATAFLOW,OECD.SDD.NAD:DSD_NAMAIN10@DF_TABLE1_EXPENDITURE_GROWTH(2.0),I,A,ITA,S1,S1,B1GQ,_Z,_Z,_Z,PC,L,G1,T0102,2009,-5.305154
DATAFLOW,OECD.SDD.NAD:DSD_NAMAIN10@DF_TABLE1_EXPENDITURE_GROWTH(2.0),I,A,ITA,S1,S1,B1GQ,_Z,_Z,_Z,PC,L,G1,T0102,2008,-1.023139
DATAFLOW,OECD.SDD.NAD:DSD_NAMAIN10@DF_TABLE1_EXPENDITURE_GROWTH(2.0),I,A,ITA,S1,S1,B1GQ,_Z,_Z,_Z,PC,L,G1,T0102,2007,1.462292
DATAFLOW,OECD.SDD.NAD:DSD_NAMAIN10@DF_TABLE1_EXPENDITURE_GROWTH(2.0),I,A,ITA,S1,S1,B1GQ,_Z,_Z,_Z,PC,L,G1,T0102,2024,0.692677
DATAFLOW,OECD.SDD.NAD:DSD_NAMAIN10@DF_TABLE1_EXPENDITURE_GROWTH(2.0),I,A,ITA,S1,S1,B1GQ,_Z,_Z,_Z,PC,L,G1,T0102,2023,0.975695
DATAFLOW,OECD.SDD.NAD:DSD_NAMAIN10@DF_TABLE1_EXPENDITURE_GROWTH(2.0),I,A,ITA,S1,S1,B1GQ,_Z,_Z,_Z,PC,L,G1,T0102,2022,4.821177
DATAFLOW,OECD.SDD.NAD:DSD_NAMAIN10@DF_TABLE1_EXPENDITURE_GROWTH(2.0),I,A,ITA,S1,S1,B1GQ,_Z,_Z,_Z,PC,L,G1,T0102,2021,8.931062
DATAFLOW,OECD.SDD.NAD:DSD_NAMAIN10@DF_TABLE1_EXPENDITURE_GROWTH(2.0),I,A,ITA,S1,S1,B1GQ,_Z,_Z,_Z,PC,L,G1,T0102,2020,-8.868221
DATAFLOW,OECD.SDD.NAD:DSD_NAMAIN10@DF_TABLE1_EXPENDITURE_GROWTH(2.0),I,A,ITA,S1,S1,B1GQ,_Z,_Z,_Z,PC,L,G1,T0102,2019,0.429163
DATAFLOW,OECD.SDD.NAD:DSD_NAMAIN10@DF_TABLE1_EXPENDITURE_GROWTH(2.0),I,A,ITA,S1,S1,B1GQ,_Z,_Z,_Z,PC,L,G1,T0102,2018,0.826647
DATAFLOW,OECD.SDD.NAD:DSD_NAMAIN10@DF_TABLE1_EXPENDITURE_GROWTH(2.0),I,A,JPN,S1,S1,B1GQ,_Z,_Z,_Z,PC,L,G1,T0102,2020,-4.168765
DATAFLOW,OECD.SDD.NAD:DSD_NAMAIN10@DF_TABLE1_EXPENDITURE_GROWTH(2.0),I,A,FRA,S1,S1,B1GQ,_Z,_Z,_Z,PC,L,G1,T0102,2022,2.716763
DATAFLOW,OECD.SDD.NAD:DSD_NAMAIN10@DF_TABLE1_EXPENDITURE_GROWTH(2.0),I,A,GBR,S1,S1,B1GQ,_Z,_Z,_Z,PC,L,G1,T0102,2016,2.20652
DATAFLOW,OECD.SDD.NAD:DSD_NAMAIN10@DF_TABLE1_EXPENDITURE_GROWTH(2.0),I,A,USA,S1,S1,B1GQ,_Z,_Z,_Z,PC,L,G1,T0102,2016,1.819451
DATAFLOW,OECD.SDD.NAD:DSD_NAMAIN10@DF_TABLE1_EXPENDITURE_GROWTH(2.0),I,A,AUS,S1,S1,B1GQ,_Z,_Z,_Z,PC,L,G1,T0102,2008,1.954848
DATAFLOW,OECD.SDD.NAD:DSD_NAMAIN10@DF_TABLE1_EXPENDITURE_GROWTH(2.0),I,A,AUS,S1,S1,B1GQ,_Z,_Z,_Z,PC,L,G1,T0102,2016,2.29331
DATAFLOW,OECD.SDD.NAD:DSD_NAMAIN10@DF_TABLE1_EXPENDITURE_GROWTH(2.0),I,A,CAN,S1,S1,B1GQ,_Z,_Z,_Z,PC,L,G1,T0102,2016,1.038551
DATAFLOW,OECD.SDD.NAD:DSD_NAMAIN10@DF_TABLE1_EXPENDITURE_GROWTH(2.0),I,A,FRA,S1,S1,B1GQ,_Z,_Z,_Z,PC,L,G1,T0102,2016,0.860031
DATAFLOW,OECD.SDD.NAD:DSD_NAMAIN10@DF_TABLE1_EXPENDITURE_GROWTH(2.0),I,A,JPN,S1,S1,B1GQ,_Z,_Z,_Z,PC,L,G1,T0102,2021,2.696574
DATAFLOW,OECD.SDD.NAD:DSD_NAMAIN10@DF_TABLE1_EXPENDITURE_GROWTH(2.0),I,A,AUS,S1,S1,B1GQ,_Z,_Z,_Z,PC,L,G1,T0102,2007,3.623985
DATAFLOW,OECD.SDD.NAD:DSD_NAMAIN10@DF_TABLE1_EXPENDITURE_GROWTH(2.0),I,A,AUS,S1,S1,B1GQ,_Z,_Z,_Z,PC,L,G1,T0102,2024,1.350398
DATAFLOW,OECD.SDD.NAD:DSD_NAMAIN10@DF_TABLE1_EXPENDITURE_GROWTH(2.0),I,A,AUS,S1,S1,B1GQ,_Z,_Z,_Z,PC,L,G1,T0102,2023,1.373408
DATAFLOW,OECD.SDD.NAD:DSD_NAMAIN10@DF_TABLE1_EXPENDITURE_GROWTH(2.0),I,A,AUS,S1,S1,B1GQ,_Z,_Z,_Z,PC,L,G1,T0102,2022,3.583821
DATAFLOW,OECD.SDD.NAD:DSD_NAMAIN10@DF_TABLE1_EXPENDITURE_GROWTH(2.0),I,A,AUS,S1,S1,B1GQ,_Z,_Z,_Z,PC,L,G1,T0102,2021,4.253046
DATAFLOW,OECD.SDD.NAD:DSD_NAMAIN10@DF_TABLE1_EXPENDITURE_GROWTH(2.0),I,A,JPN,S1,S1,B1GQ,_Z,_Z,_Z,PC,L,G1,T0102,2018,0.643391
DATAFLOW,OECD.SDD.NAD:DSD_NAMAIN10@DF_TABLE1_EXPENDITURE_GROWTH(2.0),I,A,JPN,S1,S1,B1GQ,_Z,_Z,_Z,PC,L,G1,T0102,2017,1.675332
DATAFLOW,OECD.SDD.NAD:DSD_NAMAIN10@DF_TABLE1_EXPENDITURE_GROWTH(2.0),I,A,KOR,S1,S1,B1GQ,_Z,_Z,_Z,PC,L,G1,T0102,2015,2.920293
DATAFLOW,OECD.SDD.NAD:DSD_NAMAIN10@DF_TABLE1_EXPENDITURE_GROWTH(2.0),I,A,KOR,S1,S1,B1GQ,_Z,_Z,_Z,PC,L,G1,T0102,2014,3.21468
DATAFLOW,OECD.SDD.NAD:DSD_NAMAIN10@DF_TABLE1_EXPENDITURE_GROWTH(2.0),I,A,KOR,S1,S1,B1GQ,_Z,_Z,_Z,PC,L,G1,T0102,2013,3.291396
DATAFLOW,OECD.SDD.NAD:DSD_NAMAIN10@DF_TABLE1_EXPENDITURE_GROWTH(2.0),I,A,KOR,S1,S1,B1GQ,_Z,_Z,_Z,PC,L,G1,T0102,2012,2.547666
DATAFLOW,OECD.SDD.NAD:DSD_NAMAIN10@DF_TABLE1_EXPENDITURE_GROWTH(2.0),I,A,KOR,S1,S1,B1GQ,_Z,_Z,_Z,PC,L,G1,T0102,2011,3.688032
DATAFLOW,OECD.SDD.NAD:DSD_NAMAIN10@DF_TABLE1_EXPENDITURE_GROWTH(2.0),I,A,KOR,S1,S1,B1GQ,_Z,_Z,_Z,PC,L,G1,T0102,2010,6.981661
DATAFLOW,OECD.SDD.NAD:DSD_NAMAIN10@DF_TABLE1_EXPENDITURE_GROWTH(2.0),I,A,KOR,S1,S1,B1GQ,_Z,_Z,_Z,PC,L,G1,T0102,2009,0.819862
DATAFLOW,OECD.SDD.NAD:DSD_NAMAIN10@DF_TABLE1_EXPENDITURE_GROWTH(2.0),I,A,KOR,S1,S1,B1GQ,_Z,_Z,_Z,PC,L,G1,T0102,2008,3.004405
DATAFLOW,OECD.SDD.NAD:DSD_NAMAIN10@DF_TABLE1_EXPENDITURE_GROWTH(2.0),I,A,KOR,S1,S1,B1GQ,_Z,_Z,_Z,PC,L,G1,T0102,2007,5.841963
DATAFLOW,OECD.SDD.NAD:DSD_NAMAIN10@DF_TABLE1_EXPENDITURE_GROWTH(2.0),I,A,KOR,S1,S1,B1GQ,_Z,_Z,_Z,PC,L,G1,T0102,2023,1.583015
DATAFLOW,OECD.SDD.NAD:DSD_NAMAIN10@DF_TABLE1_EXPENDITURE_GROWTH(2.0),I,A,KOR,S1,S1,B1GQ,_Z,_Z,_Z,PC,L,G1,T0102,2022,2.727565
DATAFLOW,OECD.SDD.NAD:DSD_NAMAIN10@DF_TABLE1_EXPENDITURE_GROWTH(2.0),I,A,KOR,S1,S1,B1GQ,_Z,_Z,_Z,PC,L,G1,T0102,2021,4.612968
DATAFLOW,OECD.SDD.NAD:DSD_NAMAIN10@DF_TABLE1_EXPENDITURE_GROWTH(2.0),I,A,KOR,S1,S1,B1GQ,_Z,_Z,_Z,PC,L,G1,T0102,2020,-0.700242
DATAFLOW,OECD.SDD.NAD:DSD_NAMAIN10@DF_TABLE1_EXPENDITURE_GROWTH(2.0),I,A,KOR,S1,S1,B1GQ,_Z,_Z,_Z,PC,L,G1,T0102,2019,2.313802
DATAFLOW,OECD.SDD.NAD:DSD_NAMAIN10@DF_TABLE1_EXPENDITURE_GROWTH(2.0),I,A,KOR,S1,S1,B1GQ,_Z,_Z,_Z,PC,L,G1,T0102,2018,3.176116
DATAFLOW,OECD.SDD.NAD:DSD_NAMAIN10@DF_TABLE1_EXPENDITURE_GROWTH(2.0),I,A,KOR,S1,S1,B1GQ,_Z,_Z,_Z,PC,L,G1,T0102,2017,3.433192
DATAFLOW,OECD.SDD.NAD:DSD_NAMAIN10@DF_TABLE1_EXPENDITURE_GROWTH(2.0),I,A,GBR,S1,S1,B1GQ,_Z,_Z,_Z,PC,L,G1,T0102,2015,2.140406
DATAFLOW,OECD.SDD.NAD:DSD_NAMAIN10@DF_TABLE1_EXPENDITURE_GROWTH(2.0),I,A,GBR,S1,S1,B1GQ,_Z,_Z,_Z,PC,L,G1,T0102,2014,3.160173
DATAFLOW,OECD.SDD.NAD:DSD_NAMAIN10@DF_TABLE1_EXPENDITURE_GROWTH(2.0),I,A,GBR,S1,S1,B1GQ,_Z,_Z,_Z,PC,L,G1,T0102,2013,1.71847
DATAFLOW,OECD.SDD.NAD:DSD_NAMAIN10@DF_TABLE1_EXPENDITURE_GROWTH(2.0),I,A,GBR,S1,S1,B1GQ,_Z,_Z,_Z,PC,L,G1,T0102,2012,1.52826
DATAFLOW,OECD.SDD.NAD:DSD_NAMAIN10@DF_TABLE1_EXPENDITURE_GROWTH(2.0),I,A,GBR,S1,S1,B1GQ,_Z,_Z,_Z,PC,L,G1,T0102,2011,0.851438
DATAFLOW,OECD.SDD.NAD:DSD_NAMAIN10@DF_TABLE1_EXPENDITURE_GROWTH(2.0),I,A,GBR,S1,S1,B1GQ,_Z,_Z,_Z,PC,L,G1,T0102,2010,2.260545
DATAFLOW,OECD.SDD.NAD:DSD_NAMAIN10@DF_TABLE1_EXPENDITURE_GROWTH(2.0),I,A,GBR,S1,S1,B1GQ,_Z,_Z,_Z,PC,L,G1,T0102,2009,-4.587408
DATAFLOW,OECD.SDD.NAD:DSD_NAMAIN10@DF_TABLE1_EXPENDITURE_GROWTH(2.0),I,A,GBR,S1,S1,B1GQ,_Z,_Z,_Z,PC,L,G1,T0102,2008,-0.049412
DATAFLOW,OECD.SDD.NAD:DSD_NAMAIN10@DF_TABLE1_EXPENDITURE_GROWTH(2.0),I,A,GBR,S1,S1,B1GQ,_Z,_Z,_Z,PC,L,G1,T0102,2007,2.930911
DATAFLOW,OECD.SDD.NAD:DSD_NAMAIN10@DF_TABLE1_EXPENDITURE_GROWTH(2.0),I,A,GBR,S1,S1,B1GQ,_Z,_Z,_Z,PC,L,G1,T0102,2025,1.323384
DATAFLOW,OECD.SDD.NAD:DSD_NAMAIN10@DF_TABLE1_EXPENDITURE_GROWTH(2.0),I,A,GBR,S1,S1,B1GQ,_Z,_Z,_Z,PC,L,G1,T0102,2024,1.088126
DATAFLOW,OECD.SDD.NAD:DSD_NAMAIN10@DF_TABLE1_EXPENDITURE_GROWTH(2.0),I,A,GBR,S1,S1,B1GQ,_Z,_Z,_Z,PC,L,G1,T0102,2023,0.27165
DATAFLOW,OECD.SDD.NAD:DSD_NAMAIN10@DF_TABLE1_EXPENDITURE_GROWTH(2.0),I,A,GBR,S1,S1,B1GQ,_Z,_Z,_Z,PC,L,G1,T0102,2022,5.149704
DATAFLOW,OECD.SDD.NAD:DSD_NAMAIN10@DF_TABLE1_EXPENDITURE_GROWTH(2.0),I,A,GBR,S1,S1,B1GQ,_Z,_Z,_Z,PC,L,G1,T0102,2021,8.543112
DATAFLOW,OECD.SDD.NAD:DSD_NAMAIN10@DF_TABLE1_EXPENDITURE_GROWTH(2.0),I,A,GBR,S1,S1,B1GQ,_Z,_Z,_Z,PC,L,G1,T0102,2020,-10.047897
DATAFLOW,OECD.SDD.NAD:DSD_NAMAIN10@DF_TABLE1_EXPENDITURE_GROWTH(2.0),I,A,GBR,S1,S1,B1GQ,_Z,_Z,_Z,PC,L,G1,T0102,2019,1.256299
DATAFLOW,OECD.SDD.NAD:DSD_NAMAIN10@DF_TABLE1_EXPENDITURE_GROWTH(2.0),I,A,GBR,S1,S1,B1GQ,_Z,_Z,_Z,PC,L,G1,T0102,2018,1.551331
DATAFLOW,OECD.SDD.NAD:DSD_NAMAIN10@DF_TABLE1_EXPENDITURE_GROWTH(2.0),I,A,GBR,S1,S1,B1GQ,_Z,_Z,_Z,PC,L,G1,T0102,2017,3.023222
DATAFLOW,OECD.SDD.NAD:DSD_NAMAIN10@DF_TABLE1_EXPENDITURE_GROWTH(2.0),I,A,USA,S1,S1,B1GQ,_Z,_Z,_Z,PC,L,G1,T0102,2015,2.94555
DATAFLOW,OECD.SDD.NAD:DSD_NAMAIN10@DF_TABLE1_EXPENDITURE_GROWTH(2.0),I,A,USA,S1,S1,B1GQ,_Z,_Z,_Z,PC,L,G1,T0102,2014,2.52382
DATAFLOW,OECD.SDD.NAD:DSD_NAMAIN10@DF_TABLE1_EXPENDITURE_GROWTH(2.0),I,A,USA,S1,S1,B1GQ,_Z,_Z,_Z,PC,L,G1,T0102,2013,2.11783
DATAFLOW,OECD.SDD.NAD:DSD_NAMAIN10@DF_TABLE1_EXPENDITURE_GROWTH(2.0),I,A,USA,S1,S1,B1GQ,_Z,_Z,_Z,PC,L,G1,T0102,2012,2.289113
DATAFLOW,OECD.SDD.NAD:DSD_NAMAIN10@DF_TABLE1_EXPENDITURE_GROWTH(2.0),I,A,USA,S1,S1,B1GQ,_Z,_Z,_Z,PC,L,G1,T0102,2011,1.564407
DATAFLOW,OECD.SDD.NAD:DSD_NAMAIN10@DF_TABLE1_EXPENDITURE_GROWTH(2.0),I,A,USA,S1,S1,B1GQ,_Z,_Z,_Z,PC,L,G1,T0102,2010,2.695193
DATAFLOW,OECD.SDD.NAD:DSD_NAMAIN10@DF_TABLE1_EXPENDITURE_GROWTH(2.0),I,A,USA,S1,S1,B1GQ,_Z,_Z,_Z,PC,L,G1,T0102,2009,-2.5765
DATAFLOW,OECD.SDD.NAD:DSD_NAMAIN10@DF_TABLE1_EXPENDITURE_GROWTH(2.0),I,A,USA,S1,S1,B1GQ,_Z,_Z,_Z,PC,L,G1,T0102,2008,0.113587
DATAFLOW,OECD.SDD.NAD:DSD_NAMAIN10@DF_TABLE1_EXPENDITURE_GROWTH(2.0),I,A,USA,S1,S1,B1GQ,_Z,_Z,_Z,PC,L,G1,T0102,2007,2.003858
DATAFLOW,OECD.SDD.NAD:DSD_NAMAIN10@DF_TABLE1_EXPENDITURE_GROWTH(2.0),I,A,USA,S1,S1,B1GQ,_Z,_Z,_Z,PC,L,G1,T0102,2024,2.793187
DATAFLOW,OECD.SDD.NAD:DSD_NAMAIN10@DF_TABLE1_EXPENDITURE_GROWTH(2.0),I,A,USA,S1,S1,B1GQ,_Z,_Z,_Z,PC,L,G1,T0102,2023,2.934363
DATAFLOW,OECD.SDD.NAD:DSD_NAMAIN10@DF_TABLE1_EXPENDITURE_GROWTH(2.0),I,A,USA,S1,S1,B1GQ,_Z,_Z,_Z,PC,L,G1,T0102,2022,2.524214
DATAFLOW,OECD.SDD.NAD:DSD_NAMAIN10@DF_TABLE1_EXPENDITURE_GROWTH(2.0),I,A,USA,S1,S1,B1GQ,_Z,_Z,_Z,PC,L,G1,T0102,2021,6.152022
DATAFLOW,OECD.SDD.NAD:DSD_NAMAIN10@DF_TABLE1_EXPENDITURE_GROWTH(2.0),I,A,USA,S1,S1,B1GQ,_Z,_Z,_Z,PC,L,G1,T0102,2020,-2.081376
DATAFLOW,OECD.SDD.NAD:DSD_NAMAIN10@DF_TABLE1_EXPENDITURE_GROWTH(2.0),I,A,USA,S1,S1,B1GQ,_Z,_Z,_Z,PC,L,G1,T0102,2019,2.583825
DATAFLOW,OECD.SDD.NAD:DSD_NAMAIN10@DF_TABLE1_EXPENDITURE_GROWTH(2.0),I,A,USA,S1,S1,B1GQ,_Z,_Z,_Z,PC,L,G1,T0102,2018,2.966505
DATAFLOW,OECD.SDD.NAD:DSD_NAMAIN10@DF_TABLE1_EXPENDITURE_GROWTH(2.0),I,A,USA,S1,S1,B1GQ,_Z,_Z,_Z,PC,L,G1,T0102,2017,2.457622
DATAFLOW,OECD.SDD.NAD:DSD_NAMAIN10@DF_TABLE1_EXPENDITURE_GROWTH(2.0),I,A,CHN,S1,S1,B1GQ,_Z,_Z,_Z,PC,L,G1,T0102,2015,7.041319
DATAFLOW,OECD.SDD.NAD:DSD_NAMAIN10@DF_TABLE1_EXPENDITURE_GROWTH(2.0),I,A,CHN,S1,S1,B1GQ,_Z,_Z,_Z,PC,L,G1,T0102,2014,7.425774
DATAFLOW,OECD.SDD.NAD:DSD_NAMAIN10@DF_TABLE1_EXPENDITURE_GROWTH(2.0),I,A,CHN,S1,S1,B1GQ,_Z,_Z,_Z,PC,L,G1,T0102,2013,7.766147
DATAFLOW,OECD.SDD.NAD:DSD_NAMAIN10@DF_TABLE1_EXPENDITURE_GROWTH(2.0),I,A,CHN,S1,S1,B1GQ,_Z,_Z,_Z,PC,L,G1,T0102,2012,7.86372
DATAFLOW,OECD.SDD.NAD:DSD_NAMAIN10@DF_TABLE1_EXPENDITURE_GROWTH(2.0),I,A,CHN,S1,S1,B1GQ,_Z,_Z,_Z,PC,L,G1,T0102,2011,9.550825
DATAFLOW,OECD.SDD.NAD:DSD_NAMAIN10@DF_TABLE1_EXPENDITURE_GROWTH(2.0),I,A,CHN,S1,S1,B1GQ,_Z,_Z,_Z,PC,L,G1,T0102,2010,10.63585
DATAFLOW,OECD.SDD.NAD:DSD_NAMAIN10@DF_TABLE1_EXPENDITURE_GROWTH(2.0),I,A,CHN,S1,S1,B1GQ,_Z,_Z,_Z,PC,L,G1,T0102,2009,9.398742
DATAFLOW,OECD.SDD.NAD:DSD_NAMAIN10@DF_TABLE1_EXPENDITURE_GROWTH(2.0),I,A,CHN,S1,S1,B1GQ,_Z,_Z,_Z,PC,L,G1,T0102,2008,9.65066
DATAFLOW,OECD.SDD.NAD:DSD_NAMAIN10@DF_TABLE1_EXPENDITURE_GROWTH(2.0),I,A,CHN,S1,S1,B1GQ,_Z,_Z,_Z,PC,L,G1,T0102,2007,14.230838
DATAFLOW,OECD.SDD.NAD:DSD_NAMAIN10@DF_TABLE1_EXPENDITURE_GROWTH(2.0),I,A,CHN,S1,S1,B1GQ,_Z,_Z,_Z,PC,L,G1,T0102,2023,5.416
DATAFLOW,OECD.SDD.NAD:DSD_NAMAIN10@DF_TABLE1_EXPENDITURE_GROWTH(2.0),I,A,CHN,S1,S1,B1GQ,_Z,_Z,_Z,PC,L,G1,T0102,2022,3.133852
DATAFLOW,OECD.SDD.NAD:DSD_NAMAIN10@DF_TABLE1_EXPENDITURE_GROWTH(2.0),I,A,CHN,S1,S1,B1GQ,_Z,_Z,_Z,PC,L,G1,T0102,2021,8.448516
DATAFLOW,OECD.SDD.NAD:DSD_NAMAIN10@DF_TABLE1_EXPENDITURE_GROWTH(2.0),I,A,CHN,S1,S1,B1GQ,_Z,_Z,_Z,PC,L,G1,T0102,2020,2.084852
DATAFLOW,OECD.SDD.NAD:DSD_NAMAIN10@DF_TABLE1_EXPENDITURE_GROWTH(2.0),I,A,CHN,S1,S1,B1GQ,_Z,_Z,_Z,PC,L,G1,T0102,2019,6.11012
DATAFLOW,OECD.SDD.NAD:DSD_NAMAIN10@DF_TABLE1_EXPENDITURE_GROWTH(2.0),I,A,JPN,S1,S1,B1GQ,_Z,_Z,_Z,PC,L,G1,T0102,2010,4.097918
DATAFLOW,OECD.SDD.NAD:DSD_NAMAIN10@DF_TABLE1_EXPENDITURE_GROWTH(2.0),I,A,JPN,S1,S1,B1GQ,_Z,_Z,_Z,PC,L,G1,T0102,2012,1.374751
DATAFLOW,OECD.SDD.NAD:DSD_NAMAIN10@DF_TABLE1_EXPENDITURE_GROWTH(2.0),I,A,FRA,S1,S1,B1GQ,_Z,_Z,_Z,PC,L,G1,T0102,2013,0.781756
DATAFLOW,OECD.SDD.NAD:DSD_NAMAIN10@DF_TABLE1_EXPENDITURE_GROWTH(2.0),I,A,CHN,S1,S1,B1GQ,_Z,_Z,_Z,PC,L,G1,T0102,2017,6.947196
DATAFLOW,OECD.SDD.NAD:DSD_NAMAIN10@DF_TABLE1_EXPENDITURE_GROWTH(2.0),I,A,FRA,S1,S1,B1GQ,_Z,_Z,_Z,PC,L,G1,T0102,2012,0.183835
DATAFLOW,OECD.SDD.NAD:DSD_NAMAIN10@DF_TABLE1_EXPENDITURE_GROWTH(2.0),I,A,FRA,S1,S1,B1GQ,_Z,_Z,_Z,PC,L,G1,T0102,2011,2.437577
DATAFLOW,OECD.SDD.NAD:DSD_NAMAIN10@DF_TABLE1_EXPENDITURE_GROWTH(2.0),I,A,FRA,S1,S1,B1GQ,_Z,_Z,_Z,PC,L,G1,T0102,2010,2.000325
DATAFLOW,OECD.SDD.NAD:DSD_NAMAIN10@DF_TABLE1_EXPENDITURE_GROWTH(2.0),I,A,FRA,S1,S1,B1GQ,_Z,_Z,_Z,PC,L,G1,T0102,2009,-2.824552
DATAFLOW,OECD.SDD.NAD:DSD_NAMAIN10@DF_TABLE1_EXPENDITURE_GROWTH(2.0),I,A,FRA,S1,S1,B1GQ,_Z,_Z,_Z,PC,L,G1,T0102,2014,0.997833
DATAFLOW,OECD.SDD.NAD:DSD_NAMAIN10@DF_TABLE1_EXPENDITURE_GROWTH(2.0),I,A,ITA,S1,S1,B1GQ,_Z,_Z,_Z,PC,L,G1,T0102,2016,1.236221
DATAFLOW,OECD.SDD.NAD:DSD_NAMAIN10@DF_TABLE1_EXPENDITURE_GROWTH(2.0),I,A,CAN,S1,S1,B1GQ,_Z,_Z,_Z,PC,L,G1,T0102,2018,2.742963
DATAFLOW,OECD.SDD.NAD:DSD_NAMAIN10@DF_TABLE1_EXPENDITURE_GROWTH(2.0),I,A,CAN,S1,S1,B1GQ,_Z,_Z,_Z,PC,L,G1,T0102,2017,3.033835
DATAFLOW,OECD.SDD.NAD:DSD_NAMAIN10@DF_TABLE1_EXPENDITURE_GROWTH(2.0),I,A,JPN,S1,S1,B1GQ,_Z,_Z,_Z,PC,L,G1,T0102,2007,1.483969
DATAFLOW,OECD.SDD.NAD:DSD_NAMAIN10@DF_TABLE1_EXPENDITURE_GROWTH(2.0),I,A,JPN,S1,S1,B1GQ,_Z,_Z,_Z,PC,L,G1,T0102,2023,1.475035
DATAFLOW,OECD.SDD.NAD:DSD_NAMAIN10@DF_TABLE1_EXPENDITURE_GROWTH(2.0),I,A,JPN,S1,S1,B1GQ,_Z,_Z,_Z,PC,L,G1,T0102,2022,0.941999
DATAFLOW,OECD.SDD.NAD:DSD_NAMAIN10@DF_TABLE1_EXPENDITURE_GROWTH(2.0),I,A,JPN,S1,S1,B1GQ,_Z,_Z,_Z,PC,L,G1,T0102,2011,0.02381
DATAFLOW,OECD.SDD.NAD:DSD_NAMAIN10@DF_TABLE1_EXPENDITURE_GROWTH(2.0),I,A,FRA,S1,S1,B1GQ,_Z,_Z,_Z,PC,L,G1,T0102,2023,1.439215
DATAFLOW,OECD.SDD.NAD:DSD_NAMAIN10@DF_TABLE1_EXPENDITURE_GROWTH(2.0),I,A,DEU,S1,S1,B1GQ,_Z,_Z,_Z,PC,L,G1,T0102,2024,-0.495852
DATAFLOW,OECD.SDD.NAD:DSD_NAMAIN10@DF_TABLE1_EXPENDITURE_GROWTH(2.0),I,A,DEU,S1,S1,B1GQ,_Z,_Z,_Z,PC,L,G1,T0102,2023,-0.869648
DATAFLOW,OECD.SDD.NAD:DSD_NAMAIN10@DF_TABLE1_EXPENDITURE_GROWTH(2.0),I,A,DEU,S1,S1,B1GQ,_Z,_Z,_Z,PC,L,G1,T0102,2025,0.210829
DATAFLOW,OECD.SDD.NAD:DSD_NAMAIN10@DF_TABLE1_EXPENDITURE_GROWTH(2.0),I,A,DEU,S1,S1,B1GQ,_Z,_Z,_Z,PC,L,G1,T0102,2022,1.809258
DATAFLOW,OECD.SDD.NAD:DSD_NAMAIN10@DF_TABLE1_EXPENDITURE_GROWTH(2.0),I,A,FRA,S1,S1,B1GQ,_Z,_Z,_Z,PC,L,G1,T0102,2024,1.190468
DATAFLOW,OECD.SDD.NAD:DSD_NAMAIN10@DF_TABLE1_EXPENDITURE_GROWTH(2.0),I,A,FRA,S1,S1,B1GQ,_Z,_Z,_Z,PC,L,G1,T0102,2008,0.380171
DATAFLOW,OECD.SDD.NAD:DSD_NAMAIN10@DF_TABLE1_EXPENDITURE_GROWTH(2.0),I,A,JPN,S1,S1,B1GQ,_Z,_Z,_Z,PC,L,G1,T0102,2024,0.104309
DATAFLOW,OECD.SDD.NAD:DSD_NAMAIN10@DF_TABLE1_EXPENDITURE_GROWTH(2.0),I,A,KOR,S1,S1,B1GQ,_Z,_Z,_Z,PC,L,G1,T0102,2024,2.003611
DATAFLOW,OECD.SDD.NAD:DSD_NAMAIN10@DF_TABLE1_EXPENDITURE_GROWTH(2.0),I,A,ITA,S1,S1,B1GQ,_Z,_Z,_Z,PC,L,G1,T0102,2017,1.6037
DATAFLOW,OECD.SDD.NAD:DSD_NAMAIN10@DF_TABLE1_EXPENDITURE_GROWTH(2.0),I,A,JPN,S1,S1,B1GQ,_Z,_Z,_Z,PC,L,G1,T0102,2015,1.560627
DATAFLOW,OECD.SDD.NAD:DSD_NAMAIN10@DF_TABLE1_EXPENDITURE_GROWTH(2.0),I,A,JPN,S1,S1,B1GQ,_Z,_Z,_Z,PC,L,G1,T0102,2019,-0.402169
DATAFLOW,OECD.SDD.NAD:DSD_NAMAIN10@DF_TABLE1_EXPENDITURE_GROWTH(2.0),I,A,AUS,S1,S1,B1GQ,_Z,_Z,_Z,PC,L,G1,T0102,2020,2.006948
DATAFLOW,OECD.SDD.NAD:DSD_NAMAIN10@DF_TABLE1_EXPENDITURE_GROWTH(2.0),I,A,AUS,S1,S1,B1GQ,_Z,_Z,_Z,PC,L,G1,T0102,2009,2.210048
