STRUCTURE,STRUCTURE_ID,ACTION,FREQ,ADJUSTMENT,REF_AREA,SECTOR,COUNTERPART_SECTOR,TRANSACTION,INSTR_ASSET,ACTIVITY,EXPENDITURE,UNIT_MEASURE,PRICE_BASE,TRANSFORMATION,TABLE_IDENTIFIER,TIME_PERIOD,OBS_VALUE
DATAFLOW,OECD.SDD.NAD:DSD_NAMAIN1@DF_QNA_EXPENDITURE_USD(1.1),I,Q,Y,USA,S1,S1,B1GQ,_Z,_Z,_Z,USD_PPP,V,LA,T0102,2007-Q1,14215651.0
DATAFLOW,OECD.SDD.NAD:DSD_NAMAIN1@DF_QNA_EXPENDITURE_USD(1.1),I,Q,Y,USA,S1,S1,B1GQ,_Z,_Z,_Z,USD_PPP,V,LA,T0102,2007-Q2,14402082.0
DATAFLOW,OECD.SDD.NAD:DSD_NAMAIN1@DF_QNA_EXPENDITURE_USD(1.1),I,Q,Y,USA,S1,S1,B1GQ,_Z,_Z,_Z,USD_PPP,V,LA,T0102,2007-Q3,14564117.0
DATAFLOW,OECD.SDD.NAD:DSD_NAMAIN1@DF_QNA_EXPENDITURE_USD(1.1),I,Q,Y,USA,S1,S1,B1GQ,_Z,_Z,_Z,USD_PPP,V,LA,T0102,2007-Q4,14715058.0
DATAFLOW,OECD.SDD.NAD:DSD_NAMAIN1@DF_QNA_EXPENDITURE_USD(1.1),I,Q,Y,USA,S1,S1,B1GQ,_Z,_Z,_Z,USD_PPP,V,LA,T0102,2008-Q1,14706538.0
DATAFLOW,OECD.SDD.NAD:DSD_NAMAIN1@DF_QNA_EXPENDITURE_USD(1.1),I,Q,Y,USA,S1,S1,B1GQ,_Z,_Z,_Z,USD_PPP,V,LA,T0102,2008-Q2,14865701.0
DATAFLOW,OECD.SDD.NAD:DSD_NAMAIN1@DF_QNA_EXPENDITURE_USD(1.1),I,Q,Y,USA,S1,S1,B1GQ,_Z,_Z,_Z,USD_PPP,V,LA,T0102,2008-Q3,14898999.0
DATAFLOW,OECD.SDD.NAD:DSD_NAMAIN1@DF_QNA_EXPENDITURE_USD(1.1),I,Q,Y,USA,S1,S1,B1GQ,_Z,_Z,_Z,USD_PPP,V,LA,T0102,2008-Q4,14608209.0
DATAFLOW,OECD.SDD.NAD:DSD_NAMAIN1@DF_QNA_EXPENDITURE_USD(1.1),I,Q,Y,USA,S1,S1,B1GQ,_Z,_Z,_Z,USD_PPP,V,LA,T0102,2009-Q1,14430902.0
DATAFLOW,OECD.SDD.NAD:DSD_NAMAIN1@DF_QNA_EXPENDITURE_USD(1.1),I,Q,Y,USA,S1,S1,B1GQ,_Z,_Z,_Z,USD_PPP,V,LA,T0102,2009-Q2,14381236.0
DATAFLOW,OECD.SDD.NAD:DSD_NAMAIN1@DF_QNA_EXPENDITURE_USD(1.1),I,Q,Y,USA,S1,S1,B1GQ,_Z,_Z,_Z,USD_PPP,V,LA,T0102,2009-Q3,14448882.0
DATAFLOW,OECD.SDD.NAD:DSD_NAMAIN1@DF_QNA_EXPENDITURE_USD(1.1),I,Q,Y,USA,S1,S1,B1GQ,_Z,_Z,_Z,USD_PPP,V,LA,T0102,2009-Q4,14651249.0
DATAFLOW,OECD.SDD.NAD:DSD_NAMAIN1@DF_QNA_EXPENDITURE_USD(1.1),I,Q,Y,USA,S1,S1,B1GQ,_Z,_Z,_Z,USD_PPP,V,LA,T0102,2010-Q1,14764610.0
DATAFLOW,OECD.SDD.NAD:DSD_NAMAIN1@DF_QNA_EXPENDITURE_USD(1.1),I,Q,Y,USA,S1,S1,B1GQ,_Z,_Z,_Z,USD_PPP,V,LA,T0102,2010-Q2,14980193.0
DATAFLOW,OECD.SDD.NAD:DSD_NAMAIN1@DF_QNA_EXPENDITURE_USD(1.1),I,Q,Y,USA,S1,S1,B1GQ,_Z,_Z,_Z,USD_PPP,V,LA,T0102,2010-Q3,15141607.0
DATAFLOW,OECD.SDD.NAD:DSD_NAMAIN1@DF_QNA_EXPENDITURE_USD(1.1),I,Q,Y,USA,S1,S1,B1GQ,_Z,_Z,_Z,USD_PPP,V,LA,T0102,2010-Q4,15309474.0
DATAFLOW,OECD.SDD.NAD:DSD_NAMAIN1@DF_QNA_EXPENDITURE_USD(1.1),I,Q,Y,USA,S1,S1,B1GQ,_Z,_Z,_Z,USD_PPP,V,LA,T0102,2011-Q1,15351448.0
DATAFLOW,OECD.SDD.NAD:DSD_NAMAIN1@DF_QNA_EXPENDITURE_USD(1.1),I,Q,Y,USA,S1,S1,B1GQ,_Z,_Z,_Z,USD_PPP,V,LA,T0102,2011-Q2,15557539.0
DATAFLOW,OECD.SDD.NAD:DSD_NAMAIN1@DF_QNA_EXPENDITURE_USD(1.1),I,Q,Y,USA,S1,S1,B1GQ,_Z,_Z,_Z,USD_PPP,V,LA,T0102,2011-Q3,15647680.0
DATAFLOW,OECD.SDD.NAD:DSD_NAMAIN1@DF_QNA_EXPENDITURE_USD(1.1),I,Q,Y,USA,S1,S1,B1GQ,_Z,_Z,_Z,USD_PPP,V,LA,T0102,2011-Q4,15842259.0
DATAFLOW,OECD.SDD.NAD:DSD_NAMAIN1@DF_QNA_EXPENDITURE_USD(1.1),I,Q,Y,USA,S1,S1,B1GQ,_Z,_Z,_Z,USD_PPP,V,LA,T0102,2012-Q1,16068805.0
DATAFLOW,OECD.SDD.NAD:DSD_NAMAIN1@DF_QNA_EXPENDITURE_USD(1.1),I,Q,Y,USA,S1,S1,B1GQ,_Z,_Z,_Z,USD_PPP,V,LA,T0102,2012-Q2,16207115.0
DATAFLOW,OECD.SDD.NAD:DSD_NAMAIN1@DF_QNA_EXPENDITURE_USD(1.1),I,Q,Y,USA,S1,S1,B1GQ,_Z,_Z,_Z,USD_PPP,V,LA,T0102,2012-Q3,16319541.0
DATAFLOW,OECD.SDD.NAD:DSD_NAMAIN1@DF_QNA_EXPENDITURE_USD(1.1),I,Q,Y,USA,S1,S1,B1GQ,_Z,_Z,_Z,USD_PPP,V,LA,T0102,2012-Q4,16420419.0
DATAFLOW,OECD.SDD.NAD:DSD_NAMAIN1@DF_QNA_EXPENDITURE_USD(1.1),I,Q,Y,USA,S1,S1,B1GQ,_Z,_Z,_Z,USD_PPP,V,LA,T0102,2013-Q1,16648189.0
DATAFLOW,OECD.SDD.NAD:DSD_NAMAIN1@DF_QNA_EXPENDITURE_USD(1.1),I,Q,Y,FRA,S1,S1,B1GQ,_Z,_Z,_Z,USD_PPP,V,LA,T0102,2007-Q1,2144966.9
DATAFLOW,OECD.SDD.NAD:DSD_NAMAIN1@DF_QNA_EXPENDITURE_USD(1.1),I,Q,Y,FRA,S1,S1,B1GQ,_Z,_Z,_Z,USD_PPP,V,LA,T0102,2007-Q2,2174167.9
DATAFLOW,OECD.SDD.NAD:DSD_NAMAIN1@DF_QNA_EXPENDITURE_USD(1.1),I,Q,Y,FRA,S1,S1,B1GQ,_Z,_Z,_Z,USD_PPP,V,LA,T0102,2007-Q3,2195002.2
DATAFLOW,OECD.SDD.NAD:DSD_NAMAIN1@DF_QNA_EXPENDITURE_USD(1.1),I,Q,Y,FRA,S1,S1,B1GQ,_Z,_Z,_Z,USD_PPP,V,LA,T0102,2007-Q4,2215597.8
DATAFLOW,OECD.SDD.NAD:DSD_NAMAIN1@DF_QNA_EXPENDITURE_USD(1.1),I,Q,Y,FRA,S1,S1,B1GQ,_Z,_Z,_Z,USD_PPP,V,LA,T0102,2008-Q1,2248074.8
DATAFLOW,OECD.SDD.NAD:DSD_NAMAIN1@DF_QNA_EXPENDITURE_USD(1.1),I,Q,Y,FRA,S1,S1,B1GQ,_Z,_Z,_Z,USD_PPP,V,LA,T0102,2008-Q2,2250407.0
DATAFLOW,OECD.SDD.NAD:DSD_NAMAIN1@DF_QNA_EXPENDITURE_USD(1.1),I,Q,Y,FRA,S1,S1,B1GQ,_Z,_Z,_Z,USD_PPP,V,LA,T0102,2008-Q3,2268275.2
DATAFLOW,OECD.SDD.NAD:DSD_NAMAIN1@DF_QNA_EXPENDITURE_USD(1.1),I,Q,Y,FRA,S1,S1,B1GQ,_Z,_Z,_Z,USD_PPP,V,LA,T0102,2008-Q4,2255617.2
DATAFLOW,OECD.SDD.NAD:DSD_NAMAIN1@DF_QNA_EXPENDITURE_USD(1.1),I,Q,Y,FRA,S1,S1,B1GQ,_Z,_Z,_Z,USD_PPP,V,LA,T0102,2009-Q1,2223379.9
DATAFLOW,OECD.SDD.NAD:DSD_NAMAIN1@DF_QNA_EXPENDITURE_USD(1.1),I,Q,Y,FRA,S1,S1,B1GQ,_Z,_Z,_Z,USD_PPP,V,LA,T0102,2009-Q2,2234819.7
DATAFLOW,OECD.SDD.NAD:DSD_NAMAIN1@DF_QNA_EXPENDITURE_USD(1.1),I,Q,Y,FRA,S1,S1,B1GQ,_Z,_Z,_Z,USD_PPP,V,LA,T0102,2009-Q3,2247850.5
DATAFLOW,OECD.SDD.NAD:DSD_NAMAIN1@DF_QNA_EXPENDITURE_USD(1.1),I,Q,Y,FRA,S1,S1,B1GQ,_Z,_Z,_Z,USD_PPP,V,LA,T0102,2009-Q4,2276714.8
DATAFLOW,OECD.SDD.NAD:DSD_NAMAIN1@DF_QNA_EXPENDITURE_USD(1.1),I,Q,Y,FRA,S1,S1,B1GQ,_Z,_Z,_Z,USD_PPP,V,LA,T0102,2010-Q1,2292223.4
DATAFLOW,OECD.SDD.NAD:DSD_NAMAIN1@DF_QNA_EXPENDITURE_USD(1.1),I,Q,Y,FRA,S1,S1,B1GQ,_Z,_Z,_Z,USD_PPP,V,LA,T0102,2010-Q2,2317623.8
DATAFLOW,OECD.SDD.NAD:DSD_NAMAIN1@DF_QNA_EXPENDITURE_USD(1.1),I,Q,Y,FRA,S1,S1,B1GQ,_Z,_Z,_Z,USD_PPP,V,LA,T0102,2010-Q3,2344513.1
DATAFLOW,OECD.SDD.NAD:DSD_NAMAIN1@DF_QNA_EXPENDITURE_USD(1.1),I,Q,Y,FRA,S1,S1,B1GQ,_Z,_Z,_Z,USD_PPP,V,LA,T0102,2010-Q4,2375785.7
DATAFLOW,OECD.SDD.NAD:DSD_NAMAIN1@DF_QNA_EXPENDITURE_USD(1.1),I,Q,Y,FRA,S1,S1,B1GQ,_Z,_Z,_Z,USD_PPP,V,LA,T0102,2011-Q1,2430616.1
DATAFLOW,OECD.SDD.NAD:DSD_NAMAIN1@DF_QNA_EXPENDITURE_USD(1.1),I,Q,Y,FRA,S1,S1,B1GQ,_Z,_Z,_Z,USD_PPP,V,LA,T0102,2011-Q2,2445051.9
DATAFLOW,OECD.SDD.NAD:DSD_NAMAIN1@DF_QNA_EXPENDITURE_USD(1.1),I,Q,Y,FRA,S1,S1,B1GQ,_Z,_Z,_Z,USD_PPP,V,LA,T0102,2011-Q3,2460701.7
DATAFLOW,OECD.SDD.NAD:DSD_NAMAIN1@DF_QNA_EXPENDITURE_USD(1.1),I,Q,Y,FRA,S1,S1,B1GQ,_Z,_Z,_Z,USD_PPP,V,LA,T0102,2011-Q4,2462008.5
DATAFLOW,OECD.SDD.NAD:DSD_NAMAIN1@DF_QNA_EXPENDITURE_USD(1.1),I,Q,Y,FRA,S1,S1,B1GQ,_Z,_Z,_Z,USD_PPP,V,LA,T0102,2012-Q1,2455620.3
DATAFLOW,OECD.SDD.NAD:DSD_NAMAIN1@DF_QNA_EXPENDITURE_USD(1.1),I,Q,Y,FRA,S1,S1,B1GQ,_Z,_Z,_Z,USD_PPP,V,LA,T0102,2012-Q2,2450076.0
DATAFLOW,OECD.SDD.NAD:DSD_NAMAIN1@DF_QNA_EXPENDITURE_USD(1.1),I,Q,Y,FRA,S1,S1,B1GQ,_Z,_Z,_Z,USD_PPP,V,LA,T0102,2012-Q3,2477908.6
DATAFLOW,OECD.SDD.NAD:DSD_NAMAIN1@DF_QNA_EXPENDITURE_USD(1.1),I,Q,Y,FRA,S1,S1,B1GQ,_Z,_Z,_Z,USD_PPP,V,LA,T0102,2012-Q4,2509658.1
DATAFLOW,OECD.SDD.NAD:DSD_NAMAIN1@DF_QNA_EXPENDITURE_USD(1.1),I,Q,Y,FRA,S1,S1,B1GQ,_Z,_Z,_Z,USD_PPP,V,LA,T0102,2013-Q1,2559495.5
DATAFLOW,OECD.SDD.NAD:DSD_NAMAIN1@DF_QNA_EXPENDITURE_USD(1.1),I,Q,Y,FRA,S1,S1,B1GQ,_Z,_Z,_Z,USD_PPP,V,LA,T0102,2013-Q2,2613572.3
DATAFLOW,OECD.SDD.NAD:DSD_NAMAIN1@DF_QNA_EXPENDITURE_USD(1.1),I,Q,Y,FRA,S1,S1,B1GQ,_Z,_Z,_Z,USD_PPP,V,LA,T0102,2013-Q3,2631334.0
DATAFLOW,OECD.SDD.NAD:DSD_NAMAIN1@DF_QNA_EXPENDITURE_USD(1.1),I,Q,Y,FRA,S1,S1,B1GQ,_Z,_Z,_Z,USD_PPP,V,LA,T0102,2013-Q4,2660435.3
DATAFLOW,OECD.SDD.NAD:DSD_NAMAIN1@DF_QNA_EXPENDITURE_USD(1.1),I,Q,Y,FRA,S1,S1,B1GQ,_Z,_Z,_Z,USD_PPP,V,LA,T0102,2014-Q1,2655891.1
DATAFLOW,OECD.SDD.NAD:DSD_NAMAIN1@DF_QNA_EXPENDITURE_USD(1.1),I,Q,Y,FRA,S1,S1,B1GQ,_Z,_Z,_Z,USD_PPP,V,LA,T0102,2014-Q2,2665596.5
DATAFLOW,OECD.SDD.NAD:DSD_NAMAIN1@DF_QNA_EXPENDITURE_USD(1.1),I,Q,Y,FRA,S1,S1,B1GQ,_Z,_Z,_Z,USD_PPP,V,LA,T0102,2014-Q3,2685238.3
DATAFLOW,OECD.SDD.NAD:DSD_NAMAIN1@DF_QNA_EXPENDITURE_USD(1.1),I,Q,Y,FRA,S1,S1,B1GQ,_Z,_Z,_Z,USD_PPP,V,LA,T0102,2014-Q4,2674644.7
DATAFLOW,OECD.SDD.NAD:DSD_NAMAIN1@DF_QNA_EXPENDITURE_USD(1.1),I,Q,Y,FRA,S1,S1,B1GQ,_Z,_Z,_Z,USD_PPP,V,LA,T0102,2015-Q1,2684977.1
DATAFLOW,OECD.SDD.NAD:DSD_NAMAIN1@DF_QNA_EXPENDITURE_USD(1.1),I,Q,Y,FRA,S1,S1,B1GQ,_Z,_Z,_Z,USD_PPP,V,LA,T0102,2015-Q2,2706904.9
DATAFLOW,OECD.SDD.NAD:DSD_NAMAIN1@DF_QNA_EXPENDITURE_USD(1.1),I,Q,Y,FRA,S1,S1,B1GQ,_Z,_Z,_Z,USD_PPP,V,LA,T0102,2015-Q3,2736609.5
DATAFLOW,OECD.SDD.NAD:DSD_NAMAIN1@DF_QNA_EXPENDITURE_USD(1.1),I,Q,Y,FRA,S1,S1,B1GQ,_Z,_Z,_Z,USD_PPP,V,LA,T0102,2015-Q4,2767569.6
DATAFLOW,OECD.SDD.NAD:DSD_NAMAIN1@DF_QNA_EXPENDITURE_USD(1.1),I,Q,Y,FRA,S1,S1,B1GQ,_Z,_Z,_Z,USD_PPP,V,LA,T0102,2016-Q1,2809815.0
DATAFLOW,OECD.SDD.NAD:DSD_NAMAIN1@DF_QNA_EXPENDITURE_USD(1.1),I,Q,Y,FRA,S1,S1,B1GQ,_Z,_Z,_Z,USD_PPP,V,LA,T0102,2016-Q2,2846772.7
DATAFLOW,OECD.SDD.NAD:DSD_NAMAIN1@DF_QNA_EXPENDITURE_USD(1.1),I,Q,Y,FRA,S1,S1,B1GQ,_Z,_Z,_Z,USD_PPP,V,LA,T0102,2016-Q3,2873382.4
DATAFLOW,OECD.SDD.NAD:DSD_NAMAIN1@DF_QNA_EXPENDITURE_USD(1.1),I,Q,Y,FRA,S1,S1,B1GQ,_Z,_Z,_Z,USD_PPP,V,LA,T0102,2016-Q4,2909962.3
DATAFLOW,OECD.SDD.NAD:DSD_NAMAIN1@DF_QNA_EXPENDITURE_USD(1.1),I,Q,Y,FRA,S1,S1,B1GQ,_Z,_Z,_Z,USD_PPP,V,LA,T0102,2017-Q1,2937668.3
DATAFLOW,OECD.SDD.NAD:DSD_NAMAIN1@DF_QNA_EXPENDITURE_USD(1.1),I,Q,Y,FRA,S1,S1,B1GQ,_Z,_Z,_Z,USD_PPP,V,LA,T0102,2017-Q2,2962169.8
DATAFLOW,OECD.SDD.NAD:DSD_NAMAIN1@DF_QNA_EXPENDITURE_USD(1.1),I,Q,Y,FRA,S1,S1,B1GQ,_Z,_Z,_Z,USD_PPP,V,LA,T0102,2017-Q3,2992653.4
DATAFLOW,OECD.SDD.NAD:DSD_NAMAIN1@DF_QNA_EXPENDITURE_USD(1.1),I,Q,Y,FRA,S1,S1,B1GQ,_Z,_Z,_Z,USD_PPP,V,LA,T0102,2017-Q4,3024912.8
DATAFLOW,OECD.SDD.NAD:DSD_NAMAIN1@DF_QNA_EXPENDITURE_USD(1.1),I,Q,Y,FRA,S1,S1,B1GQ,_Z,_Z,_Z,USD_PPP,V,LA,T0102,2018-Q1,3036371.8
DATAFLOW,OECD.SDD.NAD:DSD_NAMAIN1@DF_QNA_EXPENDITURE_USD(1.1),I,Q,Y,FRA,S1,S1,B1GQ,_Z,_Z,_Z,USD_PPP,V,LA,T0102,2018-Q2,3078363.5
DATAFLOW,OECD.SDD.NAD:DSD_NAMAIN1@DF_QNA_EXPENDITURE_USD(1.1),I,Q,Y,FRA,S1,S1,B1GQ,_Z,_Z,_Z,USD_PPP,V,LA,T0102,2018-Q3,3134817.8
DATAFLOW,OECD.SDD.NAD:DSD_NAMAIN1@DF_QNA_EXPENDITURE_USD(1.1),I,Q,Y,FRA,S1,S1,B1GQ,_Z,_Z,_Z,USD_PPP,V,LA,T0102,2018-Q4,3221605.5
DATAFLOW,OECD.SDD.NAD:DSD_NAMAIN1@DF_QNA_EXPENDITURE_USD(1.1),I,Q,Y,FRA,S1,S1,B1GQ,_Z,_Z,_Z,USD_PPP,V,LA,T0102,2019-Q1,3327470.1
DATAFLOW,OECD.SDD.NAD:DSD_NAMAIN1@DF_QNA_EXPENDITURE_USD(1.1),I,Q,Y,FRA,S1,S1,B1GQ,_Z,_Z,_Z,USD_PPP,V,LA,T0102,2019-Q2,3427846.4
DATAFLOW,OECD.SDD.NAD:DSD_NAMAIN1@DF_QNA_EXPENDITURE_USD(1.1),I,Q,Y,FRA,S1,S1,B1GQ,_Z,_Z,_Z,USD_PPP,V,LA,T0102,2019-Q3,3500482.1
DATAFLOW,OECD.SDD.NAD:DSD_NAMAIN1@DF_QNA_EXPENDITURE_USD(1.1),I,Q,Y,FRA,S1,S1,B1GQ,_Z,_Z,_Z,USD_PPP,V,LA,T0102,2019-Q4,3549882.4
DATAFLOW,OECD.SDD.NAD:DSD_NAMAIN1@DF_QNA_EXPENDITURE_USD(1.1),I,Q,Y,FRA,S1,S1,B1GQ,_Z,_Z,_Z,USD_PPP,V,LA,T0102,2020-Q1,3428224.4
DATAFLOW,OECD.SDD.NAD:DSD_NAMAIN1@DF_QNA_EXPENDITURE_USD(1.1),I,Q,Y,FRA,S1,S1,B1GQ,_Z,_Z,_Z,USD_PPP,V,LA,T0102,2020-Q2,3002584.0
DATAFLOW,OECD.SDD.NAD:DSD_NAMAIN1@DF_QNA_EXPENDITURE_USD(1.1),I,Q,Y,FRA,S1,S1,B1GQ,_Z,_Z,_Z,USD_PPP,V,LA,T0102,2020-Q3,3491021.8
DATAFLOW,OECD.SDD.NAD:DSD_NAMAIN1@DF_QNA_EXPENDITURE_USD(1.1),I,Q,Y,FRA,S1,S1,B1GQ,_Z,_Z,_Z,USD_PPP,V,LA,T0102,2020-Q4,3464185.9
DATAFLOW,OECD.SDD.NAD:DSD_NAMAIN1@DF_QNA_EXPENDITURE_USD(1.1),I,Q,Y,FRA,S1,S1,B1GQ,_Z,_Z,_Z,USD_PPP,V,LA,T0102,2021-Q1,3450414.7
DATAFLOW,OECD.SDD.NAD:DSD_NAMAIN1@DF_QNA_EXPENDITURE_USD(1.1),I,Q,Y,FRA,S1,S1,B1GQ,_Z,_Z,_Z,USD_PPP,V,LA,T0102,2021-Q2,3492260.1
DATAFLOW,OECD.SDD.NAD:DSD_NAMAIN1@DF_QNA_EXPENDITURE_USD(1.1),I,Q,Y,FRA,S1,S1,B1GQ,_Z,_Z,_Z,USD_PPP,V,LA,T0102,2021-Q3,3614389.3
DATAFLOW,OECD.SDD.NAD:DSD_NAMAIN1@DF_QNA_EXPENDITURE_USD(1.1),I,Q,Y,FRA,S1,S1,B1GQ,_Z,_Z,_Z,USD_PPP,V,LA,T0102,2021-Q4,3677355.5
DATAFLOW,OECD.SDD.NAD:DSD_NAMAIN1@DF_QNA_EXPENDITURE_USD(1.1),I,Q,Y,FRA,S1,S1,B1GQ,_Z,_Z,_Z,USD_PPP,V,LA,T0102,2022-Q1,3747317.0
DATAFLOW,OECD.SDD.NAD:DSD_NAMAIN1@DF_QNA_EXPENDITURE_USD(1.1),I,Q,Y,FRA,S1,S1,B1GQ,_Z,_Z,_Z,USD_PPP,V,LA,T0102,2022-Q2,3855049.7
DATAFLOW,OECD.SDD.NAD:DSD_NAMAIN1@DF_QNA_EXPENDITURE_USD(1.1),I,Q,Y,FRA,S1,S1,B1GQ,_Z,_Z,_Z,USD_PPP,V,LA,T0102,2022-Q3,3932844.7
DATAFLOW,OECD.SDD.NAD:DSD_NAMAIN1@DF_QNA_EXPENDITURE_USD(1.1),I,Q,Y,FRA,S1,S1,B1GQ,_Z,_Z,_Z,USD_PPP,V,LA,T0102,2022-Q4,4009584.7
DATAFLOW,OECD.SDD.NAD:DSD_NAMAIN1@DF_QNA_EXPENDITURE_USD(1.1),I,Q,Y,FRA,S1,S1,B1GQ,_Z,_Z,_Z,USD_PPP,V,LA,T0102,2023-Q1,4081578.0
DATAFLOW,OECD.SDD.NAD:DSD_NAMAIN1@DF_QNA_EXPENDITURE_USD(1.1),I,Q,Y,FRA,S1,S1,B1GQ,_Z,_Z,_Z,USD_PPP,V,LA,T0102,2023-Q2,4157747.3
DATAFLOW,OECD.SDD.NAD:DSD_NAMAIN1@DF_QNA_EXPENDITURE_USD(1.1),I,Q,Y,FRA,S1,S1,B1GQ,_Z,_Z,_Z,USD_PPP,V,LA,T0102,2023-Q3,4207254.7
DATAFLOW,OECD.SDD.NAD:DSD_NAMAIN1@DF_QNA_EXPENDITURE_USD(1.1),I,Q,Y,FRA,S1,S1,B1GQ,_Z,_Z,_Z,USD_PPP,V,LA,T0102,2023-Q4,4237649.7
DATAFLOW,OECD.SDD.NAD:DSD_NAMAIN1@DF_QNA_EXPENDITURE_USD(1.1),I,Q,Y,FRA,S1,S1,B1GQ,_Z,_Z,_Z,USD_PPP,V,LA,T0102,2024-Q1,4256008.8
DATAFLOW,OECD.SDD.NAD:DSD_NAMAIN1@DF_QNA_EXPENDITURE_USD(1.1),I,Q,Y,GBR,S1,S1,B1GQ,_Z,_Z,_Z,USD_PPP,V,LA,T0102,2007-Q1,2148158.6
DATAFLOW,OECD.SDD.NAD:DSD_NAMAIN1@DF_QNA_EXPENDITURE_USD(1.1),I,Q,Y,GBR,S1,S1,B1GQ,_Z,_Z,_Z,USD_PPP,V,LA,T0102,2007-Q2,2173006.6
DATAFLOW,OECD.SDD.NAD:DSD_NAMAIN1@DF_QNA_EXPENDITURE_USD(1.1),I,Q,Y,GBR,S1,S1,B1GQ,_Z,_Z,_Z,USD_PPP,V,LA,T0102,2007-Q3,2197992.2
DATAFLOW,OECD.SDD.NAD:DSD_NAMAIN1@DF_QNA_EXPENDITURE_USD(1.1),I,Q,Y,GBR,S1,S1,B1GQ,_Z,_Z,_Z,USD_PPP,V,LA,T0102,2007-Q4,2234095.8
DATAFLOW,OECD.SDD.NAD:DSD_NAMAIN1@DF_QNA_EXPENDITURE_USD(1.1),I,Q,Y,GBR,S1,S1,B1GQ,_Z,_Z,_Z,USD_PPP,V,LA,T0102,2008-Q1,2281063.8
DATAFLOW,OECD.SDD.NAD:DSD_NAMAIN1@DF_QNA_EXPENDITURE_USD(1.1),I,Q,Y,GBR,S1,S1,B1GQ,_Z,_Z,_Z,USD_PPP,V,LA,T0102,2008-Q2,2302351.6
DATAFLOW,OECD.SDD.NAD:DSD_NAMAIN1@DF_QNA_EXPENDITURE_USD(1.1),I,Q,Y,GBR,S1,S1,B1GQ,_Z,_Z,_Z,USD_PPP,V,LA,T0102,2008-Q3,2294707.0
DATAFLOW,OECD.SDD.NAD:DSD_NAMAIN1@DF_QNA_EXPENDITURE_USD(1.1),I,Q,Y,GBR,S1,S1,B1GQ,_Z,_Z,_Z,USD_PPP,V,LA,T0102,2008-Q4,2255543.7
DATAFLOW,OECD.SDD.NAD:DSD_NAMAIN1@DF_QNA_EXPENDITURE_USD(1.1),I,Q,Y,GBR,S1,S1,B1GQ,_Z,_Z,_Z,USD_PPP,V,LA,T0102,2009-Q1,2198982.2
DATAFLOW,OECD.SDD.NAD:DSD_NAMAIN1@DF_QNA_EXPENDITURE_USD(1.1),I,Q,Y,GBR,S1,S1,B1GQ,_Z,_Z,_Z,USD_PPP,V,LA,T0102,2009-Q2,2186586.4
DATAFLOW,OECD.SDD.NAD:DSD_NAMAIN1@DF_QNA_EXPENDITURE_USD(1.1),I,Q,Y,GBR,S1,S1,B1GQ,_Z,_Z,_Z,USD_PPP,V,LA,T0102,2009-Q3,2194872.7
DATAFLOW,OECD.SDD.NAD:DSD_NAMAIN1@DF_QNA_EXPENDITURE_USD(1.1),I,Q,Y,GBR,S1,S1,B1GQ,_Z,_Z,_Z,USD_PPP,V,LA,T0102,2009-Q4,2208465.6
DATAFLOW,OECD.SDD.NAD:DSD_NAMAIN1@DF_QNA_EXPENDITURE_USD(1.1),I,Q,Y,GBR,S1,S1,B1GQ,_Z,_Z,_Z,USD_PPP,V,LA,T0102,2010-Q1,2253331.4
DATAFLOW,OECD.SDD.NAD:DSD_NAMAIN1@DF_QNA_EXPENDITURE_USD(1.1),I,Q,Y,GBR,S1,S1,B1GQ,_Z,_Z,_Z,USD_PPP,V,LA,T0102,2010-Q2,2295703.2
DATAFLOW,OECD.SDD.NAD:DSD_NAMAIN1@DF_QNA_EXPENDITURE_USD(1.1),I,Q,Y,GBR,S1,S1,B1GQ,_Z,_Z,_Z,USD_PPP,V,LA,T0102,2010-Q3,2319486.6
DATAFLOW,OECD.SDD.NAD:DSD_NAMAIN1@DF_QNA_EXPENDITURE_USD(1.1),I,Q,Y,GBR,S1,S1,B1GQ,_Z,_Z,_Z,USD_PPP,V,LA,T0102,2010-Q4,2333165.0
DATAFLOW,OECD.SDD.NAD:DSD_NAMAIN1@DF_QNA_EXPENDITURE_USD(1.1),I,Q,Y,GBR,S1,S1,B1GQ,_Z,_Z,_Z,USD_PPP,V,LA,T0102,2011-Q1,2352043.3
DATAFLOW,OECD.SDD.NAD:DSD_NAMAIN1@DF_QNA_EXPENDITURE_USD(1.1),I,Q,Y,GBR,S1,S1,B1GQ,_Z,_Z,_Z,USD_PPP,V,LA,T0102,2011-Q2,2354662.3
DATAFLOW,OECD.SDD.NAD:DSD_NAMAIN1@DF_QNA_EXPENDITURE_USD(1.1),I,Q,Y,GBR,S1,S1,B1GQ,_Z,_Z,_Z,USD_PPP,V,LA,T0102,2011-Q3,2372657.3
DATAFLOW,OECD.SDD.NAD:DSD_NAMAIN1@DF_QNA_EXPENDITURE_USD(1.1),I,Q,Y,GBR,S1,S1,B1GQ,_Z,_Z,_Z,USD_PPP,V,LA,T0102,2011-Q4,2381363.9
DATAFLOW,OECD.SDD.NAD:DSD_NAMAIN1@DF_QNA_EXPENDITURE_USD(1.1),I,Q,Y,GBR,S1,S1,B1GQ,_Z,_Z,_Z,USD_PPP,V,LA,T0102,2012-Q1,2418156.2
DATAFLOW,OECD.SDD.NAD:DSD_NAMAIN1@DF_QNA_EXPENDITURE_USD(1.1),I,Q,Y,GBR,S1,S1,B1GQ,_Z,_Z,_Z,USD_PPP,V,LA,T0102,2012-Q2,2429011.8
DATAFLOW,OECD.SDD.NAD:DSD_NAMAIN1@DF_QNA_EXPENDITURE_USD(1.1),I,Q,Y,GBR,S1,S1,B1GQ,_Z,_Z,_Z,USD_PPP,V,LA,T0102,2012-Q3,2474700.6
DATAFLOW,OECD.SDD.NAD:DSD_NAMAIN1@DF_QNA_EXPENDITURE_USD(1.1),I,Q,Y,GBR,S1,S1,B1GQ,_Z,_Z,_Z,USD_PPP,V,LA,T0102,2012-Q4,2494058.7
DATAFLOW,OECD.SDD.NAD:DSD_NAMAIN1@DF_QNA_EXPENDITURE_USD(1.1),I,Q,Y,GBR,S1,S1,B1GQ,_Z,_Z,_Z,USD_PPP,V,LA,T0102,2013-Q1,2526983.5
DATAFLOW,OECD.SDD.NAD:DSD_NAMAIN1@DF_QNA_EXPENDITURE_USD(1.1),I,Q,Y,GBR,S1,S1,B1GQ,_Z,_Z,_Z,USD_PPP,V,LA,T0102,2013-Q2,2556290.9
DATAFLOW,OECD.SDD.NAD:DSD_NAMAIN1@DF_QNA_EXPENDITURE_USD(1.1),I,Q,Y,GBR,S1,S1,B1GQ,_Z,_Z,_Z,USD_PPP,V,LA,T0102,2013-Q3,2592698.0
DATAFLOW,OECD.SDD.NAD:DSD_NAMAIN1@DF_QNA_EXPENDITURE_USD(1.1),I,Q,Y,GBR,S1,S1,B1GQ,_Z,_Z,_Z,USD_PPP,V,LA,T0102,2013-Q4,2617250.6
DATAFLOW,OECD.SDD.NAD:DSD_NAMAIN1@DF_QNA_EXPENDITURE_USD(1.1),I,Q,Y,GBR,S1,S1,B1GQ,_Z,_Z,_Z,USD_PPP,V,LA,T0102,2014-Q1,2639184.0
DATAFLOW,OECD.SDD.NAD:DSD_NAMAIN1@DF_QNA_EXPENDITURE_USD(1.1),I,Q,Y,GBR,S1,S1,B1GQ,_Z,_Z,_Z,USD_PPP,V,LA,T0102,2014-Q2,2668372.7
DATAFLOW,OECD.SDD.NAD:DSD_NAMAIN1@DF_QNA_EXPENDITURE_USD(1.1),I,Q,Y,GBR,S1,S1,B1GQ,_Z,_Z,_Z,USD_PPP,V,LA,T0102,2014-Q3,2705543.3
DATAFLOW,OECD.SDD.NAD:DSD_NAMAIN1@DF_QNA_EXPENDITURE_USD(1.1),I,Q,Y,GBR,S1,S1,B1GQ,_Z,_Z,_Z,USD_PPP,V,LA,T0102,2014-Q4,2725330.0
DATAFLOW,OECD.SDD.NAD:DSD_NAMAIN1@DF_QNA_EXPENDITURE_USD(1.1),I,Q,Y,GBR,S1,S1,B1GQ,_Z,_Z,_Z,USD_PPP,V,LA,T0102,2015-Q1,2741106.9
DATAFLOW,OECD.SDD.NAD:DSD_NAMAIN1@DF_QNA_EXPENDITURE_USD(1.1),I,Q,Y,GBR,S1,S1,B1GQ,_Z,_Z,_Z,USD_PPP,V,LA,T0102,2015-Q2,2771157.4
DATAFLOW,OECD.SDD.NAD:DSD_NAMAIN1@DF_QNA_EXPENDITURE_USD(1.1),I,Q,Y,GBR,S1,S1,B1GQ,_Z,_Z,_Z,USD_PPP,V,LA,T0102,2015-Q3,2797522.5
DATAFLOW,OECD.SDD.NAD:DSD_NAMAIN1@DF_QNA_EXPENDITURE_USD(1.1),I,Q,Y,GBR,S1,S1,B1GQ,_Z,_Z,_Z,USD_PPP,V,LA,T0102,2015-Q4,2826415.9
DATAFLOW,OECD.SDD.NAD:DSD_NAMAIN1@DF_QNA_EXPENDITURE_USD(1.1),I,Q,Y,GBR,S1,S1,B1GQ,_Z,_Z,_Z,USD_PPP,V,LA,T0102,2016-Q1,2851297.7
DATAFLOW,OECD.SDD.NAD:DSD_NAMAIN1@DF_QNA_EXPENDITURE_USD(1.1),I,Q,Y,GBR,S1,S1,B1GQ,_Z,_Z,_Z,USD_PPP,V,LA,T0102,2016-Q2,2895819.5
DATAFLOW,OECD.SDD.NAD:DSD_NAMAIN1@DF_QNA_EXPENDITURE_USD(1.1),I,Q,Y,GBR,S1,S1,B1GQ,_Z,_Z,_Z,USD_PPP,V,LA,T0102,2016-Q3,2929283.5
DATAFLOW,OECD.SDD.NAD:DSD_NAMAIN1@DF_QNA_EXPENDITURE_USD(1.1),I,Q,Y,GBR,S1,S1,B1GQ,_Z,_Z,_Z,USD_PPP,V,LA,T0102,2016-Q4,2969172.9
DATAFLOW,OECD.SDD.NAD:DSD_NAMAIN1@DF_QNA_EXPENDITURE_USD(1.1),I,Q,Y,GBR,S1,S1,B1GQ,_Z,_Z,_Z,USD_PPP,V,LA,T0102,2017-Q1,3016906.1
DATAFLOW,OECD.SDD.NAD:DSD_NAMAIN1@DF_QNA_EXPENDITURE_USD(1.1),I,Q,Y,GBR,S1,S1,B1GQ,_Z,_Z,_Z,USD_PPP,V,LA,T0102,2017-Q2,3048980.6
DATAFLOW,OECD.SDD.NAD:DSD_NAMAIN1@DF_QNA_EXPENDITURE_USD(1.1),I,Q,Y,GBR,S1,S1,B1GQ,_Z,_Z,_Z,USD_PPP,V,LA,T0102,2017-Q3,3076915.1
DATAFLOW,OECD.SDD.NAD:DSD_NAMAIN1@DF_QNA_EXPENDITURE_USD(1.1),I,Q,Y,GBR,S1,S1,B1GQ,_Z,_Z,_Z,USD_PPP,V,LA,T0102,2017-Q4,3110944.1
DATAFLOW,OECD.SDD.NAD:DSD_NAMAIN1@DF_QNA_EXPENDITURE_USD(1.1),I,Q,Y,GBR,S1,S1,B1GQ,_Z,_Z,_Z,USD_PPP,V,LA,T0102,2018-Q1,3115992.3
DATAFLOW,OECD.SDD.NAD:DSD_NAMAIN1@DF_QNA_EXPENDITURE_USD(1.1),I,Q,Y,GBR,S1,S1,B1GQ,_Z,_Z,_Z,USD_PPP,V,LA,T0102,2018-Q2,3140743.9
DATAFLOW,OECD.SDD.NAD:DSD_NAMAIN1@DF_QNA_EXPENDITURE_USD(1.1),I,Q,Y,GBR,S1,S1,B1GQ,_Z,_Z,_Z,USD_PPP,V,LA,T0102,2018-Q3,3169269.7
DATAFLOW,OECD.SDD.NAD:DSD_NAMAIN1@DF_QNA_EXPENDITURE_USD(1.1),I,Q,Y,GBR,S1,S1,B1GQ,_Z,_Z,_Z,USD_PPP,V,LA,T0102,2018-Q4,3204590.4
DATAFLOW,OECD.SDD.NAD:DSD_NAMAIN1@DF_QNA_EXPENDITURE_USD(1.1),I,Q,Y,GBR,S1,S1,B1GQ,_Z,_Z,_Z,USD_PPP,V,LA,T0102,2019-Q1,3252815.7
DATAFLOW,OECD.SDD.NAD:DSD_NAMAIN1@DF_QNA_EXPENDITURE_USD(1.1),I,Q,Y,GBR,S1,S1,B1GQ,_Z,_Z,_Z,USD_PPP,V,LA,T0102,2019-Q2,3319213.3
DATAFLOW,OECD.SDD.NAD:DSD_NAMAIN1@DF_QNA_EXPENDITURE_USD(1.1),I,Q,Y,GBR,S1,S1,B1GQ,_Z,_Z,_Z,USD_PPP,V,LA,T0102,2019-Q3,3403891.7
DATAFLOW,OECD.SDD.NAD:DSD_NAMAIN1@DF_QNA_EXPENDITURE_USD(1.1),I,Q,Y,GBR,S1,S1,B1GQ,_Z,_Z,_Z,USD_PPP,V,LA,T0102,2019-Q4,3486608.2
DATAFLOW,OECD.SDD.NAD:DSD_NAMAIN1@DF_QNA_EXPENDITURE_USD(1.1),I,Q,Y,GBR,S1,S1,B1GQ,_Z,_Z,_Z,USD_PPP,V,LA,T0102,2020-Q1,3496465.9
DATAFLOW,OECD.SDD.NAD:DSD_NAMAIN1@DF_QNA_EXPENDITURE_USD(1.1),I,Q,Y,GBR,S1,S1,B1GQ,_Z,_Z,_Z,USD_PPP,V,LA,T0102,2020-Q2,2860999.4
DATAFLOW,OECD.SDD.NAD:DSD_NAMAIN1@DF_QNA_EXPENDITURE_USD(1.1),I,Q,Y,GBR,S1,S1,B1GQ,_Z,_Z,_Z,USD_PPP,V,LA,T0102,2020-Q3,3333905.2
DATAFLOW,OECD.SDD.NAD:DSD_NAMAIN1@DF_QNA_EXPENDITURE_USD(1.1),I,Q,Y,GBR,S1,S1,B1GQ,_Z,_Z,_Z,USD_PPP,V,LA,T0102,2020-Q4,3332262.8
DATAFLOW,OECD.SDD.NAD:DSD_NAMAIN1@DF_QNA_EXPENDITURE_USD(1.1),I,Q,Y,GBR,S1,S1,B1GQ,_Z,_Z,_Z,USD_PPP,V,LA,T0102,2021-Q1,3236447.2
DATAFLOW,OECD.SDD.NAD:DSD_NAMAIN1@DF_QNA_EXPENDITURE_USD(1.1),I,Q,Y,GBR,S1,S1,B1GQ,_Z,_Z,_Z,USD_PPP,V,LA,T0102,2021-Q2,3436024.6
DATAFLOW,OECD.SDD.NAD:DSD_NAMAIN1@DF_QNA_EXPENDITURE_USD(1.1),I,Q,Y,GBR,S1,S1,B1GQ,_Z,_Z,_Z,USD_PPP,V,LA,T0102,2021-Q3,3535442.3
DATAFLOW,OECD.SDD.NAD:DSD_NAMAIN1@DF_QNA_EXPENDITURE_USD(1.1),I,Q,Y,GBR,S1,S1,B1GQ,_Z,_Z,_Z,USD_PPP,V,LA,T0102,2021-Q4,3685171.1
DATAFLOW,OECD.SDD.NAD:DSD_NAMAIN1@DF_QNA_EXPENDITURE_USD(1.1),I,Q,Y,GBR,S1,S1,B1GQ,_Z,_Z,_Z,USD_PPP,V,LA,T0102,2022-Q1,3895450.4
DATAFLOW,OECD.SDD.NAD:DSD_NAMAIN1@DF_QNA_EXPENDITURE_USD(1.1),I,Q,Y,GBR,S1,S1,B1GQ,_Z,_Z,_Z,USD_PPP,V,LA,T0102,2022-Q2,4071088.0
DATAFLOW,OECD.SDD.NAD:DSD_NAMAIN1@DF_QNA_EXPENDITURE_USD(1.1),I,Q,Y,GBR,S1,S1,B1GQ,_Z,_Z,_Z,USD_PPP,V,LA,T0102,2022-Q3,4148734.3
DATAFLOW,OECD.SDD.NAD:DSD_NAMAIN1@DF_QNA_EXPENDITURE_USD(1.1),I,Q,Y,GBR,S1,S1,B1GQ,_Z,_Z,_Z,USD_PPP,V,LA,T0102,2022-Q4,4191224.0
DATAFLOW,OECD.SDD.NAD:DSD_NAMAIN1@DF_QNA_EXPENDITURE_USD(1.1),I,Q,Y,GBR,S1,S1,B1GQ,_Z,_Z,_Z,USD_PPP,V,LA,T0102,2023-Q1,4172129.0
DATAFLOW,OECD.SDD.NAD:DSD_NAMAIN1@DF_QNA_EXPENDITURE_USD(1.1),I,Q,Y,GBR,S1,S1,B1GQ,_Z,_Z,_Z,USD_PPP,V,LA,T0102,2023-Q2,4161867.6
DATAFLOW,OECD.SDD.NAD:DSD_NAMAIN1@DF_QNA_EXPENDITURE_USD(1.1),I,Q,Y,CAN,S1,S1,B1GQ,_Z,_Z,_Z,USD_PPP,V,LA,T0102,2007-Q1,1278573.1
DATAFLOW,OECD.SDD.NAD:DSD_NAMAIN1@DF_QNA_EXPENDITURE_USD(1.1),I,Q,Y,CAN,S1,S1,B1GQ,_Z,_Z,_Z,USD_PPP,V,LA,T0102,2007-Q2,1300025.4
DATAFLOW,OECD.SDD.NAD:DSD_NAMAIN1@DF_QNA_EXPENDITURE_USD(1.1),I,Q,Y,CAN,S1,S1,B1GQ,_Z,_Z,_Z,USD_PPP,V,LA,T0102,2007-Q3,1309572.3
DATAFLOW,OECD.SDD.NAD:DSD_NAMAIN1@DF_QNA_EXPENDITURE_USD(1.1),I,Q,Y,CAN,S1,S1,B1GQ,_Z,_Z,_Z,USD_PPP,V,LA,T0102,2007-Q4,1317785.2
DATAFLOW,OECD.SDD.NAD:DSD_NAMAIN1@DF_QNA_EXPENDITURE_USD(1.1),I,Q,Y,CAN,S1,S1,B1GQ,_Z,_Z,_Z,USD_PPP,V,LA,T0102,2008-Q1,1326486.5
DATAFLOW,OECD.SDD.NAD:DSD_NAMAIN1@DF_QNA_EXPENDITURE_USD(1.1),I,Q,Y,CAN,S1,S1,B1GQ,_Z,_Z,_Z,USD_PPP,V,LA,T0102,2008-Q2,1341563.3
DATAFLOW,OECD.SDD.NAD:DSD_NAMAIN1@DF_QNA_EXPENDITURE_USD(1.1),I,Q,Y,CAN,S1,S1,B1GQ,_Z,_Z,_Z,USD_PPP,V,LA,T0102,2008-Q3,1361499.0
DATAFLOW,OECD.SDD.NAD:DSD_NAMAIN1@DF_QNA_EXPENDITURE_USD(1.1),I,Q,Y,CAN,S1,S1,B1GQ,_Z,_Z,_Z,USD_PPP,V,LA,T0102,2008-Q4,1339835.4
DATAFLOW,OECD.SDD.NAD:DSD_NAMAIN1@DF_QNA_EXPENDITURE_USD(1.1),I,Q,Y,CAN,S1,S1,B1GQ,_Z,_Z,_Z,USD_PPP,V,LA,T0102,2009-Q1,1306519.2
DATAFLOW,OECD.SDD.NAD:DSD_NAMAIN1@DF_QNA_EXPENDITURE_USD(1.1),I,Q,Y,CAN,S1,S1,B1GQ,_Z,_Z,_Z,USD_PPP,V,LA,T0102,2009-Q2,1293416.5
DATAFLOW,OECD.SDD.NAD:DSD_NAMAIN1@DF_QNA_EXPENDITURE_USD(1.1),I,Q,Y,CAN,S1,S1,B1GQ,_Z,_Z,_Z,USD_PPP,V,LA,T0102,2009-Q3,1302823.8
DATAFLOW,OECD.SDD.NAD:DSD_NAMAIN1@DF_QNA_EXPENDITURE_USD(1.1),I,Q,Y,CAN,S1,S1,B1GQ,_Z,_Z,_Z,USD_PPP,V,LA,T0102,2009-Q4,1324868.4
DATAFLOW,OECD.SDD.NAD:DSD_NAMAIN1@DF_QNA_EXPENDITURE_USD(1.1),I,Q,Y,CAN,S1,S1,B1GQ,_Z,_Z,_Z,USD_PPP,V,LA,T0102,2010-Q1,1344247.4
DATAFLOW,OECD.SDD.NAD:DSD_NAMAIN1@DF_QNA_EXPENDITURE_USD(1.1),I,Q,Y,CAN,S1,S1,B1GQ,_Z,_Z,_Z,USD_PPP,V,LA,T0102,2010-Q2,1354853.7
DATAFLOW,OECD.SDD.NAD:DSD_NAMAIN1@DF_QNA_EXPENDITURE_USD(1.1),I,Q,Y,CAN,S1,S1,B1GQ,_Z,_Z,_Z,USD_PPP,V,LA,T0102,2010-Q3,1366198.2
DATAFLOW,OECD.SDD.NAD:DSD_NAMAIN1@DF_QNA_EXPENDITURE_USD(1.1),I,Q,Y,CAN,S1,S1,B1GQ,_Z,_Z,_Z,USD_PPP,V,LA,T0102,2010-Q4,1389636.2
DATAFLOW,OECD.SDD.NAD:DSD_NAMAIN1@DF_QNA_EXPENDITURE_USD(1.1),I,Q,Y,CAN,S1,S1,B1GQ,_Z,_Z,_Z,USD_PPP,V,LA,T0102,2011-Q1,1408932.1
DATAFLOW,OECD.SDD.NAD:DSD_NAMAIN1@DF_QNA_EXPENDITURE_USD(1.1),I,Q,Y,CAN,S1,S1,B1GQ,_Z,_Z,_Z,USD_PPP,V,LA,T0102,2011-Q2,1419659.7
DATAFLOW,OECD.SDD.NAD:DSD_NAMAIN1@DF_QNA_EXPENDITURE_USD(1.1),I,Q,Y,CAN,S1,S1,B1GQ,_Z,_Z,_Z,USD_PPP,V,LA,T0102,2011-Q3,1442311.4
DATAFLOW,OECD.SDD.NAD:DSD_NAMAIN1@DF_QNA_EXPENDITURE_USD(1.1),I,Q,Y,CAN,S1,S1,B1GQ,_Z,_Z,_Z,USD_PPP,V,LA,T0102,2011-Q4,1452082.0
DATAFLOW,OECD.SDD.NAD:DSD_NAMAIN1@DF_QNA_EXPENDITURE_USD(1.1),I,Q,Y,CAN,S1,S1,B1GQ,_Z,_Z,_Z,USD_PPP,V,LA,T0102,2012-Q1,1453155.0
DATAFLOW,OECD.SDD.NAD:DSD_NAMAIN1@DF_QNA_EXPENDITURE_USD(1.1),I,Q,Y,CAN,S1,S1,B1GQ,_Z,_Z,_Z,USD_PPP,V,LA,T0102,2012-Q2,1459723.3
DATAFLOW,OECD.SDD.NAD:DSD_NAMAIN1@DF_QNA_EXPENDITURE_USD(1.1),I,Q,Y,AUS,S1,S1,B1GQ,_Z,_Z,_Z,USD_PPP,V,LA,T0102,2007-Q1,781127.9
DATAFLOW,OECD.SDD.NAD:DSD_NAMAIN1@DF_QNA_EXPENDITURE_USD(1.1),I,Q,Y,AUS,S1,S1,B1GQ,_Z,_Z,_Z,USD_PPP,V,LA,T0102,2007-Q2,790378.2
DATAFLOW,OECD.SDD.NAD:DSD_NAMAIN1@DF_QNA_EXPENDITURE_USD(1.1),I,Q,Y,AUS,S1,S1,B1GQ,_Z,_Z,_Z,USD_PPP,V,LA,T0102,2007-Q3,802205.4
DATAFLOW,OECD.SDD.NAD:DSD_NAMAIN1@DF_QNA_EXPENDITURE_USD(1.1),I,Q,Y,AUS,S1,S1,B1GQ,_Z,_Z,_Z,USD_PPP,V,LA,T0102,2007-Q4,808021.9
DATAFLOW,OECD.SDD.NAD:DSD_NAMAIN1@DF_QNA_EXPENDITURE_USD(1.1),I,Q,Y,AUS,S1,S1,B1GQ,_Z,_Z,_Z,USD_PPP,V,LA,T0102,2008-Q1,819300.9
DATAFLOW,OECD.SDD.NAD:DSD_NAMAIN1@DF_QNA_EXPENDITURE_USD(1.1),I,Q,Y,AUS,S1,S1,B1GQ,_Z,_Z,_Z,USD_PPP,V,LA,T0102,2008-Q2,829387.4
DATAFLOW,OECD.SDD.NAD:DSD_NAMAIN1@DF_QNA_EXPENDITURE_USD(1.1),I,Q,Y,AUS,S1,S1,B1GQ,_Z,_Z,_Z,USD_PPP,V,LA,T0102,2008-Q3,847815.3
DATAFLOW,OECD.SDD.NAD:DSD_NAMAIN1@DF_QNA_EXPENDITURE_USD(1.1),I,Q,Y,AUS,S1,S1,B1GQ,_Z,_Z,_Z,USD_PPP,V,LA,T0102,2008-Q4,853297.1
DATAFLOW,OECD.SDD.NAD:DSD_NAMAIN1@DF_QNA_EXPENDITURE_USD(1.1),I,Q,Y,AUS,S1,S1,B1GQ,_Z,_Z,_Z,USD_PPP,V,LA,T0102,2009-Q1,870235.0
DATAFLOW,OECD.SDD.NAD:DSD_NAMAIN1@DF_QNA_EXPENDITURE_USD(1.1),I,Q,Y,AUS,S1,S1,B1GQ,_Z,_Z,_Z,USD_PPP,V,LA,T0102,2009-Q2,876661.5
DATAFLOW,OECD.SDD.NAD:DSD_NAMAIN1@DF_QNA_EXPENDITURE_USD(1.1),I,Q,Y,DEU,S1,S1,B1GQ,_Z,_Z,_Z,USD_PPP,V,LA,T0102,2007-Q1,2982209.8
DATAFLOW,OECD.SDD.NAD:DSD_NAMAIN1@DF_QNA_EXPENDITURE_USD(1.1),I,Q,Y,DEU,S1,S1,B1GQ,_Z,_Z,_Z,USD_PPP,V,LA,T0102,2007-Q2,3023881.1
DATAFLOW,OECD.SDD.NAD:DSD_NAMAIN1@DF_QNA_EXPENDITURE_USD(1.1),I,Q,Y,DEU,S1,S1,B1GQ,_Z,_Z,_Z,USD_PPP,V,LA,T0102,2007-Q3,3059058.2
DATAFLOW,OECD.SDD.NAD:DSD_NAMAIN1@DF_QNA_EXPENDITURE_USD(1.1),I,Q,Y,DEU,S1,S1,B1GQ,_Z,_Z,_Z,USD_PPP,V,LA,T0102,2007-Q4,3098635.6
DATAFLOW,OECD.SDD.NAD:DSD_NAMAIN1@DF_QNA_EXPENDITURE_USD(1.1),I,Q,Y,DEU,S1,S1,B1GQ,_Z,_Z,_Z,USD_PPP,V,LA,T0102,2008-Q1,3134231.4
DATAFLOW,OECD.SDD.NAD:DSD_NAMAIN1@DF_QNA_EXPENDITURE_USD(1.1),I,Q,Y,DEU,S1,S1,B1GQ,_Z,_Z,_Z,USD_PPP,V,LA,T0102,2008-Q2,3148968.3
DATAFLOW,OECD.SDD.NAD:DSD_NAMAIN1@DF_QNA_EXPENDITURE_USD(1.1),I,Q,Y,DEU,S1,S1,B1GQ,_Z,_Z,_Z,USD_PPP,V,LA,T0102,2008-Q3,3171895.0
DATAFLOW,OECD.SDD.NAD:DSD_NAMAIN1@DF_QNA_EXPENDITURE_USD(1.1),I,Q,Y,DEU,S1,S1,B1GQ,_Z,_Z,_Z,USD_PPP,V,LA,T0102,2008-Q4,3153597.3
DATAFLOW,OECD.SDD.NAD:DSD_NAMAIN1@DF_QNA_EXPENDITURE_USD(1.1),I,Q,Y,DEU,S1,S1,B1GQ,_Z,_Z,_Z,USD_PPP,V,LA,T0102,2009-Q1,3032629.8
DATAFLOW,OECD.SDD.NAD:DSD_NAMAIN1@DF_QNA_EXPENDITURE_USD(1.1),I,Q,Y,DEU,S1,S1,B1GQ,_Z,_Z,_Z,USD_PPP,V,LA,T0102,2009-Q2,3054388.9
DATAFLOW,OECD.SDD.NAD:DSD_NAMAIN1@DF_QNA_EXPENDITURE_USD(1.1),I,Q,Y,DEU,S1,S1,B1GQ,_Z,_Z,_Z,USD_PPP,V,LA,T0102,2009-Q3,3087127.2
DATAFLOW,OECD.SDD.NAD:DSD_NAMAIN1@DF_QNA_EXPENDITURE_USD(1.1),I,Q,Y,DEU,S1,S1,B1GQ,_Z,_Z,_Z,USD_PPP,V,LA,T0102,2009-Q4,3121430.2
DATAFLOW,OECD.SDD.NAD:DSD_NAMAIN1@DF_QNA_EXPENDITURE_USD(1.1),I,Q,Y,DEU,S1,S1,B1GQ,_Z,_Z,_Z,USD_PPP,V,LA,T0102,2010-Q1,3143832.6
DATAFLOW,OECD.SDD.NAD:DSD_NAMAIN1@DF_QNA_EXPENDITURE_USD(1.1),I,Q,Y,DEU,S1,S1,B1GQ,_Z,_Z,_Z,USD_PPP,V,LA,T0102,2010-Q2,3224607.8
DATAFLOW,OECD.SDD.NAD:DSD_NAMAIN1@DF_QNA_EXPENDITURE_USD(1.1),I,Q,Y,DEU,S1,S1,B1GQ,_Z,_Z,_Z,USD_PPP,V,LA,T0102,2010-Q3,3271476.7
DATAFLOW,OECD.SDD.NAD:DSD_NAMAIN1@DF_QNA_EXPENDITURE_USD(1.1),I,Q,Y,DEU,S1,S1,B1GQ,_Z,_Z,_Z,USD_PPP,V,LA,T0102,2010-Q4,3324707.9
DATAFLOW,OECD.SDD.NAD:DSD_NAMAIN1@DF_QNA_EXPENDITURE_USD(1.1),I,Q,Y,DEU,S1,S1,B1GQ,_Z,_Z,_Z,USD_PPP,V,LA,T0102,2011-Q1,3422782.2
DATAFLOW,OECD.SDD.NAD:DSD_NAMAIN1@DF_QNA_EXPENDITURE_USD(1.1),I,Q,Y,DEU,S1,S1,B1GQ,_Z,_Z,_Z,USD_PPP,V,LA,T0102,2011-Q2,3467296.0
DATAFLOW,OECD.SDD.NAD:DSD_NAMAIN1@DF_QNA_EXPENDITURE_USD(1.1),I,Q,Y,DEU,S1,S1,B1GQ,_Z,_Z,_Z,USD_PPP,V,LA,T0102,2011-Q3,3511204.0
DATAFLOW,OECD.SDD.NAD:DSD_NAMAIN1@DF_QNA_EXPENDITURE_USD(1.1),I,Q,Y,DEU,S1,S1,B1GQ,_Z,_Z,_Z,USD_PPP,V,LA,T0102,2011-Q4,3510696.0
DATAFLOW,OECD.SDD.NAD:DSD_NAMAIN1@DF_QNA_EXPENDITURE_USD(1.1),I,Q,Y,DEU,S1,S1,B1GQ,_Z,_Z,_Z,USD_PPP,V,LA,T0102,2012-Q1,3524935.2
DATAFLOW,OECD.SDD.NAD:DSD_NAMAIN1@DF_QNA_EXPENDITURE_USD(1.1),I,Q,Y,DEU,S1,S1,B1GQ,_Z,_Z,_Z,USD_PPP,V,LA,T0102,2012-Q2,3539244.4
DATAFLOW,OECD.SDD.NAD:DSD_NAMAIN1@DF_QNA_EXPENDITURE_USD(1.1),I,Q,Y,DEU,S1,S1,B1GQ,_Z,_Z,_Z,USD_PPP,V,LA,T0102,2012-Q3,3571701.7
DATAFLOW,OECD.SDD.NAD:DSD_NAMAIN1@DF_QNA_EXPENDITURE_USD(1.1),I,Q,Y,DEU,S1,S1,B1GQ,_Z,_Z,_Z,USD_PPP,V,LA,T0102,2012-Q4,3594227.7
DATAFLOW,OECD.SDD.NAD:DSD_NAMAIN1@DF_QNA_EXPENDITURE_USD(1.1),I,Q,Y,DEU,S1,S1,B1GQ,_Z,_Z,_Z,USD_PPP,V,LA,T0102,2013-Q1,3614172.3
DATAFLOW,OECD.SDD.NAD:DSD_NAMAIN1@DF_QNA_EXPENDITURE_USD(1.1),I,Q,Y,DEU,S1,S1,B1GQ,_Z,_Z,_Z,USD_PPP,V,LA,T0102,2013-Q2,3686304.0
DATAFLOW,OECD.SDD.NAD:DSD_NAMAIN1@DF_QNA_EXPENDITURE_USD(1.1),I,Q,Y,DEU,S1,S1,B1GQ,_Z,_Z,_Z,USD_PPP,V,LA,T0102,2013-Q3,3742057.3
DATAFLOW,OECD.SDD.NAD:DSD_NAMAIN1@DF_QNA_EXPENDITURE_USD(1.1),I,Q,Y,DEU,S1,S1,B1GQ,_Z,_Z,_Z,USD_PPP,V,LA,T0102,2013-Q4,3782439.3
DATAFLOW,OECD.SDD.NAD:DSD_NAMAIN1@DF_QNA_EXPENDITURE_USD(1.1),I,Q,Y,DEU,S1,S1,B1GQ,_Z,_Z,_Z,USD_PPP,V,LA,T0102,2014-Q1,3847687.9
DATAFLOW,OECD.SDD.NAD:DSD_NAMAIN1@DF_QNA_EXPENDITURE_USD(1.1),I,Q,Y,JPN,S1,S1,B1GQ,_Z,_Z,_Z,USD_PPP,V,LA,T0102,2007-Q1,4493341.5
DATAFLOW,OECD.SDD.NAD:DSD_NAMAIN1@DF_QNA_EXPENDITURE_USD(1.1),I,Q,Y,JPN,S1,S1,B1GQ,_Z,_Z,_Z,USD_PPP,V,LA,T0102,2007-Q2,4527835.5
DATAFLOW,OECD.SDD.NAD:DSD_NAMAIN1@DF_QNA_EXPENDITURE_USD(1.1),I,Q,Y,JPN,S1,S1,B1GQ,_Z,_Z,_Z,USD_PPP,V,LA,T0102,2007-Q3,4520711.5
DATAFLOW,OECD.SDD.NAD:DSD_NAMAIN1@DF_QNA_EXPENDITURE_USD(1.1),I,Q,Y,JPN,S1,S1,B1GQ,_Z,_Z,_Z,USD_PPP,V,LA,T0102,2007-Q4,4564710.0
DATAFLOW,OECD.SDD.NAD:DSD_NAMAIN1@DF_QNA_EXPENDITURE_USD(1.1),I,Q,Y,JPN,S1,S1,B1GQ,_Z,_Z,_Z,USD_PPP,V,LA,T0102,2008-Q1,4593074.8
DATAFLOW,OECD.SDD.NAD:DSD_NAMAIN1@DF_QNA_EXPENDITURE_USD(1.1),I,Q,Y,JPN,S1,S1,B1GQ,_Z,_Z,_Z,USD_PPP,V,LA,T0102,2008-Q2,4596000.5
DATAFLOW,OECD.SDD.NAD:DSD_NAMAIN1@DF_QNA_EXPENDITURE_USD(1.1),I,Q,Y,JPN,S1,S1,B1GQ,_Z,_Z,_Z,USD_PPP,V,LA,T0102,2008-Q3,4582837.7
DATAFLOW,OECD.SDD.NAD:DSD_NAMAIN1@DF_QNA_EXPENDITURE_USD(1.1),I,Q,Y,JPN,S1,S1,B1GQ,_Z,_Z,_Z,USD_PPP,V,LA,T0102,2008-Q4,4489553.4
DATAFLOW,OECD.SDD.NAD:DSD_NAMAIN1@DF_QNA_EXPENDITURE_USD(1.1),I,Q,Y,JPN,S1,S1,B1GQ,_Z,_Z,_Z,USD_PPP,V,LA,T0102,2009-Q1,4292050.6
DATAFLOW,OECD.SDD.NAD:DSD_NAMAIN1@DF_QNA_EXPENDITURE_USD(1.1),I,Q,Y,JPN,S1,S1,B1GQ,_Z,_Z,_Z,USD_PPP,V,LA,T0102,2009-Q2,4336231.1
DATAFLOW,OECD.SDD.NAD:DSD_NAMAIN1@DF_QNA_EXPENDITURE_USD(1.1),I,Q,Y,JPN,S1,S1,B1GQ,_Z,_Z,_Z,USD_PPP,V,LA,T0102,2009-Q3,4314793.8
DATAFLOW,OECD.SDD.NAD:DSD_NAMAIN1@DF_QNA_EXPENDITURE_USD(1.1),I,Q,Y,JPN,S1,S1,B1GQ,_Z,_Z,_Z,USD_PPP,V,LA,T0102,2009-Q4,4397507.7
DATAFLOW,OECD.SDD.NAD:DSD_NAMAIN1@DF_QNA_EXPENDITURE_USD(1.1),I,Q,Y,JPN,S1,S1,B1GQ,_Z,_Z,_Z,USD_PPP,V,LA,T0102,2010-Q1,4462294.8
DATAFLOW,OECD.SDD.NAD:DSD_NAMAIN1@DF_QNA_EXPENDITURE_USD(1.1),I,Q,Y,JPN,S1,S1,B1GQ,_Z,_Z,_Z,USD_PPP,V,LA,T0102,2010-Q2,4545198.6
DATAFLOW,OECD.SDD.NAD:DSD_NAMAIN1@DF_QNA_EXPENDITURE_USD(1.1),I,Q,Y,JPN,S1,S1,B1GQ,_Z,_Z,_Z,USD_PPP,V,LA,T0102,2010-Q3,4639138.0
DATAFLOW,OECD.SDD.NAD:DSD_NAMAIN1@DF_QNA_EXPENDITURE_USD(1.1),I,Q,Y,JPN,S1,S1,B1GQ,_Z,_Z,_Z,USD_PPP,V,LA,T0102,2010-Q4,4629378.2
DATAFLOW,OECD.SDD.NAD:DSD_NAMAIN1@DF_QNA_EXPENDITURE_USD(1.1),I,Q,Y,JPN,S1,S1,B1GQ,_Z,_Z,_Z,USD_PPP,V,LA,T0102,2011-Q1,4591483.6
DATAFLOW,OECD.SDD.NAD:DSD_NAMAIN1@DF_QNA_EXPENDITURE_USD(1.1),I,Q,Y,JPN,S1,S1,B1GQ,_Z,_Z,_Z,USD_PPP,V,LA,T0102,2011-Q2,4595875.2
DATAFLOW,OECD.SDD.NAD:DSD_NAMAIN1@DF_QNA_EXPENDITURE_USD(1.1),I,Q,Y,JPN,S1,S1,B1GQ,_Z,_Z,_Z,USD_PPP,V,LA,T0102,2011-Q3,4736419.2
DATAFLOW,OECD.SDD.NAD:DSD_NAMAIN1@DF_QNA_EXPENDITURE_USD(1.1),I,Q,Y,JPN,S1,S1,B1GQ,_Z,_Z,_Z,USD_PPP,V,LA,T0102,2011-Q4,4743893.0
DATAFLOW,OECD.SDD.NAD:DSD_NAMAIN1@DF_QNA_EXPENDITURE_USD(1.1),I,Q,Y,JPN,S1,S1,B1GQ,_Z,_Z,_Z,USD_PPP,V,LA,T0102,2012-Q1,4842104.2
DATAFLOW,OECD.SDD.NAD:DSD_NAMAIN1@DF_QNA_EXPENDITURE_USD(1.1),I,Q,Y,JPN,S1,S1,B1GQ,_Z,_Z,_Z,USD_PPP,V,LA,T0102,2012-Q2,4822310.2
DATAFLOW,OECD.SDD.NAD:DSD_NAMAIN1@DF_QNA_EXPENDITURE_USD(1.1),I,Q,Y,JPN,S1,S1,B1GQ,_Z,_Z,_Z,USD_PPP,V,LA,T0102,2012-Q3,4842844.1
DATAFLOW,OECD.SDD.NAD:DSD_NAMAIN1@DF_QNA_EXPENDITURE_USD(1.1),I,Q,Y,JPN,S1,S1,B1GQ,_Z,_Z,_Z,USD_PPP,V,LA,T0102,2012-Q4,4885686.7
DATAFLOW,OECD.SDD.NAD:DSD_NAMAIN1@DF_QNA_EXPENDITURE_USD(1.1),I,Q,Y,JPN,S1,S1,B1GQ,_Z,_Z,_Z,USD_PPP,V,LA,T0102,2013-Q1,4996468.9
DATAFLOW,OECD.SDD.NAD:DSD_NAMAIN1@DF_QNA_EXPENDITURE_USD(1.1),I,Q,Y,JPN,S1,S1,B1GQ,_Z,_Z,_Z,USD_PPP,V,LA,T0102,2013-Q2,5069460.1
DATAFLOW,OECD.SDD.NAD:DSD_NAMAIN1@DF_QNA_EXPENDITURE_USD(1.1),I,Q,Y,JPN,S1,S1,B1GQ,_Z,_Z,_Z,USD_PPP,V,LA,T0102,2013-Q3,5134814.6
DATAFLOW,OECD.SDD.NAD:DSD_NAMAIN1@DF_QNA_EXPENDITURE_USD(1.1),I,Q,Y,JPN,S1,S1,B1GQ,_Z,_Z,_Z,USD_PPP,V,LA,T0102,2013-Q4,5127678.2
DATAFLOW,OECD.SDD.NAD:DSD_NAMAIN1@DF_QNA_EXPENDITURE_USD(1.1),I,Q,Y,JPN,S1,S1,B1GQ,_Z,_Z,_Z,USD_PPP,V,LA,T0102,2014-Q1,5152933.1
DATAFLOW,OECD.SDD.NAD:DSD_NAMAIN1@DF_QNA_EXPENDITURE_USD(1.1),I,Q,Y,JPN,S1,S1,B1GQ,_Z,_Z,_Z,USD_PPP,V,LA,T0102,2014-Q2,5081586.5
DATAFLOW,OECD.SDD.NAD:DSD_NAMAIN1@DF_QNA_EXPENDITURE_USD(1.1),I,Q,Y,JPN,S1,S1,B1GQ,_Z,_Z,_Z,USD_PPP,V,LA,T0102,2014-Q3,5107171.3
DATAFLOW,OECD.SDD.NAD:DSD_NAMAIN1@DF_QNA_EXPENDITURE_USD(1.1),I,Q,Y,JPN,S1,S1,B1GQ,_Z,_Z,_Z,USD_PPP,V,LA,T0102,2014-Q4,5157072.2
DATAFLOW,OECD.SDD.NAD:DSD_NAMAIN1@DF_QNA_EXPENDITURE_USD(1.1),I,Q,Y,JPN,S1,S1,B1GQ,_Z,_Z,_Z,USD_PPP,V,LA,T0102,2015-Q1,5272183.4
DATAFLOW,OECD.SDD.NAD:DSD_NAMAIN1@DF_QNA_EXPENDITURE_USD(1.1),I,Q,Y,JPN,S1,S1,B1GQ,_Z,_Z,_Z,USD_PPP,V,LA,T0102,2015-Q2,5319859.1
DATAFLOW,OECD.SDD.NAD:DSD_NAMAIN1@DF_QNA_EXPENDITURE_USD(1.1),I,Q,Y,JPN,S1,S1,B1GQ,_Z,_Z,_Z,USD_PPP,V,LA,T0102,2015-Q3,5334345.4
DATAFLOW,OECD.SDD.NAD:DSD_NAMAIN1@DF_QNA_EXPENDITURE_USD(1.1),I,Q,Y,JPN,S1,S1,B1GQ,_Z,_Z,_Z,USD_PPP,V,LA,T0102,2015-Q4,5294389.5
DATAFLOW,OECD.SDD.NAD:DSD_NAMAIN1@DF_QNA_EXPENDITURE_USD(1.1),I,Q,Y,JPN,S1,S1,B1GQ,_Z,_Z,_Z,USD_PPP,V,LA,T0102,2016-Q1,5284219.2
DATAFLOW,OECD.SDD.NAD:DSD_NAMAIN1@DF_QNA_EXPENDITURE_USD(1.1),I,Q,Y,JPN,S1,S1,B1GQ,_Z,_Z,_Z,USD_PPP,V,LA,T0102,2016-Q2,5261479.5
DATAFLOW,OECD.SDD.NAD:DSD_NAMAIN1@DF_QNA_EXPENDITURE_USD(1.1),I,Q,Y,JPN,S1,S1,B1GQ,_Z,_Z,_Z,USD_PPP,V,LA,T0102,2016-Q3,5257450.5
DATAFLOW,OECD.SDD.NAD:DSD_NAMAIN1@DF_QNA_EXPENDITURE_USD(1.1),I,Q,Y,ITA,S1,S1,B1GQ,_Z,_Z,_Z,USD_PPP,V,LA,T0102,2007-Q1,1970624.5
DATAFLOW,OECD.SDD.NAD:DSD_NAMAIN1@DF_QNA_EXPENDITURE_USD(1.1),I,Q,Y,ITA,S1,S1,B1GQ,_Z,_Z,_Z,USD_PPP,V,LA,T0102,2007-Q2,1994512.9
DATAFLOW,OECD.SDD.NAD:DSD_NAMAIN1@DF_QNA_EXPENDITURE_USD(1.1),I,Q,Y,ITA,S1,S1,B1GQ,_Z,_Z,_Z,USD_PPP,V,LA,T0102,2007-Q3,2016825.0
DATAFLOW,OECD.SDD.NAD:DSD_NAMAIN1@DF_QNA_EXPENDITURE_USD(1.1),I,Q,Y,ITA,S1,S1,B1GQ,_Z,_Z,_Z,USD_PPP,V,LA,T0102,2007-Q4,2038571.9
DATAFLOW,OECD.SDD.NAD:DSD_NAMAIN1@DF_QNA_EXPENDITURE_USD(1.1),I,Q,Y,ITA,S1,S1,B1GQ,_Z,_Z,_Z,USD_PPP,V,LA,T0102,2008-Q1,2091161.0
DATAFLOW,OECD.SDD.NAD:DSD_NAMAIN1@DF_QNA_EXPENDITURE_USD(1.1),I,Q,Y,ITA,S1,S1,B1GQ,_Z,_Z,_Z,USD_PPP,V,LA,T0102,2008-Q2,2105029.3
DATAFLOW,OECD.SDD.NAD:DSD_NAMAIN1@DF_QNA_EXPENDITURE_USD(1.1),I,Q,Y,ITA,S1,S1,B1GQ,_Z,_Z,_Z,USD_PPP,V,LA,T0102,2008-Q3,2109955.1
DATAFLOW,OECD.SDD.NAD:DSD_NAMAIN1@DF_QNA_EXPENDITURE_USD(1.1),I,Q,Y,ITA,S1,S1,B1GQ,_Z,_Z,_Z,USD_PPP,V,LA,T0102,2008-Q4,2084634.6
DATAFLOW,OECD.SDD.NAD:DSD_NAMAIN1@DF_QNA_EXPENDITURE_USD(1.1),I,Q,Y,ITA,S1,S1,B1GQ,_Z,_Z,_Z,USD_PPP,V,LA,T0102,2009-Q1,2050451.0
DATAFLOW,OECD.SDD.NAD:DSD_NAMAIN1@DF_QNA_EXPENDITURE_USD(1.1),I,Q,Y,ITA,S1,S1,B1GQ,_Z,_Z,_Z,USD_PPP,V,LA,T0102,2009-Q2,2046393.8
DATAFLOW,OECD.SDD.NAD:DSD_NAMAIN1@DF_QNA_EXPENDITURE_USD(1.1),I,Q,Y,ITA,S1,S1,B1GQ,_Z,_Z,_Z,USD_PPP,V,LA,T0102,2009-Q3,2057873.4
DATAFLOW,OECD.SDD.NAD:DSD_NAMAIN1@DF_QNA_EXPENDITURE_USD(1.1),I,Q,Y,ITA,S1,S1,B1GQ,_Z,_Z,_Z,USD_PPP,V,LA,T0102,2009-Q4,2063824.9
DATAFLOW,OECD.SDD.NAD:DSD_NAMAIN1@DF_QNA_EXPENDITURE_USD(1.1),I,Q,Y,ITA,S1,S1,B1GQ,_Z,_Z,_Z,USD_PPP,V,LA,T0102,2010-Q1,2063346.9
DATAFLOW,OECD.SDD.NAD:DSD_NAMAIN1@DF_QNA_EXPENDITURE_USD(1.1),I,Q,Y,ITA,S1,S1,B1GQ,_Z,_Z,_Z,USD_PPP,V,LA,T0102,2010-Q2,2080154.8
DATAFLOW,OECD.SDD.NAD:DSD_NAMAIN1@DF_QNA_EXPENDITURE_USD(1.1),I,Q,Y,ITA,S1,S1,B1GQ,_Z,_Z,_Z,USD_PPP,V,LA,T0102,2010-Q3,2091799.1
DATAFLOW,OECD.SDD.NAD:DSD_NAMAIN1@DF_QNA_EXPENDITURE_USD(1.1),I,Q,Y,ITA,S1,S1,B1GQ,_Z,_Z,_Z,USD_PPP,V,LA,T0102,2010-Q4,2129039.0
DATAFLOW,OECD.SDD.NAD:DSD_NAMAIN1@DF_QNA_EXPENDITURE_USD(1.1),I,Q,Y,ITA,S1,S1,B1GQ,_Z,_Z,_Z,USD_PPP,V,LA,T0102,2011-Q1,2166903.8
DATAFLOW,OECD.SDD.NAD:DSD_NAMAIN1@DF_QNA_EXPENDITURE_USD(1.1),I,Q,Y,ITA,S1,S1,B1GQ,_Z,_Z,_Z,USD_PPP,V,LA,T0102,2011-Q2,2188475.1
DATAFLOW,OECD.SDD.NAD:DSD_NAMAIN1@DF_QNA_EXPENDITURE_USD(1.1),I,Q,Y,ITA,S1,S1,B1GQ,_Z,_Z,_Z,USD_PPP,V,LA,T0102,2011-Q3,2201786.8
DATAFLOW,OECD.SDD.NAD:DSD_NAMAIN1@DF_QNA_EXPENDITURE_USD(1.1),I,Q,Y,ITA,S1,S1,B1GQ,_Z,_Z,_Z,USD_PPP,V,LA,T0102,2011-Q4,2190466.0
DATAFLOW,OECD.SDD.NAD:DSD_NAMAIN1@DF_QNA_EXPENDITURE_USD(1.1),I,Q,Y,ITA,S1,S1,B1GQ,_Z,_Z,_Z,USD_PPP,V,LA,T0102,2012-Q1,2185523.6
DATAFLOW,OECD.SDD.NAD:DSD_NAMAIN1@DF_QNA_EXPENDITURE_USD(1.1),I,Q,Y,ITA,S1,S1,B1GQ,_Z,_Z,_Z,USD_PPP,V,LA,T0102,2012-Q2,2181992.1
DATAFLOW,OECD.SDD.NAD:DSD_NAMAIN1@DF_QNA_EXPENDITURE_USD(1.1),I,Q,Y,ITA,S1,S1,B1GQ,_Z,_Z,_Z,USD_PPP,V,LA,T0102,2012-Q3,2185712.6
DATAFLOW,OECD.SDD.NAD:DSD_NAMAIN1@DF_QNA_EXPENDITURE_USD(1.1),I,Q,Y,ITA,S1,S1,B1GQ,_Z,_Z,_Z,USD_PPP,V,LA,T0102,2012-Q4,2186697.6
DATAFLOW,OECD.SDD.NAD:DSD_NAMAIN1@DF_QNA_EXPENDITURE_USD(1.1),I,Q,Y,ITA,S1,S1,B1GQ,_Z,_Z,_Z,USD_PPP,V,LA,T0102,2013-Q1,2184768.5
DATAFLOW,OECD.SDD.NAD:DSD_NAMAIN1@DF_QNA_EXPENDITURE_USD(1.1),I,Q,Y,ITA,S1,S1,B1GQ,_Z,_Z,_Z,USD_PPP,V,LA,T0102,2013-Q2,2192038.5
DATAFLOW,OECD.SDD.NAD:DSD_NAMAIN1@DF_QNA_EXPENDITURE_USD(1.1),I,Q,Y,ITA,S1,S1,B1GQ,_Z,_Z,_Z,USD_PPP,V,LA,T0102,2013-Q3,2209587.3
DATAFLOW,OECD.SDD.NAD:DSD_NAMAIN1@DF_QNA_EXPENDITURE_USD(1.1),I,Q,Y,ITA,S1,S1,B1GQ,_Z,_Z,_Z,USD_PPP,V,LA,T0102,2013-Q4,2213234.7
DATAFLOW,OECD.SDD.NAD:DSD_NAMAIN1@DF_QNA_EXPENDITURE_USD(1.1),I,Q,Y,ITA,S1,S1,B1GQ,_Z,_Z,_Z,USD_PPP,V,LA,T0102,2014-Q1,2213640.4
DATAFLOW,OECD.SDD.NAD:DSD_NAMAIN1@DF_QNA_EXPENDITURE_USD(1.1),I,Q,Y,ITA,S1,S1,B1GQ,_Z,_Z,_Z,USD_PPP,V,LA,T0102,2014-Q2,2217866.1
DATAFLOW,OECD.SDD.NAD:DSD_NAMAIN1@DF_QNA_EXPENDITURE_USD(1.1),I,Q,Y,KOR,S1,S1,B1GQ,_Z,_Z,_Z,USD_PPP,V,LA,T0102,2007-Q1,1425844.8
DATAFLOW,OECD.SDD.NAD:DSD_NAMAIN1@DF_QNA_EXPENDITURE_USD(1.1),I,Q,Y,KOR,S1,S1,B1GQ,_Z,_Z,_Z,USD_PPP,V,LA,T0102,2007-Q2,1460394.3
DATAFLOW,OECD.SDD.NAD:DSD_NAMAIN1@DF_QNA_EXPENDITURE_USD(1.1),I,Q,Y,KOR,S1,S1,B1GQ,_Z,_Z,_Z,USD_PPP,V,LA,T0102,2007-Q3,1485145.4
DATAFLOW,OECD.SDD.NAD:DSD_NAMAIN1@DF_QNA_EXPENDITURE_USD(1.1),I,Q,Y,KOR,S1,S1,B1GQ,_Z,_Z,_Z,USD_PPP,V,LA,T0102,2007-Q4,1520041.9
DATAFLOW,OECD.SDD.NAD:DSD_NAMAIN1@DF_QNA_EXPENDITURE_USD(1.1),I,Q,Y,KOR,S1,S1,B1GQ,_Z,_Z,_Z,USD_PPP,V,LA,T0102,2008-Q1,1533048.4
DATAFLOW,OECD.SDD.NAD:DSD_NAMAIN1@DF_QNA_EXPENDITURE_USD(1.1),I,Q,Y,KOR,S1,S1,B1GQ,_Z,_Z,_Z,USD_PPP,V,LA,T0102,2008-Q2,1542709.1
DATAFLOW,OECD.SDD.NAD:DSD_NAMAIN1@DF_QNA_EXPENDITURE_USD(1.1),I,Q,Y,KOR,S1,S1,B1GQ,_Z,_Z,_Z,USD_PPP,V,LA,T0102,2008-Q3,1554393.9
DATAFLOW,OECD.SDD.NAD:DSD_NAMAIN1@DF_QNA_EXPENDITURE_USD(1.1),I,Q,Y,KOR,S1,S1,B1GQ,_Z,_Z,_Z,USD_PPP,V,LA,T0102,2008-Q4,1494835.4
DATAFLOW,OECD.SDD.NAD:DSD_NAMAIN1@DF_QNA_EXPENDITURE_USD(1.1),I,Q,Y,KOR,S1,S1,B1GQ,_Z,_Z,_Z,USD_PPP,V,LA,T0102,2009-Q1,1482522.0
DATAFLOW,OECD.SDD.NAD:DSD_NAMAIN1@DF_QNA_EXPENDITURE_USD(1.1),I,Q,Y,KOR,S1,S1,B1GQ,_Z,_Z,_Z,USD_PPP,V,LA,T0102,2009-Q2,1493180.4
DATAFLOW,OECD.SDD.NAD:DSD_NAMAIN1@DF_QNA_EXPENDITURE_USD(1.1),I,Q,Y,KOR,S1,S1,B1GQ,_Z,_Z,_Z,USD_PPP,V,LA,T0102,2009-Q3,1535270.1
DATAFLOW,OECD.SDD.NAD:DSD_NAMAIN1@DF_QNA_EXPENDITURE_USD(1.1),I,Q,Y,KOR,S1,S1,B1GQ,_Z,_Z,_Z,USD_PPP,V,LA,T0102,2009-Q4,1551188.1
DATAFLOW,OECD.SDD.NAD:DSD_NAMAIN1@DF_QNA_EXPENDITURE_USD(1.1),I,Q,Y,KOR,S1,S1,B1GQ,_Z,_Z,_Z,USD_PPP,V,LA,T0102,2010-Q1,1600643.9
DATAFLOW,OECD.SDD.NAD:DSD_NAMAIN1@DF_QNA_EXPENDITURE_USD(1.1),I,Q,Y,KOR,S1,S1,B1GQ,_Z,_Z,_Z,USD_PPP,V,LA,T0102,2010-Q2,1636552.1
DATAFLOW,OECD.SDD.NAD:DSD_NAMAIN1@DF_QNA_EXPENDITURE_USD(1.1),I,Q,Y,KOR,S1,S1,B1GQ,_Z,_Z,_Z,USD_PPP,V,LA,T0102,2010-Q3,1652718.6
DATAFLOW,OECD.SDD.NAD:DSD_NAMAIN1@DF_QNA_EXPENDITURE_USD(1.1),I,Q,Y,KOR,S1,S1,B1GQ,_Z,_Z,_Z,USD_PPP,V,LA,T0102,2010-Q4,1674663.7
DATAFLOW,OECD.SDD.NAD:DSD_NAMAIN1@DF_QNA_EXPENDITURE_USD(1.1),I,Q,Y,KOR,S1,S1,B1GQ,_Z,_Z,_Z,USD_PPP,V,LA,T0102,2011-Q1,1680428.8
DATAFLOW,OECD.SDD.NAD:DSD_NAMAIN1@DF_QNA_EXPENDITURE_USD(1.1),I,Q,Y,KOR,S1,S1,B1GQ,_Z,_Z,_Z,USD_PPP,V,LA,T0102,2011-Q2,1686429.4
DATAFLOW,OECD.SDD.NAD:DSD_NAMAIN1@DF_QNA_EXPENDITURE_USD(1.1),I,Q,Y,KOR,S1,S1,B1GQ,_Z,_Z,_Z,USD_PPP,V,LA,T0102,2011-Q3,1698673.1
DATAFLOW,OECD.SDD.NAD:DSD_NAMAIN1@DF_QNA_EXPENDITURE_USD(1.1),I,Q,Y,KOR,S1,S1,B1GQ,_Z,_Z,_Z,USD_PPP,V,LA,T0102,2011-Q4,1714285.5
DATAFLOW,OECD.SDD.NAD:DSD_NAMAIN1@DF_QNA_EXPENDITURE_USD(1.1),I,Q,Y,KOR,S1,S1,B1GQ,_Z,_Z,_Z,USD_PPP,V,LA,T0102,2012-Q1,1742102.6
DATAFLOW,OECD.SDD.NAD:DSD_NAMAIN1@DF_QNA_EXPENDITURE_USD(1.1),I,Q,Y,KOR,S1,S1,B1GQ,_Z,_Z,_Z,USD_PPP,V,LA,T0102,2012-Q2,1754245.8
DATAFLOW,OECD.SDD.NAD:DSD_NAMAIN1@DF_QNA_EXPENDITURE_USD(1.1),I,Q,Y,KOR,S1,S1,B1GQ,_Z,_Z,_Z,USD_PPP,V,LA,T0102,2012-Q3,1765607.7
DATAFLOW,OECD.SDD.NAD:DSD_NAMAIN1@DF_QNA_EXPENDITURE_USD(1.1),I,Q,Y,KOR,S1,S1,B1GQ,_Z,_Z,_Z,USD_PPP,V,LA,T0102,2012-Q4,1778445.8
DATAFLOW,OECD.SDD.NAD:DSD_NAMAIN1@DF_QNA_EXPENDITURE_USD(1.1),I,Q,Y,KOR,S1,S1,B1GQ,_Z,_Z,_Z,USD_PPP,V,LA,T0102,2013-Q1,1786934.7
DATAFLOW,OECD.SDD.NAD:DSD_NAMAIN1@DF_QNA_EXPENDITURE_USD(1.1),I,Q,Y,KOR,S1,S1,B1GQ,_Z,_Z,_Z,USD_PPP,V,LA,T0102,2013-Q2,1799176.9
DATAFLOW,OECD.SDD.NAD:DSD_NAMAIN1@DF_QNA_EXPENDITURE_USD(1.1),I,Q,Y,KOR,S1,S1,B1GQ,_Z,_Z,_Z,USD_PPP,V,LA,T0102,2013-Q3,1814768.7
DATAFLOW,OECD.SDD.NAD:DSD_NAMAIN1@DF_QNA_EXPENDITURE_USD(1.1),I,Q,Y,KOR,S1,S1,B1GQ,_Z,_Z,_Z,USD_PPP,V,LA,T0102,2013-Q4,1829163.0
DATAFLOW,OECD.SDD.NAD:DSD_NAMAIN1@DF_QNA_EXPENDITURE_USD(1.1),I,Q,Y,KOR,S1,S1,B1GQ,_Z,_Z,_Z,USD_PPP,V,LA,T0102,2014-Q1,1842974.5
DATAFLOW,OECD.SDD.NAD:DSD_NAMAIN1@DF_QNA_EXPENDITURE_USD(1.1),I,Q,Y,KOR,S1,S1,B1GQ,_Z,_Z,_Z,USD_PPP,V,LA,T0102,2014-Q2,1867591.4
DATAFLOW,OECD.SDD.NAD:DSD_NAMAIN1@DF_QNA_EXPENDITURE_USD(1.1),I,Q,Y,KOR,S1,S1,B1GQ,_Z,_Z,_Z,USD_PPP,V,LA,T0102,2014-Q3,1887776.4
DATAFLOW,OECD.SDD.NAD:DSD_NAMAIN1@DF_QNA_EXPENDITURE_USD(1.1),I,Q,Y,KOR,S1,S1,B1GQ,_Z,_Z,_Z,USD_PPP,V,LA,T0102,2014-Q4,1919375.0
DATAFLOW,OECD.SDD.NAD:DSD_NAMAIN1@DF_QNA_EXPENDITURE_USD(1.1),I,Q,Y,KOR,S1,S1,B1GQ,_Z,_Z,_Z,USD_PPP,V,LA,T0102,2015-Q1,1969573.1
DATAFLOW,OECD.SDD.NAD:DSD_NAMAIN1@DF_QNA_EXPENDITURE_USD(1.1),I,Q,Y,KOR,S1,S1,B1GQ,_Z,_Z,_Z,USD_PPP,V,LA,T0102,2015-Q2,2009854.0
DATAFLOW,OECD.SDD.NAD:DSD_NAMAIN1@DF_QNA_EXPENDITURE_USD(1.1),I,Q,Y,KOR,S1,S1,B1GQ,_Z,_Z,_Z,USD_PPP,V,LA,T0102,2015-Q3,2059002.8
DATAFLOW,OECD.SDD.NAD:DSD_NAMAIN1@DF_QNA_EXPENDITURE_USD(1.1),I,Q,Y,KOR,S1,S1,B1GQ,_Z,_Z,_Z,USD_PPP,V,LA,T0102,2015-Q4,2083843.2
DATAFLOW,OECD.SDD.NAD:DSD_NAMAIN1@DF_QNA_EXPENDITURE_USD(1.1),I,Q,Y,KOR,S1,S1,B1GQ,_Z,_Z,_Z,USD_PPP,V,LA,T0102,2016-Q1,2098803.0
DATAFLOW,OECD.SDD.NAD:DSD_NAMAIN1@DF_QNA_EXPENDITURE_USD(1.1),I,Q,Y,KOR,S1,S1,B1GQ,_Z,_Z,_Z,USD_PPP,V,LA,T0102,2016-Q2,2136662.6
DATAFLOW,OECD.SDD.NAD:DSD_NAMAIN1@DF_QNA_EXPENDITURE_USD(1.1),I,Q,Y,KOR,S1,S1,B1GQ,_Z,_Z,_Z,USD_PPP,V,LA,T0102,2016-Q3,2142325.7
DATAFLOW,OECD.SDD.NAD:DSD_NAMAIN1@DF_QNA_EXPENDITURE_USD(1.1),I,Q,Y,KOR,S1,S1,B1GQ,_Z,_Z,_Z,USD_PPP,V,LA,T0102,2016-Q4,2159756.0
DATAFLOW,OECD.SDD.NAD:DSD_NAMAIN1@DF_QNA_EXPENDITURE_USD(1.1),I,Q,Y,KOR,S1,S1,B1GQ,_Z,_Z,_Z,USD_PPP,V,LA,T0102,2017-Q1,2182189.4
DATAFLOW,OECD.SDD.NAD:DSD_NAMAIN1@DF_QNA_EXPENDITURE_USD(1.1),I,Q,Y,KOR,S1,S1,B1GQ,_Z,_Z,_Z,USD_PPP,V,LA,T0102,2017-Q2,2195395.5
DATAFLOW,OECD.SDD.NAD:DSD_NAMAIN1@DF_QNA_EXPENDITURE_USD(1.1),I,Q,Y,KOR,S1,S1,B1GQ,_Z,_Z,_Z,USD_PPP,V,LA,T0102,2017-Q3,2239664.1
DATAFLOW,OECD.SDD.NAD:DSD_NAMAIN1@DF_QNA_EXPENDITURE_USD(1.1),I,Q,Y,KOR,S1,S1,B1GQ,_Z,_Z,_Z,USD_PPP,V,LA,T0102,2017-Q4,2248872.4
DATAFLOW,OECD.SDD.NAD:DSD_NAMAIN1@DF_QNA_EXPENDITURE_USD(1.1),I,Q,Y,KOR,S1,S1,B1GQ,_Z,_Z,_Z,USD_PPP,V,LA,T0102,2018-Q1,2306928.7
DATAFLOW,OECD.SDD.NAD:DSD_NAMAIN1@DF_QNA_EXPENDITURE_USD(1.1),I,Q,Y,KOR,S1,S1,B1GQ,_Z,_Z,_Z,USD_PPP,V,LA,T0102,2018-Q2,2344424.9
DATAFLOW,OECD.SDD.NAD:DSD_NAMAIN1@DF_QNA_EXPENDITURE_USD(1.1),I,Q,Y,KOR,S1,S1,B1GQ,_Z,_Z,_Z,USD_PPP,V,LA,T0102,2018-Q3,2365306.2
DATAFLOW,OECD.SDD.NAD:DSD_NAMAIN1@DF_QNA_EXPENDITURE_USD(1.1),I,Q,Y,KOR,S1,S1,B1GQ,_Z,_Z,_Z,USD_PPP,V,LA,T0102,2018-Q4,2374384.6
DATAFLOW,OECD.SDD.NAD:DSD_NAMAIN1@DF_QNA_EXPENDITURE_USD(1.1),I,Q,Y,KOR,S1,S1,B1GQ,_Z,_Z,_Z,USD_PPP,V,LA,T0102,2019-Q1,2362118.0
DATAFLOW,OECD.SDD.NAD:DSD_NAMAIN1@DF_QNA_EXPENDITURE_USD(1.1),I,Q,Y,KOR,S1,S1,B1GQ,_Z,_Z,_Z,USD_PPP,V,LA,T0102,2019-Q2,2396713.5
DATAFLOW,OECD.SDD.NAD:DSD_NAMAIN1@DF_QNA_EXPENDITURE_USD(1.1),I,Q,Y,KOR,S1,S1,B1GQ,_Z,_Z,_Z,USD_PPP,V,LA,T0102,2019-Q3,2412766.3
DATAFLOW,OECD.SDD.NAD:DSD_NAMAIN1@DF_QNA_EXPENDITURE_USD(1.1),I,Q,Y,KOR,S1,S1,B1GQ,_Z,_Z,_Z,USD_PPP,V,LA,T0102,2019-Q4,2459805.8
DATAFLOW,OECD.SDD.NAD:DSD_NAMAIN1@DF_QNA_EXPENDITURE_USD(1.1),I,Q,Y,KOR,S1,S1,B1GQ,_Z,_Z,_Z,USD_PPP,V,LA,T0102,2020-Q1,2467583.0
DATAFLOW,OECD.SDD.NAD:DSD_NAMAIN1@DF_QNA_EXPENDITURE_USD(1.1),I,Q,Y,KOR,S1,S1,B1GQ,_Z,_Z,_Z,USD_PPP,V,LA,T0102,2020-Q2,2415908.2
DATAFLOW,OECD.SDD.NAD:DSD_NAMAIN1@DF_QNA_EXPENDITURE_USD(1.1),I,Q,Y,KOR,S1,S1,B1GQ,_Z,_Z,_Z,USD_PPP,V,LA,T0102,2020-Q3,2498495.4
DATAFLOW,OECD.SDD.NAD:DSD_NAMAIN1@DF_QNA_EXPENDITURE_USD(1.1),I,Q,Y,KOR,S1,S1,B1GQ,_Z,_Z,_Z,USD_PPP,V,LA,T0102,2020-Q4,2546580.8
DATAFLOW,OECD.SDD.NAD:DSD_NAMAIN1@DF_QNA_EXPENDITURE_USD(1.1),I,Q,Y,KOR,S1,S1,B1GQ,_Z,_Z,_Z,USD_PPP,V,LA,T0102,2021-Q1,2599987.4
DATAFLOW,OECD.SDD.NAD:DSD_NAMAIN1@DF_QNA_EXPENDITURE_USD(1.1),I,Q,Y,KOR,S1,S1,B1GQ,_Z,_Z,_Z,USD_PPP,V,LA,T0102,2021-Q2,2660248.2
DATAFLOW,OECD.SDD.NAD:DSD_NAMAIN1@DF_QNA_EXPENDITURE_USD(1.1),I,Q,Y,KOR,S1,S1,B1GQ,_Z,_Z,_Z,USD_PPP,V,LA,T0102,2021-Q3,2690002.1
DATAFLOW,OECD.SDD.NAD:DSD_NAMAIN1@DF_QNA_EXPENDITURE_USD(1.1),I,Q,Y,KOR,S1,S1,B1GQ,_Z,_Z,_Z,USD_PPP,V,LA,T0102,2021-Q4,2759307.4
DATAFLOW,OECD.SDD.NAD:DSD_NAMAIN1@DF_QNA_EXPENDITURE_USD(1.1),I,Q,Y,KOR,S1,S1,B1GQ,_Z,_Z,_Z,USD_PPP,V,LA,T0102,2022-Q1,2808361.1
DATAFLOW,OECD.SDD.NAD:DSD_NAMAIN1@DF_QNA_EXPENDITURE_USD(1.1),I,Q,Y,KOR,S1,S1,B1GQ,_Z,_Z,_Z,USD_PPP,V,LA,T0102,2022-Q2,2874086.5
DATAFLOW,OECD.SDD.NAD:DSD_NAMAIN1@DF_QNA_EXPENDITURE_USD(1.1),I,Q,Y,KOR,S1,S1,B1GQ,_Z,_Z,_Z,USD_PPP,V,LA,T0102,2022-Q3,2896771.4
DATAFLOW,OECD.SDD.NAD:DSD_NAMAIN1@DF_QNA_EXPENDITURE_USD(1.1),I,Q,Y,KOR,S1,S1,B1GQ,_Z,_Z,_Z,USD_PPP,V,LA,T0102,2022-Q4,2895260.2
DATAFLOW,OECD.SDD.NAD:DSD_NAMAIN1@DF_QNA_EXPENDITURE_USD(1.1),I,Q,Y,KOR,S1,S1,B1GQ,_Z,_Z,_Z,USD_PPP,V,LA,T0102,2023-Q1,2914643.9
DATAFLOW,OECD.SDD.NAD:DSD_NAMAIN1@DF_QNA_EXPENDITURE_USD(1.1),I,Q,Y,KOR,S1,S1,B1GQ,_Z,_Z,_Z,USD_PPP,V,LA,T0102,2023-Q2,2942195.8
DATAFLOW,OECD.SDD.NAD:DSD_NAMAIN1@DF_QNA_EXPENDITURE_USD(1.1),I,Q,Y,KOR,S1,S1,B1GQ,_Z,_Z,_Z,USD_PPP,V,LA,T0102,2023-Q3,2989435.9
DATAFLOW,OECD.SDD.NAD:DSD_NAMAIN1@DF_QNA_EXPENDITURE_USD(1.1),I,Q,Y,KOR,S1,S1,B1GQ,_Z,_Z,_Z,USD_PPP,V,LA,T0102,2023-Q4,3032765.3
DATAFLOW,OECD.SDD.NAD:DSD_NAMAIN1@DF_QNA_EXPENDITURE_USD(1.1),I,Q,Y,ITA,S1,S1,B1GQ,_Z,_Z,_Z,USD_PPP,V,LA,T0102,2014-Q3,2218242.6
DATAFLOW,OECD.SDD.NAD:DSD_NAMAIN1@DF_QNA_EXPENDITURE_USD(1.1),I,Q,Y,ITA,S1,S1,B1GQ,_Z,_Z,_Z,USD_PPP,V,LA,T0102,2014-Q4,2207911.3
DATAFLOW,OECD.SDD.NAD:DSD_NAMAIN1@DF_QNA_EXPENDITURE_USD(1.1),I,Q,Y,ITA,S1,S1,B1GQ,_Z,_Z,_Z,USD_PPP,V,LA,T0102,2015-Q1,2206714.4
DATAFLOW,OECD.SDD.NAD:DSD_NAMAIN1@DF_QNA_EXPENDITURE_USD(1.1),I,Q,Y,ITA,S1,S1,B1GQ,_Z,_Z,_Z,USD_PPP,V,LA,T0102,2015-Q2,2234111.4
DATAFLOW,OECD.SDD.NAD:DSD_NAMAIN1@DF_QNA_EXPENDITURE_USD(1.1),I,Q,Y,ITA,S1,S1,B1GQ,_Z,_Z,_Z,USD_PPP,V,LA,T0102,2015-Q3,2260337.0
DATAFLOW,OECD.SDD.NAD:DSD_NAMAIN1@DF_QNA_EXPENDITURE_USD(1.1),I,Q,Y,ITA,S1,S1,B1GQ,_Z,_Z,_Z,USD_PPP,V,LA,T0102,2015-Q4,2305612.2
DATAFLOW,OECD.SDD.NAD:DSD_NAMAIN1@DF_QNA_EXPENDITURE_USD(1.1),I,Q,Y,ITA,S1,S1,B1GQ,_Z,_Z,_Z,USD_PPP,V,LA,T0102,2016-Q1,2358646.4
DATAFLOW,OECD.SDD.NAD:DSD_NAMAIN1@DF_QNA_EXPENDITURE_USD(1.1),I,Q,Y,ITA,S1,S1,B1GQ,_Z,_Z,_Z,USD_PPP,V,LA,T0102,2016-Q2,2421717.5
DATAFLOW,OECD.SDD.NAD:DSD_NAMAIN1@DF_QNA_EXPENDITURE_USD(1.1),I,Q,Y,ITA,S1,S1,B1GQ,_Z,_Z,_Z,USD_PPP,V,LA,T0102,2016-Q3,2468734.0
DATAFLOW,OECD.SDD.NAD:DSD_NAMAIN1@DF_QNA_EXPENDITURE_USD(1.1),I,Q,Y,ITA,S1,S1,B1GQ,_Z,_Z,_Z,USD_PPP,V,LA,T0102,2016-Q4,2498553.6
DATAFLOW,OECD.SDD.NAD:DSD_NAMAIN1@DF_QNA_EXPENDITURE_USD(1.1),I,Q,Y,ITA,S1,S1,B1GQ,_Z,_Z,_Z,USD_PPP,V,LA,T0102,2017-Q1,2516084.1
DATAFLOW,OECD.SDD.NAD:DSD_NAMAIN1@DF_QNA_EXPENDITURE_USD(1.1),I,Q,Y,ITA,S1,S1,B1GQ,_Z,_Z,_Z,USD_PPP,V,LA,T0102,2017-Q2,2525625.2
DATAFLOW,OECD.SDD.NAD:DSD_NAMAIN1@DF_QNA_EXPENDITURE_USD(1.1),I,Q,Y,ITA,S1,S1,B1GQ,_Z,_Z,_Z,USD_PPP,V,LA,T0102,2017-Q3,2533832.9
DATAFLOW,OECD.SDD.NAD:DSD_NAMAIN1@DF_QNA_EXPENDITURE_USD(1.1),I,Q,Y,ITA,S1,S1,B1GQ,_Z,_Z,_Z,USD_PPP,V,LA,T0102,2017-Q4,2557624.2
DATAFLOW,OECD.SDD.NAD:DSD_NAMAIN1@DF_QNA_EXPENDITURE_USD(1.1),I,Q,Y,ITA,S1,S1,B1GQ,_Z,_Z,_Z,USD_PPP,V,LA,T0102,2018-Q1,2563965.8
DATAFLOW,OECD.SDD.NAD:DSD_NAMAIN1@DF_QNA_EXPENDITURE_USD(1.1),I,Q,Y,ITA,S1,S1,B1GQ,_Z,_Z,_Z,USD_PPP,V,LA,T0102,2018-Q2,2594813.8
DATAFLOW,OECD.SDD.NAD:DSD_NAMAIN1@DF_QNA_EXPENDITURE_USD(1.1),I,Q,Y,ITA,S1,S1,B1GQ,_Z,_Z,_Z,USD_PPP,V,LA,T0102,2018-Q3,2619650.5
DATAFLOW,OECD.SDD.NAD:DSD_NAMAIN1@DF_QNA_EXPENDITURE_USD(1.1),I,Q,Y,ITA,S1,S1,B1GQ,_Z,_Z,_Z,USD_PPP,V,LA,T0102,2018-Q4,2666226.7
DATAFLOW,OECD.SDD.NAD:DSD_NAMAIN1@DF_QNA_EXPENDITURE_USD(1.1),I,Q,Y,ITA,S1,S1,B1GQ,_Z,_Z,_Z,USD_PPP,V,LA,T0102,2019-Q1,2720119.7
DATAFLOW,OECD.SDD.NAD:DSD_NAMAIN1@DF_QNA_EXPENDITURE_USD(1.1),I,Q,Y,ITA,S1,S1,B1GQ,_Z,_Z,_Z,USD_PPP,V,LA,T0102,2019-Q2,2783500.1
DATAFLOW,OECD.SDD.NAD:DSD_NAMAIN1@DF_QNA_EXPENDITURE_USD(1.1),I,Q,Y,ITA,S1,S1,B1GQ,_Z,_Z,_Z,USD_PPP,V,LA,T0102,2019-Q3,2809831.0
DATAFLOW,OECD.SDD.NAD:DSD_NAMAIN1@DF_QNA_EXPENDITURE_USD(1.1),I,Q,Y,ITA,S1,S1,B1GQ,_Z,_Z,_Z,USD_PPP,V,LA,T0102,2019-Q4,2840464.0
DATAFLOW,OECD.SDD.NAD:DSD_NAMAIN1@DF_QNA_EXPENDITURE_USD(1.1),I,Q,Y,ITA,S1,S1,B1GQ,_Z,_Z,_Z,USD_PPP,V,LA,T0102,2020-Q1,2719330.7
DATAFLOW,OECD.SDD.NAD:DSD_NAMAIN1@DF_QNA_EXPENDITURE_USD(1.1),I,Q,Y,ITA,S1,S1,B1GQ,_Z,_Z,_Z,USD_PPP,V,LA,T0102,2020-Q2,2371569.1
DATAFLOW,OECD.SDD.NAD:DSD_NAMAIN1@DF_QNA_EXPENDITURE_USD(1.1),I,Q,Y,ITA,S1,S1,B1GQ,_Z,_Z,_Z,USD_PPP,V,LA,T0102,2020-Q3,2733482.6
DATAFLOW,OECD.SDD.NAD:DSD_NAMAIN1@DF_QNA_EXPENDITURE_USD(1.1),I,Q,Y,ITA,S1,S1,B1GQ,_Z,_Z,_Z,USD_PPP,V,LA,T0102,2020-Q4,2737499.6
DATAFLOW,OECD.SDD.NAD:DSD_NAMAIN1@DF_QNA_EXPENDITURE_USD(1.1),I,Q,Y,ITA,S1,S1,B1GQ,_Z,_Z,_Z,USD_PPP,V,LA,T0102,2021-Q1,2787016.9
DATAFLOW,OECD.SDD.NAD:DSD_NAMAIN1@DF_QNA_EXPENDITURE_USD(1.1),I,Q,Y,ITA,S1,S1,B1GQ,_Z,_Z,_Z,USD_PPP,V,LA,T0102,2021-Q2,2882931.8
DATAFLOW,OECD.SDD.NAD:DSD_NAMAIN1@DF_QNA_EXPENDITURE_USD(1.1),I,Q,Y,ITA,S1,S1,B1GQ,_Z,_Z,_Z,USD_PPP,V,LA,T0102,2021-Q3,2991723.8
DATAFLOW,OECD.SDD.NAD:DSD_NAMAIN1@DF_QNA_EXPENDITURE_USD(1.1),I,Q,Y,ITA,S1,S1,B1GQ,_Z,_Z,_Z,USD_PPP,V,LA,T0102,2021-Q4,3107574.4
DATAFLOW,OECD.SDD.NAD:DSD_NAMAIN1@DF_QNA_EXPENDITURE_USD(1.1),I,Q,Y,ITA,S1,S1,B1GQ,_Z,_Z,_Z,USD_PPP,V,LA,T0102,2022-Q1,3224502.6
DATAFLOW,OECD.SDD.NAD:DSD_NAMAIN1@DF_QNA_EXPENDITURE_USD(1.1),I,Q,Y,ITA,S1,S1,B1GQ,_Z,_Z,_Z,USD_PPP,V,LA,T0102,2022-Q2,3376675.1
DATAFLOW,OECD.SDD.NAD:DSD_NAMAIN1@DF_QNA_EXPENDITURE_USD(1.1),I,Q,Y,ITA,S1,S1,B1GQ,_Z,_Z,_Z,USD_PPP,V,LA,T0102,2022-Q3,3440490.6
DATAFLOW,OECD.SDD.NAD:DSD_NAMAIN1@DF_QNA_EXPENDITURE_USD(1.1),I,Q,Y,ITA,S1,S1,B1GQ,_Z,_Z,_Z,USD_PPP,V,LA,T0102,2022-Q4,3473971.6
DATAFLOW,OECD.SDD.NAD:DSD_NAMAIN1@DF_QNA_EXPENDITURE_USD(1.1),I,Q,Y,ITA,S1,S1,B1GQ,_Z,_Z,_Z,USD_PPP,V,LA,T0102,2023-Q1,3527806.0
DATAFLOW,OECD.SDD.NAD:DSD_NAMAIN1@DF_QNA_EXPENDITURE_USD(1.1),I,Q,Y,ITA,S1,S1,B1GQ,_Z,_Z,_Z,USD_PPP,V,LA,T0102,2023-Q2,3544095.0
DATAFLOW,OECD.SDD.NAD:DSD_NAMAIN1@DF_QNA_EXPENDITURE_USD(1.1),I,Q,Y,ITA,S1,S1,B1GQ,_Z,_Z,_Z,USD_PPP,V,LA,T0102,2023-Q3,3576407.1
DATAFLOW,OECD.SDD.NAD:DSD_NAMAIN1@DF_QNA_EXPENDITURE_USD(1.1),I,Q,Y,ITA,S1,S1,B1GQ,_Z,_Z,_Z,USD_PPP,V,LA,T0102,2023-Q4,3597559.4
DATAFLOW,OECD.SDD.NAD:DSD_NAMAIN1@DF_QNA_EXPENDITURE_USD(1.1),I,Q,Y,ITA,S1,S1,B1GQ,_Z,_Z,_Z,USD_PPP,V,LA,T0102,2024-Q1,3625363.2
DATAFLOW,OECD.SDD.NAD:DSD_NAMAIN1@DF_QNA_EXPENDITURE_USD(1.1),I,Q,Y,ITA,S1,S1,B1GQ,_Z,_Z,_Z,USD_PPP,V,LA,T0102,2024-Q2,3657465.2
DATAFLOW,OECD.SDD.NAD:DSD_NAMAIN1@DF_QNA_EXPENDITURE_USD(1.1),I,Q,Y,ITA,S1,S1,B1GQ,_Z,_Z,_Z,USD_PPP,V,LA,T0102,2024-Q3,3671284.5
DATAFLOW,OECD.SDD.NAD:DSD_NAMAIN1@DF_QNA_EXPENDITURE_USD(1.1),I,Q,Y,ITA,S1,S1,B1GQ,_Z,_Z,_Z,USD_PPP,V,LA,T0102,2024-Q4,3698879.8
DATAFLOW,OECD.SDD.NAD:DSD_NAMAIN1@DF_QNA_EXPENDITURE_USD(1.1),I,Q,Y,ITA,S1,S1,B1GQ,_Z,_Z,_Z,USD_PPP,V,LA,T0102,2025-Q1,3746458.3
DATAFLOW,OECD.SDD.NAD:DSD_NAMAIN1@DF_QNA_EXPENDITURE_USD(1.1),I,Q,Y,ITA,S1,S1,B1GQ,_Z,_Z,_Z,USD_PPP,V,LA,T0102,2025-Q2,3760999.4
DATAFLOW,OECD.SDD.NAD:DSD_NAMAIN1@DF_QNA_EXPENDITURE_USD(1.1),I,Q,Y,ITA,S1,S1,B1GQ,_Z,_Z,_Z,USD_PPP,V,LA,T0102,2025-Q3,3802748.3
DATAFLOW,OECD.SDD.NAD:DSD_NAMAIN1@DF_QNA_EXPENDITURE_USD(1.1),I,Q,Y,USA,S1,S1,B1GQ,_Z,_Z,_Z,USD_PPP,V,LA,T0102,2013-Q2,16728687.0
DATAFLOW,OECD.SDD.NAD:DSD_NAMAIN1@DF_QNA_EXPENDITURE_USD(1.1),I,Q,Y,USA,S1,S1,B1GQ,_Z,_Z,_Z,USD_PPP,V,LA,T0102,2013-Q3,16953838.0
DATAFLOW,OECD.SDD.NAD:DSD_NAMAIN1@DF_QNA_EXPENDITURE_USD(1.1),I,Q,Y,USA,S1,S1,B1GQ,_Z,_Z,_Z,USD_PPP,V,LA,T0102,2013-Q4,17192019.0
DATAFLOW,OECD.SDD.NAD:DSD_NAMAIN1@DF_QNA_EXPENDITURE_USD(1.1),I,Q,Y,USA,S1,S1,B1GQ,_Z,_Z,_Z,USD_PPP,V,LA,T0102,2014-Q1,17197738.0
DATAFLOW,OECD.SDD.NAD:DSD_NAMAIN1@DF_QNA_EXPENDITURE_USD(1.1),I,Q,Y,USA,S1,S1,B1GQ,_Z,_Z,_Z,USD_PPP,V,LA,T0102,2014-Q2,17518508.0
DATAFLOW,OECD.SDD.NAD:DSD_NAMAIN1@DF_QNA_EXPENDITURE_USD(1.1),I,Q,Y,USA,S1,S1,B1GQ,_Z,_Z,_Z,USD_PPP,V,LA,T0102,2014-Q3,17804228.0
DATAFLOW,OECD.SDD.NAD:DSD_NAMAIN1@DF_QNA_EXPENDITURE_USD(1.1),I,Q,Y,USA,S1,S1,B1GQ,_Z,_Z,_Z,USD_PPP,V,LA,T0102,2014-Q4,17912079.0
DATAFLOW,OECD.SDD.NAD:DSD_NAMAIN1@DF_QNA_EXPENDITURE_USD(1.1),I,Q,Y,USA,S1,S1,B1GQ,_Z,_Z,_Z,USD_PPP,V,LA,T0102,2015-Q1,18063529.0
DATAFLOW,OECD.SDD.NAD:DSD_NAMAIN1@DF_QNA_EXPENDITURE_USD(1.1),I,Q,Y,USA,S1,S1,B1GQ,_Z,_Z,_Z,USD_PPP,V,LA,T0102,2015-Q2,18279784.0
DATAFLOW,OECD.SDD.NAD:DSD_NAMAIN1@DF_QNA_EXPENDITURE_USD(1.1),I,Q,Y,USA,S1,S1,B1GQ,_Z,_Z,_Z,USD_PPP,V,LA,T0102,2015-Q3,18401626.0
DATAFLOW,OECD.SDD.NAD:DSD_NAMAIN1@DF_QNA_EXPENDITURE_USD(1.1),I,Q,Y,USA,S1,S1,B1GQ,_Z,_Z,_Z,USD_PPP,V,LA,T0102,2015-Q4,18435137.0
DATAFLOW,OECD.SDD.NAD:DSD_NAMAIN1@DF_QNA_EXPENDITURE_USD(1.1),I,Q,Y,USA,S1,S1,B1GQ,_Z,_Z,_Z,USD_PPP,V,LA,T0102,2016-Q1,18525933.0
DATAFLOW,OECD.SDD.NAD:DSD_NAMAIN1@DF_QNA_EXPENDITURE_USD(1.1),I,Q,Y,USA,S1,S1,B1GQ,_Z,_Z,_Z,USD_PPP,V,LA,T0102,2016-Q2,18711702.0
DATAFLOW,OECD.SDD.NAD:DSD_NAMAIN1@DF_QNA_EXPENDITURE_USD(1.1),I,Q,Y,USA,S1,S1,B1GQ,_Z,_Z,_Z,USD_PPP,V,LA,T0102,2016-Q3,18892639.0
DATAFLOW,OECD.SDD.NAD:DSD_NAMAIN1@DF_QNA_EXPENDITURE_USD(1.1),I,Q,Y,USA,S1,S1,B1GQ,_Z,_Z,_Z,USD_PPP,V,LA,T0102,2016-Q4,19089379.0
DATAFLOW,OECD.SDD.NAD:DSD_NAMAIN1@DF_QNA_EXPENDITURE_USD(1.1),I,Q,Y,USA,S1,S1,B1GQ,_Z,_Z,_Z,USD_PPP,V,LA,T0102,2017-Q1,19280084.0
DATAFLOW,OECD.SDD.NAD:DSD_NAMAIN1@DF_QNA_EXPENDITURE_USD(1.1),I,Q,Y,USA,S1,S1,B1GQ,_Z,_Z,_Z,USD_PPP,V,LA,T0102,2017-Q2,19438643.0
DATAFLOW,OECD.SDD.NAD:DSD_NAMAIN1@DF_QNA_EXPENDITURE_USD(1.1),I,Q,Y,USA,S1,S1,B1GQ,_Z,_Z,_Z,USD_PPP,V,LA,T0102,2017-Q3,19692595.0
DATAFLOW,OECD.SDD.NAD:DSD_NAMAIN1@DF_QNA_EXPENDITURE_USD(1.1),I,Q,Y,USA,S1,S1,B1GQ,_Z,_Z,_Z,USD_PPP,V,LA,T0102,2017-Q4,20037088.0
DATAFLOW,OECD.SDD.NAD:DSD_NAMAIN1@DF_QNA_EXPENDITURE_USD(1.1),I,Q,Y,USA,S1,S1,B1GQ,_Z,_Z,_Z,USD_PPP,V,LA,T0102,2018-Q1,20328553.0
DATAFLOW,OECD.SDD.NAD:DSD_NAMAIN1@DF_QNA_EXPENDITURE_USD(1.1),I,Q,Y,USA,S1,S1,B1GQ,_Z,_Z,_Z,USD_PPP,V,LA,T0102,2018-Q2,20580912.0
DATAFLOW,OECD.SDD.NAD:DSD_NAMAIN1@DF_QNA_EXPENDITURE_USD(1.1),I,Q,Y,USA,S1,S1,B1GQ,_Z,_Z,_Z,USD_PPP,V,LA,T0102,2018-Q3,20798730.0
DATAFLOW,OECD.SDD.NAD:DSD_NAMAIN1@DF_QNA_EXPENDITURE_USD(1.1),I,Q,Y,USA,S1,S1,B1GQ,_Z,_Z,_Z,USD_PPP,V,LA,T0102,2018-Q4,20917867.0
DATAFLOW,OECD.SDD.NAD:DSD_NAMAIN1@DF_QNA_EXPENDITURE_USD(1.1),I,Q,Y,USA,S1,S1,B1GQ,_Z,_Z,_Z,USD_PPP,V,LA,T0102,2019-Q1,21111600.0
DATAFLOW,OECD.SDD.NAD:DSD_NAMAIN1@DF_QNA_EXPENDITURE_USD(1.1),I,Q,Y,USA,S1,S1,B1GQ,_Z,_Z,_Z,USD_PPP,V,LA,T0102,2019-Q2,21397938.0
DATAFLOW,OECD.SDD.NAD:DSD_NAMAIN1@DF_QNA_EXPENDITURE_USD(1.1),I,Q,Y,USA,S1,S1,B1GQ,_Z,_Z,_Z,USD_PPP,V,LA,T0102,2019-Q3,21717171.0
DATAFLOW,OECD.SDD.NAD:DSD_NAMAIN1@DF_QNA_EXPENDITURE_USD(1.1),I,Q,Y,USA,S1,S1,B1GQ,_Z,_Z,_Z,USD_PPP,V,LA,T0102,2019-Q4,21933217.0
DATAFLOW,OECD.SDD.NAD:DSD_NAMAIN1@DF_QNA_EXPENDITURE_USD(1.1),I,Q,Y,USA,S1,S1,B1GQ,_Z,_Z,_Z,USD_PPP,V,LA,T0102,2020-Q1,21751238.0
DATAFLOW,OECD.SDD.NAD:DSD_NAMAIN1@DF_QNA_EXPENDITURE_USD(1.1),I,Q,Y,USA,S1,S1,B1GQ,_Z,_Z,_Z,USD_PPP,V,LA,T0102,2020-Q2,19958291.0
DATAFLOW,OECD.SDD.NAD:DSD_NAMAIN1@DF_QNA_EXPENDITURE_USD(1.1),I,Q,Y,USA,S1,S1,B1GQ,_Z,_Z,_Z,USD_PPP,V,LA,T0102,2020-Q3,21704437.0
DATAFLOW,OECD.SDD.NAD:DSD_NAMAIN1@DF_QNA_EXPENDITURE_USD(1.1),I,Q,Y,USA,S1,S1,B1GQ,_Z,_Z,_Z,USD_PPP,V,LA,T0102,2020-Q4,22087160.0
DATAFLOW,OECD.SDD.NAD:DSD_NAMAIN1@DF_QNA_EXPENDITURE_USD(1.1),I,Q,Y,USA,S1,S1,B1GQ,_Z,_Z,_Z,USD_PPP,V,LA,T0102,2021-Q1,22680693.0
DATAFLOW,OECD.SDD.NAD:DSD_NAMAIN1@DF_QNA_EXPENDITURE_USD(1.1),I,Q,Y,USA,S1,S1,B1GQ,_Z,_Z,_Z,USD_PPP,V,LA,T0102,2021-Q2,23425910.0
DATAFLOW,OECD.SDD.NAD:DSD_NAMAIN1@DF_QNA_EXPENDITURE_USD(1.1),I,Q,Y,USA,S1,S1,B1GQ,_Z,_Z,_Z,USD_PPP,V,LA,T0102,2021-Q3,23982379.0
DATAFLOW,OECD.SDD.NAD:DSD_NAMAIN1@DF_QNA_EXPENDITURE_USD(1.1),I,Q,Y,USA,S1,S1,B1GQ,_Z,_Z,_Z,USD_PPP,V,LA,T0102,2021-Q4,24813600.0
DATAFLOW,OECD.SDD.NAD:DSD_NAMAIN1@DF_QNA_EXPENDITURE_USD(1.1),I,Q,Y,USA,S1,S1,B1GQ,_Z,_Z,_Z,USD_PPP,V,LA,T0102,2022-Q1,25250347.0
DATAFLOW,OECD.SDD.NAD:DSD_NAMAIN1@DF_QNA_EXPENDITURE_USD(1.1),I,Q,Y,USA,S1,S1,B1GQ,_Z,_Z,_Z,USD_PPP,V,LA,T0102,2022-Q2,25861292.0
DATAFLOW,OECD.SDD.NAD:DSD_NAMAIN1@DF_QNA_EXPENDITURE_USD(1.1),I,Q,Y,USA,S1,S1,B1GQ,_Z,_Z,_Z,USD_PPP,V,LA,T0102,2022-Q3,26336304.0
DATAFLOW,OECD.SDD.NAD:DSD_NAMAIN1@DF_QNA_EXPENDITURE_USD(1.1),I,Q,Y,USA,S1,S1,B1GQ,_Z,_Z,_Z,USD_PPP,V,LA,T0102,2022-Q4,26770514.0
DATAFLOW,OECD.SDD.NAD:DSD_NAMAIN1@DF_QNA_EXPENDITURE_USD(1.1),I,Q,Y,USA,S1,S1,B1GQ,_Z,_Z,_Z,USD_PPP,V,LA,T0102,2023-Q1,27216445.0
DATAFLOW,OECD.SDD.NAD:DSD_NAMAIN1@DF_QNA_EXPENDITURE_USD(1.1),I,Q,Y,USA,S1,S1,B1GQ,_Z,_Z,_Z,USD_PPP,V,LA,T0102,2023-Q2,27530055.0
DATAFLOW,OECD.SDD.NAD:DSD_NAMAIN1@DF_QNA_EXPENDITURE_USD(1.1),I,Q,Y,USA,S1,S1,B1GQ,_Z,_Z,_Z,USD_PPP,V,LA,T0102,2023-Q3,28074846.0
DATAFLOW,OECD.SDD.NAD:DSD_NAMAIN1@DF_QNA_EXPENDITURE_USD(1.1),I,Q,Y,USA,S1,S1,B1GQ,_Z,_Z,_Z,USD_PPP,V,LA,T0102,2023-Q4,28424722.0
DATAFLOW,OECD.SDD.NAD:DSD_NAMAIN1@DF_QNA_EXPENDITURE_USD(1.1),I,Q,Y,USA,S1,S1,B1GQ,_Z,_Z,_Z,USD_PPP,V,LA,T0102,2024-Q1,28708161.0
DATAFLOW,OECD.SDD.NAD:DSD_NAMAIN1@DF_QNA_EXPENDITURE_USD(1.1),I,Q,Y,USA,S1,S1,B1GQ,_Z,_Z,_Z,USD_PPP,V,LA,T0102,2024-Q2,29147044.0
DATAFLOW,OECD.SDD.NAD:DSD_NAMAIN1@DF_QNA_EXPENDITURE_USD(1.1),I,Q,Y,USA,S1,S1,B1GQ,_Z,_Z,_Z,USD_PPP,V,LA,T0102,2024-Q3,29511664.0
DATAFLOW,OECD.SDD.NAD:DSD_NAMAIN1@DF_QNA_EXPENDITURE_USD(1.1),I,Q,Y,USA,S1,S1,B1GQ,_Z,_Z,_Z,USD_PPP,V,LA,T0102,2024-Q4,29825182.0
DATAFLOW,OECD.SDD.NAD:DSD_NAMAIN1@DF_QNA_EXPENDITURE_USD(1.1),I,Q,Y,USA,S1,S1,B1GQ,_Z,_Z,_Z,USD_PPP,V,LA,T0102,2025-Q1,30042113.0
DATAFLOW,OECD.SDD.NAD:DSD_NAMAIN1@DF_QNA_EXPENDITURE_USD(1.1),I,Q,Y,USA,S1,S1,B1GQ,_Z,_Z,_Z,USD_PPP,V,LA,T0102,2025-Q2,30485729.0
DATAFLOW,OECD.SDD.NAD:DSD_NAMAIN1@DF_QNA_EXPENDITURE_USD(1.1),I,Q,Y,USA,S1,S1,B1GQ,_Z,_Z,_Z,USD_PPP,V,LA,T0102,2025-Q3,31098027.0
DATAFLOW,OECD.SDD.NAD:DSD_NAMAIN1@DF_QNA_EXPENDITURE_USD(1.1),I,Q,Y,CAN,S1,S1,B1GQ,_Z,_Z,_Z,USD_PPP,V,LA,T0102,2012-Q3,1471447.3
DATAFLOW,OECD.SDD.NAD:DSD_NAMAIN1@DF_QNA_EXPENDITURE_USD(1.1),I,Q,Y,CAN,S1,S1,B1GQ,_Z,_Z,_Z,USD_PPP,V,LA,T0102,2012-Q4,1488208.2
DATAFLOW,OECD.SDD.NAD:DSD_NAMAIN1@DF_QNA_EXPENDITURE_USD(1.1),I,Q,Y,CAN,S1,S1,B1GQ,_Z,_Z,_Z,USD_PPP,V,LA,T0102,2013-Q1,1519930.4
DATAFLOW,OECD.SDD.NAD:DSD_NAMAIN1@DF_QNA_EXPENDITURE_USD(1.1),I,Q,Y,CAN,S1,S1,B1GQ,_Z,_Z,_Z,USD_PPP,V,LA,T0102,2013-Q2,1539472.4
DATAFLOW,OECD.SDD.NAD:DSD_NAMAIN1@DF_QNA_EXPENDITURE_USD(1.1),I,Q,Y,CAN,S1,S1,B1GQ,_Z,_Z,_Z,USD_PPP,V,LA,T0102,2013-Q3,1565740.9
DATAFLOW,OECD.SDD.NAD:DSD_NAMAIN1@DF_QNA_EXPENDITURE_USD(1.1),I,Q,Y,CAN,S1,S1,B1GQ,_Z,_Z,_Z,USD_PPP,V,LA,T0102,2013-Q4,1591992.5
DATAFLOW,OECD.SDD.NAD:DSD_NAMAIN1@DF_QNA_EXPENDITURE_USD(1.1),I,Q,Y,CAN,S1,S1,B1GQ,_Z,_Z,_Z,USD_PPP,V,LA,T0102,2014-Q1,1604416.9
DATAFLOW,OECD.SDD.NAD:DSD_NAMAIN1@DF_QNA_EXPENDITURE_USD(1.1),I,Q,Y,DEU,S1,S1,B1GQ,_Z,_Z,_Z,USD_PPP,V,LA,T0102,2014-Q2,3871915.5
DATAFLOW,OECD.SDD.NAD:DSD_NAMAIN1@DF_QNA_EXPENDITURE_USD(1.1),I,Q,Y,CAN,S1,S1,B1GQ,_Z,_Z,_Z,USD_PPP,V,LA,T0102,2014-Q2,1622086.7
DATAFLOW,OECD.SDD.NAD:DSD_NAMAIN1@DF_QNA_EXPENDITURE_USD(1.1),I,Q,Y,CAN,S1,S1,B1GQ,_Z,_Z,_Z,USD_PPP,V,LA,T0102,2014-Q3,1632833.0
DATAFLOW,OECD.SDD.NAD:DSD_NAMAIN1@DF_QNA_EXPENDITURE_USD(1.1),I,Q,Y,DEU,S1,S1,B1GQ,_Z,_Z,_Z,USD_PPP,V,LA,T0102,2014-Q3,3904572.3
DATAFLOW,OECD.SDD.NAD:DSD_NAMAIN1@DF_QNA_EXPENDITURE_USD(1.1),I,Q,Y,DEU,S1,S1,B1GQ,_Z,_Z,_Z,USD_PPP,V,LA,T0102,2014-Q4,3925123.5
DATAFLOW,OECD.SDD.NAD:DSD_NAMAIN1@DF_QNA_EXPENDITURE_USD(1.1),I,Q,Y,CAN,S1,S1,B1GQ,_Z,_Z,_Z,USD_PPP,V,LA,T0102,2014-Q4,1626103.4
DATAFLOW,OECD.SDD.NAD:DSD_NAMAIN1@DF_QNA_EXPENDITURE_USD(1.1),I,Q,Y,CAN,S1,S1,B1GQ,_Z,_Z,_Z,USD_PPP,V,LA,T0102,2015-Q1,1590957.0
DATAFLOW,OECD.SDD.NAD:DSD_NAMAIN1@DF_QNA_EXPENDITURE_USD(1.1),I,Q,Y,DEU,S1,S1,B1GQ,_Z,_Z,_Z,USD_PPP,V,LA,T0102,2015-Q1,3893582.2
DATAFLOW,OECD.SDD.NAD:DSD_NAMAIN1@DF_QNA_EXPENDITURE_USD(1.1),I,Q,Y,DEU,S1,S1,B1GQ,_Z,_Z,_Z,USD_PPP,V,LA,T0102,2015-Q2,3934746.8
DATAFLOW,OECD.SDD.NAD:DSD_NAMAIN1@DF_QNA_EXPENDITURE_USD(1.1),I,Q,Y,CAN,S1,S1,B1GQ,_Z,_Z,_Z,USD_PPP,V,LA,T0102,2015-Q2,1584446.4
DATAFLOW,OECD.SDD.NAD:DSD_NAMAIN1@DF_QNA_EXPENDITURE_USD(1.1),I,Q,Y,CAN,S1,S1,B1GQ,_Z,_Z,_Z,USD_PPP,V,LA,T0102,2015-Q3,1596191.6
DATAFLOW,OECD.SDD.NAD:DSD_NAMAIN1@DF_QNA_EXPENDITURE_USD(1.1),I,Q,Y,DEU,S1,S1,B1GQ,_Z,_Z,_Z,USD_PPP,V,LA,T0102,2015-Q3,3984549.5
DATAFLOW,OECD.SDD.NAD:DSD_NAMAIN1@DF_QNA_EXPENDITURE_USD(1.1),I,Q,Y,DEU,S1,S1,B1GQ,_Z,_Z,_Z,USD_PPP,V,LA,T0102,2015-Q4,4043487.5
DATAFLOW,OECD.SDD.NAD:DSD_NAMAIN1@DF_QNA_EXPENDITURE_USD(1.1),I,Q,Y,CAN,S1,S1,B1GQ,_Z,_Z,_Z,USD_PPP,V,LA,T0102,2015-Q4,1607937.7
DATAFLOW,OECD.SDD.NAD:DSD_NAMAIN1@DF_QNA_EXPENDITURE_USD(1.1),I,Q,Y,CAN,S1,S1,B1GQ,_Z,_Z,_Z,USD_PPP,V,LA,T0102,2016-Q1,1640456.9
DATAFLOW,OECD.SDD.NAD:DSD_NAMAIN1@DF_QNA_EXPENDITURE_USD(1.1),I,Q,Y,DEU,S1,S1,B1GQ,_Z,_Z,_Z,USD_PPP,V,LA,T0102,2016-Q1,4135622.8
DATAFLOW,OECD.SDD.NAD:DSD_NAMAIN1@DF_QNA_EXPENDITURE_USD(1.1),I,Q,Y,DEU,S1,S1,B1GQ,_Z,_Z,_Z,USD_PPP,V,LA,T0102,2016-Q2,4219044.1
DATAFLOW,OECD.SDD.NAD:DSD_NAMAIN1@DF_QNA_EXPENDITURE_USD(1.1),I,Q,Y,CAN,S1,S1,B1GQ,_Z,_Z,_Z,USD_PPP,V,LA,T0102,2016-Q2,1661350.3
DATAFLOW,OECD.SDD.NAD:DSD_NAMAIN1@DF_QNA_EXPENDITURE_USD(1.1),I,Q,Y,CAN,S1,S1,B1GQ,_Z,_Z,_Z,USD_PPP,V,LA,T0102,2016-Q3,1694617.5
DATAFLOW,OECD.SDD.NAD:DSD_NAMAIN1@DF_QNA_EXPENDITURE_USD(1.1),I,Q,Y,DEU,S1,S1,B1GQ,_Z,_Z,_Z,USD_PPP,V,LA,T0102,2016-Q3,4274505.0
DATAFLOW,OECD.SDD.NAD:DSD_NAMAIN1@DF_QNA_EXPENDITURE_USD(1.1),I,Q,Y,DEU,S1,S1,B1GQ,_Z,_Z,_Z,USD_PPP,V,LA,T0102,2016-Q4,4327922.5
DATAFLOW,OECD.SDD.NAD:DSD_NAMAIN1@DF_QNA_EXPENDITURE_USD(1.1),I,Q,Y,CAN,S1,S1,B1GQ,_Z,_Z,_Z,USD_PPP,V,LA,T0102,2016-Q4,1716457.1
DATAFLOW,OECD.SDD.NAD:DSD_NAMAIN1@DF_QNA_EXPENDITURE_USD(1.1),I,Q,Y,CAN,S1,S1,B1GQ,_Z,_Z,_Z,USD_PPP,V,LA,T0102,2017-Q1,1742005.5
DATAFLOW,OECD.SDD.NAD:DSD_NAMAIN1@DF_QNA_EXPENDITURE_USD(1.1),I,Q,Y,DEU,S1,S1,B1GQ,_Z,_Z,_Z,USD_PPP,V,LA,T0102,2017-Q1,4401710.2
DATAFLOW,OECD.SDD.NAD:DSD_NAMAIN1@DF_QNA_EXPENDITURE_USD(1.1),I,Q,Y,DEU,S1,S1,B1GQ,_Z,_Z,_Z,USD_PPP,V,LA,T0102,2017-Q2,4442022.5
DATAFLOW,OECD.SDD.NAD:DSD_NAMAIN1@DF_QNA_EXPENDITURE_USD(1.1),I,Q,Y,CAN,S1,S1,B1GQ,_Z,_Z,_Z,USD_PPP,V,LA,T0102,2017-Q2,1760294.8
DATAFLOW,OECD.SDD.NAD:DSD_NAMAIN1@DF_QNA_EXPENDITURE_USD(1.1),I,Q,Y,CAN,S1,S1,B1GQ,_Z,_Z,_Z,USD_PPP,V,LA,T0102,2017-Q3,1768463.8
DATAFLOW,OECD.SDD.NAD:DSD_NAMAIN1@DF_QNA_EXPENDITURE_USD(1.1),I,Q,Y,DEU,S1,S1,B1GQ,_Z,_Z,_Z,USD_PPP,V,LA,T0102,2017-Q3,4501007.7
DATAFLOW,OECD.SDD.NAD:DSD_NAMAIN1@DF_QNA_EXPENDITURE_USD(1.1),I,Q,Y,DEU,S1,S1,B1GQ,_Z,_Z,_Z,USD_PPP,V,LA,T0102,2017-Q4,4578864.1
DATAFLOW,OECD.SDD.NAD:DSD_NAMAIN1@DF_QNA_EXPENDITURE_USD(1.1),I,Q,Y,CAN,S1,S1,B1GQ,_Z,_Z,_Z,USD_PPP,V,LA,T0102,2017-Q4,1792112.8
DATAFLOW,OECD.SDD.NAD:DSD_NAMAIN1@DF_QNA_EXPENDITURE_USD(1.1),I,Q,Y,CAN,S1,S1,B1GQ,_Z,_Z,_Z,USD_PPP,V,LA,T0102,2018-Q1,1824867.3
DATAFLOW,OECD.SDD.NAD:DSD_NAMAIN1@DF_QNA_EXPENDITURE_USD(1.1),I,Q,Y,DEU,S1,S1,B1GQ,_Z,_Z,_Z,USD_PPP,V,LA,T0102,2018-Q1,4589779.5
DATAFLOW,OECD.SDD.NAD:DSD_NAMAIN1@DF_QNA_EXPENDITURE_USD(1.1),I,Q,Y,DEU,S1,S1,B1GQ,_Z,_Z,_Z,USD_PPP,V,LA,T0102,2018-Q2,4673801.3
DATAFLOW,OECD.SDD.NAD:DSD_NAMAIN1@DF_QNA_EXPENDITURE_USD(1.1),I,Q,Y,CAN,S1,S1,B1GQ,_Z,_Z,_Z,USD_PPP,V,LA,T0102,2018-Q2,1852476.4
DATAFLOW,OECD.SDD.NAD:DSD_NAMAIN1@DF_QNA_EXPENDITURE_USD(1.1),I,Q,Y,CAN,S1,S1,B1GQ,_Z,_Z,_Z,USD_PPP,V,LA,T0102,2018-Q3,1867092.3
DATAFLOW,OECD.SDD.NAD:DSD_NAMAIN1@DF_QNA_EXPENDITURE_USD(1.1),I,Q,Y,DEU,S1,S1,B1GQ,_Z,_Z,_Z,USD_PPP,V,LA,T0102,2018-Q3,4685032.6
DATAFLOW,OECD.SDD.NAD:DSD_NAMAIN1@DF_QNA_EXPENDITURE_USD(1.1),I,Q,Y,DEU,S1,S1,B1GQ,_Z,_Z,_Z,USD_PPP,V,LA,T0102,2018-Q4,4755490.8
DATAFLOW,OECD.SDD.NAD:DSD_NAMAIN1@DF_QNA_EXPENDITURE_USD(1.1),I,Q,Y,CAN,S1,S1,B1GQ,_Z,_Z,_Z,USD_PPP,V,LA,T0102,2018-Q4,1867654.0
DATAFLOW,OECD.SDD.NAD:DSD_NAMAIN1@DF_QNA_EXPENDITURE_USD(1.1),I,Q,Y,CAN,S1,S1,B1GQ,_Z,_Z,_Z,USD_PPP,V,LA,T0102,2019-Q1,1873451.3
DATAFLOW,OECD.SDD.NAD:DSD_NAMAIN1@DF_QNA_EXPENDITURE_USD(1.1),I,Q,Y,DEU,S1,S1,B1GQ,_Z,_Z,_Z,USD_PPP,V,LA,T0102,2019-Q1,4840860.5
DATAFLOW,OECD.SDD.NAD:DSD_NAMAIN1@DF_QNA_EXPENDITURE_USD(1.1),I,Q,Y,DEU,S1,S1,B1GQ,_Z,_Z,_Z,USD_PPP,V,LA,T0102,2019-Q2,4908597.7
DATAFLOW,OECD.SDD.NAD:DSD_NAMAIN1@DF_QNA_EXPENDITURE_USD(1.1),I,Q,Y,CAN,S1,S1,B1GQ,_Z,_Z,_Z,USD_PPP,V,LA,T0102,2019-Q2,1899305.0
DATAFLOW,OECD.SDD.NAD:DSD_NAMAIN1@DF_QNA_EXPENDITURE_USD(1.1),I,Q,Y,CAN,S1,S1,B1GQ,_Z,_Z,_Z,USD_PPP,V,LA,T0102,2019-Q3,1906498.7
DATAFLOW,OECD.SDD.NAD:DSD_NAMAIN1@DF_QNA_EXPENDITURE_USD(1.1),I,Q,Y,DEU,S1,S1,B1GQ,_Z,_Z,_Z,USD_PPP,V,LA,T0102,2019-Q3,4981681.7
DATAFLOW,OECD.SDD.NAD:DSD_NAMAIN1@DF_QNA_EXPENDITURE_USD(1.1),I,Q,Y,DEU,S1,S1,B1GQ,_Z,_Z,_Z,USD_PPP,V,LA,T0102,2019-Q4,5018489.6
DATAFLOW,OECD.SDD.NAD:DSD_NAMAIN1@DF_QNA_EXPENDITURE_USD(1.1),I,Q,Y,CAN,S1,S1,B1GQ,_Z,_Z,_Z,USD_PPP,V,LA,T0102,2019-Q4,1919270.1
DATAFLOW,OECD.SDD.NAD:DSD_NAMAIN1@DF_QNA_EXPENDITURE_USD(1.1),I,Q,Y,CAN,S1,S1,B1GQ,_Z,_Z,_Z,USD_PPP,V,LA,T0102,2020-Q1,1887188.2
DATAFLOW,OECD.SDD.NAD:DSD_NAMAIN1@DF_QNA_EXPENDITURE_USD(1.1),I,Q,Y,DEU,S1,S1,B1GQ,_Z,_Z,_Z,USD_PPP,V,LA,T0102,2020-Q1,4979133.5
DATAFLOW,OECD.SDD.NAD:DSD_NAMAIN1@DF_QNA_EXPENDITURE_USD(1.1),I,Q,Y,DEU,S1,S1,B1GQ,_Z,_Z,_Z,USD_PPP,V,LA,T0102,2020-Q2,4527960.2
DATAFLOW,OECD.SDD.NAD:DSD_NAMAIN1@DF_QNA_EXPENDITURE_USD(1.1),I,Q,Y,CAN,S1,S1,B1GQ,_Z,_Z,_Z,USD_PPP,V,LA,T0102,2020-Q2,1679466.0
DATAFLOW,OECD.SDD.NAD:DSD_NAMAIN1@DF_QNA_EXPENDITURE_USD(1.1),I,Q,Y,CAN,S1,S1,B1GQ,_Z,_Z,_Z,USD_PPP,V,LA,T0102,2020-Q3,1872248.5
DATAFLOW,OECD.SDD.NAD:DSD_NAMAIN1@DF_QNA_EXPENDITURE_USD(1.1),I,Q,Y,DEU,S1,S1,B1GQ,_Z,_Z,_Z,USD_PPP,V,LA,T0102,2020-Q3,4969891.6
DATAFLOW,OECD.SDD.NAD:DSD_NAMAIN1@DF_QNA_EXPENDITURE_USD(1.1),I,Q,Y,DEU,S1,S1,B1GQ,_Z,_Z,_Z,USD_PPP,V,LA,T0102,2020-Q4,5017296.2
DATAFLOW,OECD.SDD.NAD:DSD_NAMAIN1@DF_QNA_EXPENDITURE_USD(1.1),I,Q,Y,CAN,S1,S1,B1GQ,_Z,_Z,_Z,USD_PPP,V,LA,T0102,2020-Q4,1952608.2
DATAFLOW,OECD.SDD.NAD:DSD_NAMAIN1@DF_QNA_EXPENDITURE_USD(1.1),I,Q,Y,CAN,S1,S1,B1GQ,_Z,_Z,_Z,USD_PPP,V,LA,T0102,2021-Q1,2055535.1
DATAFLOW,OECD.SDD.NAD:DSD_NAMAIN1@DF_QNA_EXPENDITURE_USD(1.1),I,Q,Y,DEU,S1,S1,B1GQ,_Z,_Z,_Z,USD_PPP,V,LA,T0102,2021-Q1,4995304.3
DATAFLOW,OECD.SDD.NAD:DSD_NAMAIN1@DF_QNA_EXPENDITURE_USD(1.1),I,Q,Y,DEU,S1,S1,B1GQ,_Z,_Z,_Z,USD_PPP,V,LA,T0102,2021-Q2,5168191.2
DATAFLOW,OECD.SDD.NAD:DSD_NAMAIN1@DF_QNA_EXPENDITURE_USD(1.1),I,Q,Y,CAN,S1,S1,B1GQ,_Z,_Z,_Z,USD_PPP,V,LA,T0102,2021-Q2,2121764.4
DATAFLOW,OECD.SDD.NAD:DSD_NAMAIN1@DF_QNA_EXPENDITURE_USD(1.1),I,Q,Y,CAN,S1,S1,B1GQ,_Z,_Z,_Z,USD_PPP,V,LA,T0102,2021-Q3,2223117.4
DATAFLOW,OECD.SDD.NAD:DSD_NAMAIN1@DF_QNA_EXPENDITURE_USD(1.1),I,Q,Y,DEU,S1,S1,B1GQ,_Z,_Z,_Z,USD_PPP,V,LA,T0102,2021-Q3,5243580.5
DATAFLOW,OECD.SDD.NAD:DSD_NAMAIN1@DF_QNA_EXPENDITURE_USD(1.1),I,Q,Y,DEU,S1,S1,B1GQ,_Z,_Z,_Z,USD_PPP,V,LA,T0102,2021-Q4,5386165.0
DATAFLOW,OECD.SDD.NAD:DSD_NAMAIN1@DF_QNA_EXPENDITURE_USD(1.1),I,Q,Y,CAN,S1,S1,B1GQ,_Z,_Z,_Z,USD_PPP,V,LA,T0102,2021-Q4,2322663.0
DATAFLOW,OECD.SDD.NAD:DSD_NAMAIN1@DF_QNA_EXPENDITURE_USD(1.1),I,Q,Y,CAN,S1,S1,B1GQ,_Z,_Z,_Z,USD_PPP,V,LA,T0102,2022-Q1,2410127.8
DATAFLOW,OECD.SDD.NAD:DSD_NAMAIN1@DF_QNA_EXPENDITURE_USD(1.1),I,Q,Y,CAN,S1,S1,B1GQ,_Z,_Z,_Z,USD_PPP,V,LA,T0102,2022-Q2,2501175.4
DATAFLOW,OECD.SDD.NAD:DSD_NAMAIN1@DF_QNA_EXPENDITURE_USD(1.1),I,Q,Y,CAN,S1,S1,B1GQ,_Z,_Z,_Z,USD_PPP,V,LA,T0102,2022-Q3,2540274.0
DATAFLOW,OECD.SDD.NAD:DSD_NAMAIN1@DF_QNA_EXPENDITURE_USD(1.1),I,Q,Y,CAN,S1,S1,B1GQ,_Z,_Z,_Z,USD_PPP,V,LA,T0102,2022-Q4,2554982.8
DATAFLOW,OECD.SDD.NAD:DSD_NAMAIN1@DF_QNA_EXPENDITURE_USD(1.1),I,Q,Y,CAN,S1,S1,B1GQ,_Z,_Z,_Z,USD_PPP,V,LA,T0102,2023-Q1,2586388.1
DATAFLOW,OECD.SDD.NAD:DSD_NAMAIN1@DF_QNA_EXPENDITURE_USD(1.1),I,Q,Y,CAN,S1,S1,B1GQ,_Z,_Z,_Z,USD_PPP,V,LA,T0102,2023-Q2,2592421.0
DATAFLOW,OECD.SDD.NAD:DSD_NAMAIN1@DF_QNA_EXPENDITURE_USD(1.1),I,Q,Y,CAN,S1,S1,B1GQ,_Z,_Z,_Z,USD_PPP,V,LA,T0102,2023-Q3,2610764.2
DATAFLOW,OECD.SDD.NAD:DSD_NAMAIN1@DF_QNA_EXPENDITURE_USD(1.1),I,Q,Y,CAN,S1,S1,B1GQ,_Z,_Z,_Z,USD_PPP,V,LA,T0102,2023-Q4,2616654.0
DATAFLOW,OECD.SDD.NAD:DSD_NAMAIN1@DF_QNA_EXPENDITURE_USD(1.1),I,Q,Y,CAN,S1,S1,B1GQ,_Z,_Z,_Z,USD_PPP,V,LA,T0102,2024-Q1,2649086.0
DATAFLOW,OECD.SDD.NAD:DSD_NAMAIN1@DF_QNA_EXPENDITURE_USD(1.1),I,Q,Y,CAN,S1,S1,B1GQ,_Z,_Z,_Z,USD_PPP,V,LA,T0102,2024-Q2,2686104.9
DATAFLOW,OECD.SDD.NAD:DSD_NAMAIN1@DF_QNA_EXPENDITURE_USD(1.1),I,Q,Y,CAN,S1,S1,B1GQ,_Z,_Z,_Z,USD_PPP,V,LA,T0102,2024-Q3,2718480.0
DATAFLOW,OECD.SDD.NAD:DSD_NAMAIN1@DF_QNA_EXPENDITURE_USD(1.1),I,Q,Y,CAN,S1,S1,B1GQ,_Z,_Z,_Z,USD_PPP,V,LA,T0102,2024-Q4,2753878.0
DATAFLOW,OECD.SDD.NAD:DSD_NAMAIN1@DF_QNA_EXPENDITURE_USD(1.1),I,Q,Y,CAN,S1,S1,B1GQ,_Z,_Z,_Z,USD_PPP,V,LA,T0102,2025-Q1,2793640.0
DATAFLOW,OECD.SDD.NAD:DSD_NAMAIN1@DF_QNA_EXPENDITURE_USD(1.1),I,Q,Y,CAN,S1,S1,B1GQ,_Z,_Z,_Z,USD_PPP,V,LA,T0102,2025-Q2,2793743.4
DATAFLOW,OECD.SDD.NAD:DSD_NAMAIN1@DF_QNA_EXPENDITURE_USD(1.1),I,Q,Y,CAN,S1,S1,B1GQ,_Z,_Z,_Z,USD_PPP,V,LA,T0102,2025-Q3,2837552.9
DATAFLOW,OECD.SDD.NAD:DSD_NAMAIN1@DF_QNA_EXPENDITURE_USD(1.1),I,Q,Y,AUS,S1,S1,B1GQ,_Z,_Z,_Z,USD_PPP,V,LA,T0102,2009-Q3,881641.2
DATAFLOW,OECD.SDD.NAD:DSD_NAMAIN1@DF_QNA_EXPENDITURE_USD(1.1),I,Q,Y,AUS,S1,S1,B1GQ,_Z,_Z,_Z,USD_PPP,V,LA,T0102,2009-Q4,889779.3
DATAFLOW,OECD.SDD.NAD:DSD_NAMAIN1@DF_QNA_EXPENDITURE_USD(1.1),I,Q,Y,AUS,S1,S1,B1GQ,_Z,_Z,_Z,USD_PPP,V,LA,T0102,2010-Q1,890816.4
DATAFLOW,OECD.SDD.NAD:DSD_NAMAIN1@DF_QNA_EXPENDITURE_USD(1.1),I,Q,Y,AUS,S1,S1,B1GQ,_Z,_Z,_Z,USD_PPP,V,LA,T0102,2010-Q2,901766.4
DATAFLOW,OECD.SDD.NAD:DSD_NAMAIN1@DF_QNA_EXPENDITURE_USD(1.1),I,Q,Y,AUS,S1,S1,B1GQ,_Z,_Z,_Z,USD_PPP,V,LA,T0102,2010-Q3,913712.6
DATAFLOW,OECD.SDD.NAD:DSD_NAMAIN1@DF_QNA_EXPENDITURE_USD(1.1),I,Q,Y,AUS,S1,S1,B1GQ,_Z,_Z,_Z,USD_PPP,V,LA,T0102,2010-Q4,934571.6
DATAFLOW,OECD.SDD.NAD:DSD_NAMAIN1@DF_QNA_EXPENDITURE_USD(1.1),I,Q,Y,AUS,S1,S1,B1GQ,_Z,_Z,_Z,USD_PPP,V,LA,T0102,2011-Q1,951622.8
DATAFLOW,OECD.SDD.NAD:DSD_NAMAIN1@DF_QNA_EXPENDITURE_USD(1.1),I,Q,Y,AUS,S1,S1,B1GQ,_Z,_Z,_Z,USD_PPP,V,LA,T0102,2011-Q2,974417.8
DATAFLOW,OECD.SDD.NAD:DSD_NAMAIN1@DF_QNA_EXPENDITURE_USD(1.1),I,Q,Y,AUS,S1,S1,B1GQ,_Z,_Z,_Z,USD_PPP,V,LA,T0102,2011-Q3,988443.5
DATAFLOW,OECD.SDD.NAD:DSD_NAMAIN1@DF_QNA_EXPENDITURE_USD(1.1),I,Q,Y,AUS,S1,S1,B1GQ,_Z,_Z,_Z,USD_PPP,V,LA,T0102,2011-Q4,984599.6
DATAFLOW,OECD.SDD.NAD:DSD_NAMAIN1@DF_QNA_EXPENDITURE_USD(1.1),I,Q,Y,AUS,S1,S1,B1GQ,_Z,_Z,_Z,USD_PPP,V,LA,T0102,2012-Q1,974926.6
DATAFLOW,OECD.SDD.NAD:DSD_NAMAIN1@DF_QNA_EXPENDITURE_USD(1.1),I,Q,Y,AUS,S1,S1,B1GQ,_Z,_Z,_Z,USD_PPP,V,LA,T0102,2012-Q2,976379.8
DATAFLOW,OECD.SDD.NAD:DSD_NAMAIN1@DF_QNA_EXPENDITURE_USD(1.1),I,Q,Y,AUS,S1,S1,B1GQ,_Z,_Z,_Z,USD_PPP,V,LA,T0102,2012-Q3,988418.7
DATAFLOW,OECD.SDD.NAD:DSD_NAMAIN1@DF_QNA_EXPENDITURE_USD(1.1),I,Q,Y,AUS,S1,S1,B1GQ,_Z,_Z,_Z,USD_PPP,V,LA,T0102,2012-Q4,1012380.3
DATAFLOW,OECD.SDD.NAD:DSD_NAMAIN1@DF_QNA_EXPENDITURE_USD(1.1),I,Q,Y,AUS,S1,S1,B1GQ,_Z,_Z,_Z,USD_PPP,V,LA,T0102,2013-Q1,1052248.6
DATAFLOW,OECD.SDD.NAD:DSD_NAMAIN1@DF_QNA_EXPENDITURE_USD(1.1),I,Q,Y,AUS,S1,S1,B1GQ,_Z,_Z,_Z,USD_PPP,V,LA,T0102,2013-Q2,1080690.7
DATAFLOW,OECD.SDD.NAD:DSD_NAMAIN1@DF_QNA_EXPENDITURE_USD(1.1),I,Q,Y,AUS,S1,S1,B1GQ,_Z,_Z,_Z,USD_PPP,V,LA,T0102,2013-Q3,1105435.0
DATAFLOW,OECD.SDD.NAD:DSD_NAMAIN1@DF_QNA_EXPENDITURE_USD(1.1),I,Q,Y,AUS,S1,S1,B1GQ,_Z,_Z,_Z,USD_PPP,V,LA,T0102,2013-Q4,1119988.6
DATAFLOW,OECD.SDD.NAD:DSD_NAMAIN1@DF_QNA_EXPENDITURE_USD(1.1),I,Q,Y,AUS,S1,S1,B1GQ,_Z,_Z,_Z,USD_PPP,V,LA,T0102,2014-Q1,1120604.1
DATAFLOW,OECD.SDD.NAD:DSD_NAMAIN1@DF_QNA_EXPENDITURE_USD(1.1),I,Q,Y,AUS,S1,S1,B1GQ,_Z,_Z,_Z,USD_PPP,V,LA,T0102,2014-Q2,1118824.5
DATAFLOW,OECD.SDD.NAD:DSD_NAMAIN1@DF_QNA_EXPENDITURE_USD(1.1),I,Q,Y,AUS,S1,S1,B1GQ,_Z,_Z,_Z,USD_PPP,V,LA,T0102,2014-Q3,1114893.7
DATAFLOW,OECD.SDD.NAD:DSD_NAMAIN1@DF_QNA_EXPENDITURE_USD(1.1),I,Q,Y,AUS,S1,S1,B1GQ,_Z,_Z,_Z,USD_PPP,V,LA,T0102,2014-Q4,1109295.8
DATAFLOW,OECD.SDD.NAD:DSD_NAMAIN1@DF_QNA_EXPENDITURE_USD(1.1),I,Q,Y,AUS,S1,S1,B1GQ,_Z,_Z,_Z,USD_PPP,V,LA,T0102,2015-Q1,1108222.6
DATAFLOW,OECD.SDD.NAD:DSD_NAMAIN1@DF_QNA_EXPENDITURE_USD(1.1),I,Q,Y,AUS,S1,S1,B1GQ,_Z,_Z,_Z,USD_PPP,V,LA,T0102,2015-Q2,1108145.8
DATAFLOW,OECD.SDD.NAD:DSD_NAMAIN1@DF_QNA_EXPENDITURE_USD(1.1),I,Q,Y,AUS,S1,S1,B1GQ,_Z,_Z,_Z,USD_PPP,V,LA,T0102,2015-Q3,1120840.7
DATAFLOW,OECD.SDD.NAD:DSD_NAMAIN1@DF_QNA_EXPENDITURE_USD(1.1),I,Q,Y,AUS,S1,S1,B1GQ,_Z,_Z,_Z,USD_PPP,V,LA,T0102,2015-Q4,1130838.7
DATAFLOW,OECD.SDD.NAD:DSD_NAMAIN1@DF_QNA_EXPENDITURE_USD(1.1),I,Q,Y,AUS,S1,S1,B1GQ,_Z,_Z,_Z,USD_PPP,V,LA,T0102,2016-Q1,1149367.0
DATAFLOW,OECD.SDD.NAD:DSD_NAMAIN1@DF_QNA_EXPENDITURE_USD(1.1),I,Q,Y,AUS,S1,S1,B1GQ,_Z,_Z,_Z,USD_PPP,V,LA,T0102,2016-Q2,1170819.8
DATAFLOW,OECD.SDD.NAD:DSD_NAMAIN1@DF_QNA_EXPENDITURE_USD(1.1),I,Q,Y,AUS,S1,S1,B1GQ,_Z,_Z,_Z,USD_PPP,V,LA,T0102,2016-Q3,1178793.4
DATAFLOW,OECD.SDD.NAD:DSD_NAMAIN1@DF_QNA_EXPENDITURE_USD(1.1),I,Q,Y,AUS,S1,S1,B1GQ,_Z,_Z,_Z,USD_PPP,V,LA,T0102,2016-Q4,1201102.0
DATAFLOW,OECD.SDD.NAD:DSD_NAMAIN1@DF_QNA_EXPENDITURE_USD(1.1),I,Q,Y,AUS,S1,S1,B1GQ,_Z,_Z,_Z,USD_PPP,V,LA,T0102,2017-Q1,1208789.6
DATAFLOW,OECD.SDD.NAD:DSD_NAMAIN1@DF_QNA_EXPENDITURE_USD(1.1),I,Q,Y,AUS,S1,S1,B1GQ,_Z,_Z,_Z,USD_PPP,V,LA,T0102,2017-Q2,1214324.8
DATAFLOW,OECD.SDD.NAD:DSD_NAMAIN1@DF_QNA_EXPENDITURE_USD(1.1),I,Q,Y,AUS,S1,S1,B1GQ,_Z,_Z,_Z,USD_PPP,V,LA,T0102,2017-Q3,1230218.0
DATAFLOW,OECD.SDD.NAD:DSD_NAMAIN1@DF_QNA_EXPENDITURE_USD(1.1),I,Q,Y,AUS,S1,S1,B1GQ,_Z,_Z,_Z,USD_PPP,V,LA,T0102,2017-Q4,1241554.8
DATAFLOW,OECD.SDD.NAD:DSD_NAMAIN1@DF_QNA_EXPENDITURE_USD(1.1),I,Q,Y,AUS,S1,S1,B1GQ,_Z,_Z,_Z,USD_PPP,V,LA,T0102,2018-Q1,1264453.3
DATAFLOW,OECD.SDD.NAD:DSD_NAMAIN1@DF_QNA_EXPENDITURE_USD(1.1),I,Q,Y,AUS,S1,S1,B1GQ,_Z,_Z,_Z,USD_PPP,V,LA,T0102,2018-Q2,1285776.8
DATAFLOW,OECD.SDD.NAD:DSD_NAMAIN1@DF_QNA_EXPENDITURE_USD(1.1),I,Q,Y,AUS,S1,S1,B1GQ,_Z,_Z,_Z,USD_PPP,V,LA,T0102,2018-Q3,1303021.9
DATAFLOW,OECD.SDD.NAD:DSD_NAMAIN1@DF_QNA_EXPENDITURE_USD(1.1),I,Q,Y,AUS,S1,S1,B1GQ,_Z,_Z,_Z,USD_PPP,V,LA,T0102,2018-Q4,1319616.5
DATAFLOW,OECD.SDD.NAD:DSD_NAMAIN1@DF_QNA_EXPENDITURE_USD(1.1),I,Q,Y,AUS,S1,S1,B1GQ,_Z,_Z,_Z,USD_PPP,V,LA,T0102,2019-Q1,1343425.8
DATAFLOW,OECD.SDD.NAD:DSD_NAMAIN1@DF_QNA_EXPENDITURE_USD(1.1),I,Q,Y,AUS,S1,S1,B1GQ,_Z,_Z,_Z,USD_PPP,V,LA,T0102,2019-Q2,1363570.4
DATAFLOW,OECD.SDD.NAD:DSD_NAMAIN1@DF_QNA_EXPENDITURE_USD(1.1),I,Q,Y,AUS,S1,S1,B1GQ,_Z,_Z,_Z,USD_PPP,V,LA,T0102,2019-Q3,1382898.0
DATAFLOW,OECD.SDD.NAD:DSD_NAMAIN1@DF_QNA_EXPENDITURE_USD(1.1),I,Q,Y,AUS,S1,S1,B1GQ,_Z,_Z,_Z,USD_PPP,V,LA,T0102,2019-Q4,1397246.7
DATAFLOW,OECD.SDD.NAD:DSD_NAMAIN1@DF_QNA_EXPENDITURE_USD(1.1),I,Q,Y,AUS,S1,S1,B1GQ,_Z,_Z,_Z,USD_PPP,V,LA,T0102,2020-Q1,1404173.4
DATAFLOW,OECD.SDD.NAD:DSD_NAMAIN1@DF_QNA_EXPENDITURE_USD(1.1),I,Q,Y,AUS,S1,S1,B1GQ,_Z,_Z,_Z,USD_PPP,V,LA,T0102,2020-Q2,1309373.6
DATAFLOW,OECD.SDD.NAD:DSD_NAMAIN1@DF_QNA_EXPENDITURE_USD(1.1),I,Q,Y,AUS,S1,S1,B1GQ,_Z,_Z,_Z,USD_PPP,V,LA,T0102,2020-Q3,1375662.3
DATAFLOW,OECD.SDD.NAD:DSD_NAMAIN1@DF_QNA_EXPENDITURE_USD(1.1),I,Q,Y,AUS,S1,S1,B1GQ,_Z,_Z,_Z,USD_PPP,V,LA,T0102,2020-Q4,1443953.2
DATAFLOW,OECD.SDD.NAD:DSD_NAMAIN1@DF_QNA_EXPENDITURE_USD(1.1),I,Q,Y,AUS,S1,S1,B1GQ,_Z,_Z,_Z,USD_PPP,V,LA,T0102,2021-Q1,1511691.8
DATAFLOW,OECD.SDD.NAD:DSD_NAMAIN1@DF_QNA_EXPENDITURE_USD(1.1),I,Q,Y,AUS,S1,S1,B1GQ,_Z,_Z,_Z,USD_PPP,V,LA,T0102,2021-Q2,1565868.4
DATAFLOW,OECD.SDD.NAD:DSD_NAMAIN1@DF_QNA_EXPENDITURE_USD(1.1),I,Q,Y,AUS,S1,S1,B1GQ,_Z,_Z,_Z,USD_PPP,V,LA,T0102,2021-Q3,1578322.5
DATAFLOW,OECD.SDD.NAD:DSD_NAMAIN1@DF_QNA_EXPENDITURE_USD(1.1),I,Q,Y,AUS,S1,S1,B1GQ,_Z,_Z,_Z,USD_PPP,V,LA,T0102,2021-Q4,1676418.6
DATAFLOW,OECD.SDD.NAD:DSD_NAMAIN1@DF_QNA_EXPENDITURE_USD(1.1),I,Q,Y,AUS,S1,S1,B1GQ,_Z,_Z,_Z,USD_PPP,V,LA,T0102,2022-Q1,1746510.5
DATAFLOW,OECD.SDD.NAD:DSD_NAMAIN1@DF_QNA_EXPENDITURE_USD(1.1),I,Q,Y,AUS,S1,S1,B1GQ,_Z,_Z,_Z,USD_PPP,V,LA,T0102,2022-Q2,1820556.7
DATAFLOW,OECD.SDD.NAD:DSD_NAMAIN1@DF_QNA_EXPENDITURE_USD(1.1),I,Q,Y,AUS,S1,S1,B1GQ,_Z,_Z,_Z,USD_PPP,V,LA,T0102,2022-Q3,1862105.0
DATAFLOW,OECD.SDD.NAD:DSD_NAMAIN1@DF_QNA_EXPENDITURE_USD(1.1),I,Q,Y,AUS,S1,S1,B1GQ,_Z,_Z,_Z,USD_PPP,V,LA,T0102,2022-Q4,1906103.8
DATAFLOW,OECD.SDD.NAD:DSD_NAMAIN1@DF_QNA_EXPENDITURE_USD(1.1),I,Q,Y,AUS,S1,S1,B1GQ,_Z,_Z,_Z,USD_PPP,V,LA,T0102,2023-Q1,1942490.6
DATAFLOW,OECD.SDD.NAD:DSD_NAMAIN1@DF_QNA_EXPENDITURE_USD(1.1),I,Q,Y,AUS,S1,S1,B1GQ,_Z,_Z,_Z,USD_PPP,V,LA,T0102,2023-Q2,1961051.3
DATAFLOW,OECD.SDD.NAD:DSD_NAMAIN1@DF_QNA_EXPENDITURE_USD(1.1),I,Q,Y,AUS,S1,S1,B1GQ,_Z,_Z,_Z,USD_PPP,V,LA,T0102,2023-Q3,1980335.2
DATAFLOW,OECD.SDD.NAD:DSD_NAMAIN1@DF_QNA_EXPENDITURE_USD(1.1),I,Q,Y,AUS,S1,S1,B1GQ,_Z,_Z,_Z,USD_PPP,V,LA,T0102,2023-Q4,1980589.2
DATAFLOW,OECD.SDD.NAD:DSD_NAMAIN1@DF_QNA_EXPENDITURE_USD(1.1),I,Q,Y,AUS,S1,S1,B1GQ,_Z,_Z,_Z,USD_PPP,V,LA,T0102,2024-Q1,1984896.4
DATAFLOW,OECD.SDD.NAD:DSD_NAMAIN1@DF_QNA_EXPENDITURE_USD(1.1),I,Q,Y,AUS,S1,S1,B1GQ,_Z,_Z,_Z,USD_PPP,V,LA,T0102,2024-Q2,1988225.8
DATAFLOW,OECD.SDD.NAD:DSD_NAMAIN1@DF_QNA_EXPENDITURE_USD(1.1),I,Q,Y,AUS,S1,S1,B1GQ,_Z,_Z,_Z,USD_PPP,V,LA,T0102,2024-Q3,1993564.5
DATAFLOW,OECD.SDD.NAD:DSD_NAMAIN1@DF_QNA_EXPENDITURE_USD(1.1),I,Q,Y,AUS,S1,S1,B1GQ,_Z,_Z,_Z,USD_PPP,V,LA,T0102,2024-Q4,2013126.6
DATAFLOW,OECD.SDD.NAD:DSD_NAMAIN1@DF_QNA_EXPENDITURE_USD(1.1),I,Q,Y,AUS,S1,S1,B1GQ,_Z,_Z,_Z,USD_PPP,V,LA,T0102,2025-Q1,2038804.8
DATAFLOW,OECD.SDD.NAD:DSD_NAMAIN1@DF_QNA_EXPENDITURE_USD(1.1),I,Q,Y,AUS,S1,S1,B1GQ,_Z,_Z,_Z,USD_PPP,V,LA,T0102,2025-Q2,2063668.1
DATAFLOW,OECD.SDD.NAD:DSD_NAMAIN1@DF_QNA_EXPENDITURE_USD(1.1),I,Q,Y,AUS,S1,S1,B1GQ,_Z,_Z,_Z,USD_PPP,V,LA,T0102,2025-Q3,2091787.7
DATAFLOW,OECD.SDD.NAD:DSD_NAMAIN1@DF_QNA_EXPENDITURE_USD(1.1),I,Q,Y,GBR,S1,S1,B1GQ,_Z,_Z,_Z,USD_PPP,V,LA,T0102,2023-Q3,4164208.3
DATAFLOW,OECD.SDD.NAD:DSD_NAMAIN1@DF_QNA_EXPENDITURE_USD(1.1),I,Q,Y,GBR,S1,S1,B1GQ,_Z,_Z,_Z,USD_PPP,V,LA,T0102,2023-Q4,4163811.7
DATAFLOW,OECD.SDD.NAD:DSD_NAMAIN1@DF_QNA_EXPENDITURE_USD(1.1),I,Q,Y,GBR,S1,S1,B1GQ,_Z,_Z,_Z,USD_PPP,V,LA,T0102,2024-Q1,4259877.4
DATAFLOW,OECD.SDD.NAD:DSD_NAMAIN1@DF_QNA_EXPENDITURE_USD(1.1),I,Q,Y,GBR,S1,S1,B1GQ,_Z,_Z,_Z,USD_PPP,V,LA,T0102,2024-Q2,4333600.8
DATAFLOW,OECD.SDD.NAD:DSD_NAMAIN1@DF_QNA_EXPENDITURE_USD(1.1),I,Q,Y,FRA,S1,S1,B1GQ,_Z,_Z,_Z,USD_PPP,V,LA,T0102,2024-Q2,4276698.2
DATAFLOW,OECD.SDD.NAD:DSD_NAMAIN1@DF_QNA_EXPENDITURE_USD(1.1),I,Q,Y,FRA,S1,S1,B1GQ,_Z,_Z,_Z,USD_PPP,V,LA,T0102,2024-Q3,4299185.5
DATAFLOW,OECD.SDD.NAD:DSD_NAMAIN1@DF_QNA_EXPENDITURE_USD(1.1),I,Q,Y,GBR,S1,S1,B1GQ,_Z,_Z,_Z,USD_PPP,V,LA,T0102,2024-Q3,4383622.9
DATAFLOW,OECD.SDD.NAD:DSD_NAMAIN1@DF_QNA_EXPENDITURE_USD(1.1),I,Q,Y,GBR,S1,S1,B1GQ,_Z,_Z,_Z,USD_PPP,V,LA,T0102,2024-Q4,4432018.5
DATAFLOW,OECD.SDD.NAD:DSD_NAMAIN1@DF_QNA_EXPENDITURE_USD(1.1),I,Q,Y,FRA,S1,S1,B1GQ,_Z,_Z,_Z,USD_PPP,V,LA,T0102,2024-Q4,4321239.0
DATAFLOW,OECD.SDD.NAD:DSD_NAMAIN1@DF_QNA_EXPENDITURE_USD(1.1),I,Q,Y,FRA,S1,S1,B1GQ,_Z,_Z,_Z,USD_PPP,V,LA,T0102,2025-Q1,4363198.3
DATAFLOW,OECD.SDD.NAD:DSD_NAMAIN1@DF_QNA_EXPENDITURE_USD(1.1),I,Q,Y,FRA,S1,S1,B1GQ,_Z,_Z,_Z,USD_PPP,V,LA,T0102,2025-Q2,4397581.1
DATAFLOW,OECD.SDD.NAD:DSD_NAMAIN1@DF_QNA_EXPENDITURE_USD(1.1),I,Q,Y,FRA,S1,S1,B1GQ,_Z,_Z,_Z,USD_PPP,V,LA,T0102,2025-Q3,4459321.8
DATAFLOW,OECD.SDD.NAD:DSD_NAMAIN1@DF_QNA_EXPENDITURE_USD(1.1),I,Q,Y,JPN,S1,S1,B1GQ,_Z,_Z,_Z,USD_PPP,V,LA,T0102,2016-Q4,5264726.2
DATAFLOW,OECD.SDD.NAD:DSD_NAMAIN1@DF_QNA_EXPENDITURE_USD(1.1),I,Q,Y,JPN,S1,S1,B1GQ,_Z,_Z,_Z,USD_PPP,V,LA,T0102,2017-Q1,5320748.5
DATAFLOW,OECD.SDD.NAD:DSD_NAMAIN1@DF_QNA_EXPENDITURE_USD(1.1),I,Q,Y,JPN,S1,S1,B1GQ,_Z,_Z,_Z,USD_PPP,V,LA,T0102,2017-Q2,5339585.6
DATAFLOW,OECD.SDD.NAD:DSD_NAMAIN1@DF_QNA_EXPENDITURE_USD(1.1),I,Q,Y,JPN,S1,S1,B1GQ,_Z,_Z,_Z,USD_PPP,V,LA,T0102,2017-Q3,5412014.4
DATAFLOW,OECD.SDD.NAD:DSD_NAMAIN1@DF_QNA_EXPENDITURE_USD(1.1),I,Q,Y,JPN,S1,S1,B1GQ,_Z,_Z,_Z,USD_PPP,V,LA,T0102,2017-Q4,5432249.9
DATAFLOW,OECD.SDD.NAD:DSD_NAMAIN1@DF_QNA_EXPENDITURE_USD(1.1),I,Q,Y,JPN,S1,S1,B1GQ,_Z,_Z,_Z,USD_PPP,V,LA,T0102,2018-Q1,5433123.4
DATAFLOW,OECD.SDD.NAD:DSD_NAMAIN1@DF_QNA_EXPENDITURE_USD(1.1),I,Q,Y,JPN,S1,S1,B1GQ,_Z,_Z,_Z,USD_PPP,V,LA,T0102,2018-Q2,5483768.2
DATAFLOW,OECD.SDD.NAD:DSD_NAMAIN1@DF_QNA_EXPENDITURE_USD(1.1),I,Q,Y,JPN,S1,S1,B1GQ,_Z,_Z,_Z,USD_PPP,V,LA,T0102,2018-Q3,5463772.9
DATAFLOW,OECD.SDD.NAD:DSD_NAMAIN1@DF_QNA_EXPENDITURE_USD(1.1),I,Q,Y,JPN,S1,S1,B1GQ,_Z,_Z,_Z,USD_PPP,V,LA,T0102,2018-Q4,5478409.1
DATAFLOW,OECD.SDD.NAD:DSD_NAMAIN1@DF_QNA_EXPENDITURE_USD(1.1),I,Q,Y,JPN,S1,S1,B1GQ,_Z,_Z,_Z,USD_PPP,V,LA,T0102,2019-Q1,5495734.7
DATAFLOW,OECD.SDD.NAD:DSD_NAMAIN1@DF_QNA_EXPENDITURE_USD(1.1),I,Q,Y,JPN,S1,S1,B1GQ,_Z,_Z,_Z,USD_PPP,V,LA,T0102,2019-Q2,5554863.7
DATAFLOW,OECD.SDD.NAD:DSD_NAMAIN1@DF_QNA_EXPENDITURE_USD(1.1),I,Q,Y,JPN,S1,S1,B1GQ,_Z,_Z,_Z,USD_PPP,V,LA,T0102,2019-Q3,5602942.0
DATAFLOW,OECD.SDD.NAD:DSD_NAMAIN1@DF_QNA_EXPENDITURE_USD(1.1),I,Q,Y,JPN,S1,S1,B1GQ,_Z,_Z,_Z,USD_PPP,V,LA,T0102,2019-Q4,5504901.2
DATAFLOW,OECD.SDD.NAD:DSD_NAMAIN1@DF_QNA_EXPENDITURE_USD(1.1),I,Q,Y,JPN,S1,S1,B1GQ,_Z,_Z,_Z,USD_PPP,V,LA,T0102,2020-Q1,5616820.8
DATAFLOW,OECD.SDD.NAD:DSD_NAMAIN1@DF_QNA_EXPENDITURE_USD(1.1),I,Q,Y,JPN,S1,S1,B1GQ,_Z,_Z,_Z,USD_PPP,V,LA,T0102,2020-Q2,5221248.6
DATAFLOW,OECD.SDD.NAD:DSD_NAMAIN1@DF_QNA_EXPENDITURE_USD(1.1),I,Q,Y,JPN,S1,S1,B1GQ,_Z,_Z,_Z,USD_PPP,V,LA,T0102,2020-Q3,5530635.8
DATAFLOW,OECD.SDD.NAD:DSD_NAMAIN1@DF_QNA_EXPENDITURE_USD(1.1),I,Q,Y,JPN,S1,S1,B1GQ,_Z,_Z,_Z,USD_PPP,V,LA,T0102,2020-Q4,5622824.9
DATAFLOW,OECD.SDD.NAD:DSD_NAMAIN1@DF_QNA_EXPENDITURE_USD(1.1),I,Q,Y,JPN,S1,S1,B1GQ,_Z,_Z,_Z,USD_PPP,V,LA,T0102,2021-Q1,5685391.0
DATAFLOW,OECD.SDD.NAD:DSD_NAMAIN1@DF_QNA_EXPENDITURE_USD(1.1),I,Q,Y,JPN,S1,S1,B1GQ,_Z,_Z,_Z,USD_PPP,V,LA,T0102,2021-Q2,5755181.6
DATAFLOW,OECD.SDD.NAD:DSD_NAMAIN1@DF_QNA_EXPENDITURE_USD(1.1),I,Q,Y,JPN,S1,S1,B1GQ,_Z,_Z,_Z,USD_PPP,V,LA,T0102,2021-Q3,5783842.1
DATAFLOW,OECD.SDD.NAD:DSD_NAMAIN1@DF_QNA_EXPENDITURE_USD(1.1),I,Q,Y,JPN,S1,S1,B1GQ,_Z,_Z,_Z,USD_PPP,V,LA,T0102,2021-Q4,5909153.4
DATAFLOW,OECD.SDD.NAD:DSD_NAMAIN1@DF_QNA_EXPENDITURE_USD(1.1),I,Q,Y,JPN,S1,S1,B1GQ,_Z,_Z,_Z,USD_PPP,V,LA,T0102,2022-Q1,5975517.7
DATAFLOW,OECD.SDD.NAD:DSD_NAMAIN1@DF_QNA_EXPENDITURE_USD(1.1),I,Q,Y,JPN,S1,S1,B1GQ,_Z,_Z,_Z,USD_PPP,V,LA,T0102,2022-Q2,6151795.9
DATAFLOW,OECD.SDD.NAD:DSD_NAMAIN1@DF_QNA_EXPENDITURE_USD(1.1),I,Q,Y,JPN,S1,S1,B1GQ,_Z,_Z,_Z,USD_PPP,V,LA,T0102,2022-Q3,6205265.6
DATAFLOW,OECD.SDD.NAD:DSD_NAMAIN1@DF_QNA_EXPENDITURE_USD(1.1),I,Q,Y,JPN,S1,S1,B1GQ,_Z,_Z,_Z,USD_PPP,V,LA,T0102,2022-Q4,6324791.9
DATAFLOW,OECD.SDD.NAD:DSD_NAMAIN1@DF_QNA_EXPENDITURE_USD(1.1),I,Q,Y,JPN,S1,S1,B1GQ,_Z,_Z,_Z,USD_PPP,V,LA,T0102,2023-Q1,6488172.7
DATAFLOW,OECD.SDD.NAD:DSD_NAMAIN1@DF_QNA_EXPENDITURE_USD(1.1),I,Q,Y,JPN,S1,S1,B1GQ,_Z,_Z,_Z,USD_PPP,V,LA,T0102,2023-Q2,6580040.1
DATAFLOW,OECD.SDD.NAD:DSD_NAMAIN1@DF_QNA_EXPENDITURE_USD(1.1),I,Q,Y,JPN,S1,S1,B1GQ,_Z,_Z,_Z,USD_PPP,V,LA,T0102,2023-Q3,6566160.2
DATAFLOW,OECD.SDD.NAD:DSD_NAMAIN1@DF_QNA_EXPENDITURE_USD(1.1),I,Q,Y,JPN,S1,S1,B1GQ,_Z,_Z,_Z,USD_PPP,V,LA,T0102,2023-Q4,6625296.1
DATAFLOW,OECD.SDD.NAD:DSD_NAMAIN1@DF_QNA_EXPENDITURE_USD(1.1),I,Q,Y,JPN,S1,S1,B1GQ,_Z,_Z,_Z,USD_PPP,V,LA,T0102,2024-Q1,6626115.5
DATAFLOW,OECD.SDD.NAD:DSD_NAMAIN1@DF_QNA_EXPENDITURE_USD(1.1),I,Q,Y,JPN,S1,S1,B1GQ,_Z,_Z,_Z,USD_PPP,V,LA,T0102,2024-Q2,6676024.6
DATAFLOW,OECD.SDD.NAD:DSD_NAMAIN1@DF_QNA_EXPENDITURE_USD(1.1),I,Q,Y,JPN,S1,S1,B1GQ,_Z,_Z,_Z,USD_PPP,V,LA,T0102,2024-Q3,6744640.9
DATAFLOW,OECD.SDD.NAD:DSD_NAMAIN1@DF_QNA_EXPENDITURE_USD(1.1),I,Q,Y,JPN,S1,S1,B1GQ,_Z,_Z,_Z,USD_PPP,V,LA,T0102,2024-Q4,6803027.4
DATAFLOW,OECD.SDD.NAD:DSD_NAMAIN1@DF_QNA_EXPENDITURE_USD(1.1),I,Q,Y,JPN,S1,S1,B1GQ,_Z,_Z,_Z,USD_PPP,V,LA,T0102,2025-Q1,6888918.7
DATAFLOW,OECD.SDD.NAD:DSD_NAMAIN1@DF_QNA_EXPENDITURE_USD(1.1),I,Q,Y,JPN,S1,S1,B1GQ,_Z,_Z,_Z,USD_PPP,V,LA,T0102,2025-Q2,6965416.3
DATAFLOW,OECD.SDD.NAD:DSD_NAMAIN1@DF_QNA_EXPENDITURE_USD(1.1),I,Q,Y,JPN,S1,S1,B1GQ,_Z,_Z,_Z,USD_PPP,V,LA,T0102,2025-Q3,6989772.3
DATAFLOW,OECD.SDD.NAD:DSD_NAMAIN1@DF_QNA_EXPENDITURE_USD(1.1),I,Q,Y,USA,S1,S1,B1GQ,_Z,_Z,_Z,USD_PPP,V,LA,T0102,2025-Q4,31490070.0
DATAFLOW,OECD.SDD.NAD:DSD_NAMAIN1@DF_QNA_EXPENDITURE_USD(1.1),I,Q,Y,GBR,S1,S1,B1GQ,_Z,_Z,_Z,USD_PPP,V,LA,T0102,2025-Q1,4497004.0
DATAFLOW,OECD.SDD.NAD:DSD_NAMAIN1@DF_QNA_EXPENDITURE_USD(1.1),I,Q,Y,GBR,S1,S1,B1GQ,_Z,_Z,_Z,USD_PPP,V,LA,T0102,2025-Q2,4539353.3
DATAFLOW,OECD.SDD.NAD:DSD_NAMAIN1@DF_QNA_EXPENDITURE_USD(1.1),I,Q,Y,GBR,S1,S1,B1GQ,_Z,_Z,_Z,USD_PPP,V,LA,T0102,2025-Q3,4583318.5
DATAFLOW,OECD.SDD.NAD:DSD_NAMAIN1@DF_QNA_EXPENDITURE_USD(1.1),I,Q,Y,KOR,S1,S1,B1GQ,_Z,_Z,_Z,USD_PPP,V,LA,T0102,2024-Q1,3117037.0
DATAFLOW,OECD.SDD.NAD:DSD_NAMAIN1@DF_QNA_EXPENDITURE_USD(1.1),I,Q,Y,KOR,S1,S1,B1GQ,_Z,_Z,_Z,USD_PPP,V,LA,T0102,2024-Q2,3147329.0
DATAFLOW,OECD.SDD.NAD:DSD_NAMAIN1@DF_QNA_EXPENDITURE_USD(1.1),I,Q,Y,KOR,S1,S1,B1GQ,_Z,_Z,_Z,USD_PPP,V,LA,T0102,2024-Q3,3168417.4
DATAFLOW,OECD.SDD.NAD:DSD_NAMAIN1@DF_QNA_EXPENDITURE_USD(1.1),I,Q,Y,KOR,S1,S1,B1GQ,_Z,_Z,_Z,USD_PPP,V,LA,T0102,2024-Q4,3205302.0
DATAFLOW,OECD.SDD.NAD:DSD_NAMAIN1@DF_QNA_EXPENDITURE_USD(1.1),I,Q,Y,KOR,S1,S1,B1GQ,_Z,_Z,_Z,USD_PPP,V,LA,T0102,2025-Q1,3220930.2
DATAFLOW,OECD.SDD.NAD:DSD_NAMAIN1@DF_QNA_EXPENDITURE_USD(1.1),I,Q,Y,KOR,S1,S1,B1GQ,_Z,_Z,_Z,USD_PPP,V,LA,T0102,2025-Q2,3264814.2
DATAFLOW,OECD.SDD.NAD:DSD_NAMAIN1@DF_QNA_EXPENDITURE_USD(1.1),I,Q,Y,KOR,S1,S1,B1GQ,_Z,_Z,_Z,USD_PPP,V,LA,T0102,2025-Q3,3329857.8
DATAFLOW,OECD.SDD.NAD:DSD_NAMAIN1@DF_QNA_EXPENDITURE_USD(1.1),I,Q,Y,DEU,S1,S1,B1GQ,_Z,_Z,_Z,USD_PPP,V,LA,T0102,2022-Q1,5580696.6
DATAFLOW,OECD.SDD.NAD:DSD_NAMAIN1@DF_QNA_EXPENDITURE_USD(1.1),I,Q,Y,DEU,S1,S1,B1GQ,_Z,_Z,_Z,USD_PPP,V,LA,T0102,2022-Q2,5760717.9
DATAFLOW,OECD.SDD.NAD:DSD_NAMAIN1@DF_QNA_EXPENDITURE_USD(1.1),I,Q,Y,DEU,S1,S1,B1GQ,_Z,_Z,_Z,USD_PPP,V,LA,T0102,2022-Q3,5876010.2
DATAFLOW,OECD.SDD.NAD:DSD_NAMAIN1@DF_QNA_EXPENDITURE_USD(1.1),I,Q,Y,DEU,S1,S1,B1GQ,_Z,_Z,_Z,USD_PPP,V,LA,T0102,2022-Q4,5927290.3
DATAFLOW,OECD.SDD.NAD:DSD_NAMAIN1@DF_QNA_EXPENDITURE_USD(1.1),I,Q,Y,DEU,S1,S1,B1GQ,_Z,_Z,_Z,USD_PPP,V,LA,T0102,2023-Q1,5959459.1
DATAFLOW,OECD.SDD.NAD:DSD_NAMAIN1@DF_QNA_EXPENDITURE_USD(1.1),I,Q,Y,DEU,S1,S1,B1GQ,_Z,_Z,_Z,USD_PPP,V,LA,T0102,2023-Q2,5995290.8
DATAFLOW,OECD.SDD.NAD:DSD_NAMAIN1@DF_QNA_EXPENDITURE_USD(1.1),I,Q,Y,DEU,S1,S1,B1GQ,_Z,_Z,_Z,USD_PPP,V,LA,T0102,2023-Q3,6056687.7
DATAFLOW,OECD.SDD.NAD:DSD_NAMAIN1@DF_QNA_EXPENDITURE_USD(1.1),I,Q,Y,DEU,S1,S1,B1GQ,_Z,_Z,_Z,USD_PPP,V,LA,T0102,2023-Q4,6070421.3
DATAFLOW,OECD.SDD.NAD:DSD_NAMAIN1@DF_QNA_EXPENDITURE_USD(1.1),I,Q,Y,DEU,S1,S1,B1GQ,_Z,_Z,_Z,USD_PPP,V,LA,T0102,2024-Q1,6126891.0
DATAFLOW,OECD.SDD.NAD:DSD_NAMAIN1@DF_QNA_EXPENDITURE_USD(1.1),I,Q,Y,DEU,S1,S1,B1GQ,_Z,_Z,_Z,USD_PPP,V,LA,T0102,2024-Q2,6159652.6
DATAFLOW,OECD.SDD.NAD:DSD_NAMAIN1@DF_QNA_EXPENDITURE_USD(1.1),I,Q,Y,DEU,S1,S1,B1GQ,_Z,_Z,_Z,USD_PPP,V,LA,T0102,2024-Q3,6192255.2
DATAFLOW,OECD.SDD.NAD:DSD_NAMAIN1@DF_QNA_EXPENDITURE_USD(1.1),I,Q,Y,DEU,S1,S1,B1GQ,_Z,_Z,_Z,USD_PPP,V,LA,T0102,2024-Q4,6241696.2
DATAFLOW,OECD.SDD.NAD:DSD_NAMAIN1@DF_QNA_EXPENDITURE_USD(1.1),I,Q,Y,DEU,S1,S1,B1GQ,_Z,_Z,_Z,USD_PPP,V,LA,T0102,2025-Q1,6335860.2
DATAFLOW,OECD.SDD.NAD:DSD_NAMAIN1@DF_QNA_EXPENDITURE_USD(1.1),I,Q,Y,DEU,S1,S1,B1GQ,_Z,_Z,_Z,USD_PPP,V,LA,T0102,2025-Q2,6341574.5
DATAFLOW,OECD.SDD.NAD:DSD_NAMAIN1@DF_QNA_EXPENDITURE_USD(1.1),I,Q,Y,DEU,S1,S1,B1GQ,_Z,_Z,_Z,USD_PPP,V,LA,T0102,2025-Q3,6395440.7
