country_id,country_name,indicator_id,indicator_name,date,value
AU,Australia,NY.GDP.PCAP.CD,GDP per capita (current US$),2007,41128.2476618402
AU,Australia,NY.GDP.PCAP.CD,GDP per capita (current US$),2008,49811.2067218988
AU,Australia,NY.GDP.PCAP.CD,GDP per capita (current US$),2009,42954.8494884573
AU,Australia,NY.GDP.PCAP.CD,GDP per capita (current US$),2010,52313.8939041213
AU,Australia,NY.GDP.PCAP.CD,GDP per capita (current US$),2011,62799.3895017032
AU,Australia,NY.GDP.PCAP.CD,GDP per capita (current US$),2012,68301.4402512587
AU,Australia,NY.GDP.PCAP.CD,GDP per capita (current US$),2013,68476.6788496118
AU,Australia,NY.GDP.PCAP.CD,GDP per capita (current US$),2014,62817.2061751737
AU,Australia,NY.GDP.PCAP.CD,GDP per capita (current US$),2015,56970.3613028094
AU,Australia,NY.GDP.PCAP.CD,GDP per capita (current US$),2016,50084.4440606385
AU,Australia,NY.GDP.PCAP.CD,GDP per capita (current US$),2017,54117.547718609
AU,Australia,NY.GDP.PCAP.CD,GDP per capita (current US$),2018,57410.1737346009
AU,Australia,NY.GDP.PCAP.CD,GDP per capita (current US$),2019,55194.7585097428
AU,Australia,NY.GDP.PCAP.CD,GDP per capita (current US$),2020,51983.4523666382
AU,Australia,NY.GDP.PCAP.CD,GDP per capita (current US$),2021,60758.9044397144
AU,Australia,NY.GDP.PCAP.CD,GDP per capita (current US$),2022,65169.5191118657
AU,Australia,NY.GDP.PCAP.CD,GDP per capita (current US$),2023,65058.3773146674
AU,Australia,NY.GDP.PCAP.CD,GDP per capita (current US$),2024,64603.9856308464
BR,Brazil,NY.GDP.PCAP.CD,GDP per capita (current US$),2007,7409.69003822861
BR,Brazil,NY.GDP.PCAP.CD,GDP per capita (current US$),2008,8908.33338467948
BR,Brazil,NY.GDP.PCAP.CD,GDP per capita (current US$),2009,8678.6584730653
BR,Brazil,NY.GDP.PCAP.CD,GDP per capita (current US$),2010,11403.2840038694
BR,Brazil,NY.GDP.PCAP.CD,GDP per capita (current US$),2011,13396.6263158041
BR,Brazil,NY.GDP.PCAP.CD,GDP per capita (current US$),2012,12521.7238454434
BR,Brazil,NY.GDP.PCAP.CD,GDP per capita (current US$),2013,12458.8903396625
BR,Brazil,NY.GDP.PCAP.CD,GDP per capita (current US$),2014,12274.9941630213
BR,Brazil,NY.GDP.PCAP.CD,GDP per capita (current US$),2015,8936.1955889444
BR,Brazil,NY.GDP.PCAP.CD,GDP per capita (current US$),2016,8836.28546025694
BR,Brazil,NY.GDP.PCAP.CD,GDP per capita (current US$),2017,10080.5078722821
BR,Brazil,NY.GDP.PCAP.CD,GDP per capita (current US$),2018,9300.66072904004
BR,Brazil,NY.GDP.PCAP.CD,GDP per capita (current US$),2019,9029.83304401079
BR,Brazil,NY.GDP.PCAP.CD,GDP per capita (current US$),2020,7074.19407495707
BR,Brazil,NY.GDP.PCAP.CD,GDP per capita (current US$),2021,7972.53696080695
BR,Brazil,NY.GDP.PCAP.CD,GDP per capita (current US$),2022,9281.33282136864
BR,Brazil,NY.GDP.PCAP.CD,GDP per capita (current US$),2023,10377.5897719195
BR,Brazil,NY.GDP.PCAP.CD,GDP per capita (current US$),2024,10310.5488778166
CA,Canada,NY.GDP.PCAP.CD,GDP per capita (current US$),2007,44660.0838892281
CA,Canada,NY.GDP.PCAP.CD,GDP per capita (current US$),2008,46710.2526864484
CA,Canada,NY.GDP.PCAP.CD,GDP per capita (current US$),2009,40874.8831932903
CA,Canada,NY.GDP.PCAP.CD,GDP per capita (current US$),2010,47560.6666009406
CA,Canada,NY.GDP.PCAP.CD,GDP per capita (current US$),2011,52223.8588398531
CA,Canada,NY.GDP.PCAP.CD,GDP per capita (current US$),2012,52670.3447335415
CA,Canada,NY.GDP.PCAP.CD,GDP per capita (current US$),2013,52638.1187235237
CA,Canada,NY.GDP.PCAP.CD,GDP per capita (current US$),2014,50960.8431174661
CA,Canada,NY.GDP.PCAP.CD,GDP per capita (current US$),2015,43594.1941045394
CA,Canada,NY.GDP.PCAP.CD,GDP per capita (current US$),2016,42314.0615817218
CA,Canada,NY.GDP.PCAP.CD,GDP per capita (current US$),2017,45129.628116623
CA,Canada,NY.GDP.PCAP.CD,GDP per capita (current US$),2018,46539.1761570405
CA,Canada,NY.GDP.PCAP.CD,GDP per capita (current US$),2019,46352.8693445211
CA,Canada,NY.GDP.PCAP.CD,GDP per capita (current US$),2020,43537.839298904
CA,Canada,NY.GDP.PCAP.CD,GDP per capita (current US$),2021,52886.6616372703
CA,Canada,NY.GDP.PCAP.CD,GDP per capita (current US$),2022,56256.8007264015
CA,Canada,NY.GDP.PCAP.CD,GDP per capita (current US$),2023,54220.3285039875
CA,Canada,NY.GDP.PCAP.CD,GDP per capita (current US$),2024,54340.3477224733
CN,China,NY.GDP.PCAP.CD,GDP per capita (current US$),2007,2734.72709877693
CN,China,NY.GDP.PCAP.CD,GDP per capita (current US$),2008,3523.44302065213
CN,China,NY.GDP.PCAP.CD,GDP per capita (current US$),2009,3898.24459158811
CN,China,NY.GDP.PCAP.CD,GDP per capita (current US$),2010,4629.24551710077
CN,China,NY.GDP.PCAP.CD,GDP per capita (current US$),2011,5703.76027973346
CN,China,NY.GDP.PCAP.CD,GDP per capita (current US$),2012,6405.0574241349
CN,China,NY.GDP.PCAP.CD,GDP per capita (current US$),2013,7147.03518622344
CN,China,NY.GDP.PCAP.CD,GDP per capita (current US$),2014,7781.06597484974
CN,China,NY.GDP.PCAP.CD,GDP per capita (current US$),2015,8175.33285077393
CN,China,NY.GDP.PCAP.CD,GDP per capita (current US$),2016,8254.86859320357
CN,China,NY.GDP.PCAP.CD,GDP per capita (current US$),2017,8979.67652709856
CN,China,NY.GDP.PCAP.CD,GDP per capita (current US$),2018,10085.6638148819
CN,China,NY.GDP.PCAP.CD,GDP per capita (current US$),2019,10342.9009524335
CN,China,NY.GDP.PCAP.CD,GDP per capita (current US$),2020,10627.4637989619
CN,China,NY.GDP.PCAP.CD,GDP per capita (current US$),2021,12887.4357242941
CN,China,NY.GDP.PCAP.CD,GDP per capita (current US$),2022,12970.6056414327
CN,China,NY.GDP.PCAP.CD,GDP per capita (current US$),2023,12951.1782397043
CN,China,NY.GDP.PCAP.CD,GDP per capita (current US$),2024,13303.1481543868
DE,Germany,NY.GDP.PCAP.CD,GDP per capita (current US$),2007,42350.9217211489
DE,Germany,NY.GDP.PCAP.CD,GDP per capita (current US$),2008,46379.1647953479
DE,Germany,NY.GDP.PCAP.CD,GDP per capita (current US$),2009,42471.8868625226
DE,Germany,NY.GDP.PCAP.CD,GDP per capita (current US$),2010,42396.9665976293
DE,Germany,NY.GDP.PCAP.CD,GDP per capita (current US$),2011,47630.9761883572
DE,Germany,NY.GDP.PCAP.CD,GDP per capita (current US$),2012,44718.0159214069
DE,Germany,NY.GDP.PCAP.CD,GDP per capita (current US$),2013,47206.8353514242
DE,Germany,NY.GDP.PCAP.CD,GDP per capita (current US$),2014,48959.5991203133
DE,Germany,NY.GDP.PCAP.CD,GDP per capita (current US$),2015,41929.7549110722
DE,Germany,NY.GDP.PCAP.CD,GDP per capita (current US$),2016,42948.9381932694
DE,Germany,NY.GDP.PCAP.CD,GDP per capita (current US$),2017,45553.9341495339
DE,Germany,NY.GDP.PCAP.CD,GDP per capita (current US$),2018,48916.1686612154
DE,Germany,NY.GDP.PCAP.CD,GDP per capita (current US$),2019,47656.199739747
DE,Germany,NY.GDP.PCAP.CD,GDP per capita (current US$),2020,47394.8734504469
DE,Germany,NY.GDP.PCAP.CD,GDP per capita (current US$),2021,52349.2459994422
DE,Germany,NY.GDP.PCAP.CD,GDP per capita (current US$),2022,50506.5179638543
DE,Germany,NY.GDP.PCAP.CD,GDP per capita (current US$),2023,54776.7668235491
DE,Germany,NY.GDP.PCAP.CD,GDP per capita (current US$),2024,56103.7323182554
FR,France,NY.GDP.PCAP.CD,GDP per capita (current US$),2007,41486.1907828787
FR,France,NY.GDP.PCAP.CD,GDP per capita (current US$),2008,45464.8181385158
FR,France,NY.GDP.PCAP.CD,GDP per capita (current US$),2009,41728.0884164132
FR,France,NY.GDP.PCAP.CD,GDP per capita (current US$),2010,40694.8211697025
FR,France,NY.GDP.PCAP.CD,GDP per capita (current US$),2011,43929.7840873812
FR,France,NY.GDP.PCAP.CD,GDP per capita (current US$),2012,40863.5814412333
FR,France,NY.GDP.PCAP.CD,GDP per capita (current US$),2013,42669.1795111893
FR,France,NY.GDP.PCAP.CD,GDP per capita (current US$),2014,43148.0459288416
FR,France,NY.GDP.PCAP.CD,GDP per capita (current US$),2015,36702.4323733379
FR,France,NY.GDP.PCAP.CD,GDP per capita (current US$),2016,37024.2157133669
FR,France,NY.GDP.PCAP.CD,GDP per capita (current US$),2017,38687.1626407164
FR,France,NY.GDP.PCAP.CD,GDP per capita (current US$),2018,41418.1766484844
FR,France,NY.GDP.PCAP.CD,GDP per capita (current US$),2019,40408.2848574751
FR,France,NY.GDP.PCAP.CD,GDP per capita (current US$),2020,39169.8606000707
FR,France,NY.GDP.PCAP.CD,GDP per capita (current US$),2021,43725.0999521245
FR,France,NY.GDP.PCAP.CD,GDP per capita (current US$),2022,40988.6396406579
FR,France,NY.GDP.PCAP.CD,GDP per capita (current US$),2023,44700.1384177544
FR,France,NY.GDP.PCAP.CD,GDP per capita (current US$),2024,46103.0840855884
GB,United Kingdom,NY.GDP.PCAP.CD,GDP per capita (current US$),2007,50629.0799172887
GB,United Kingdom,NY.GDP.PCAP.CD,GDP per capita (current US$),2008,47652.4030691881
GB,United Kingdom,NY.GDP.PCAP.CD,GDP per capita (current US$),2009,39009.3715547821
GB,United Kingdom,NY.GDP.PCAP.CD,GDP per capita (current US$),2010,39778.3220528565
GB,United Kingdom,NY.GDP.PCAP.CD,GDP per capita (current US$),2011,42295.9273835322
GB,United Kingdom,NY.GDP.PCAP.CD,GDP per capita (current US$),2012,42688.3263728372
GB,United Kingdom,NY.GDP.PCAP.CD,GDP per capita (current US$),2013,43606.9837896348
GB,United Kingdom,NY.GDP.PCAP.CD,GDP per capita (current US$),2014,47746.2421759562
GB,United Kingdom,NY.GDP.PCAP.CD,GDP per capita (current US$),2015,45255.3449216209
GB,United Kingdom,NY.GDP.PCAP.CD,GDP per capita (current US$),2016,41257.9085545556
GB,United Kingdom,NY.GDP.PCAP.CD,GDP per capita (current US$),2017,40916.8115070354
GB,United Kingdom,NY.GDP.PCAP.CD,GDP per capita (current US$),2018,43702.9976303165
GB,United Kingdom,NY.GDP.PCAP.CD,GDP per capita (current US$),2019,43158.7411267323
GB,United Kingdom,NY.GDP.PCAP.CD,GDP per capita (current US$),2020,40812.6794663879
GB,United Kingdom,NY.GDP.PCAP.CD,GDP per capita (current US$),2021,47691.3768799404
GB,United Kingdom,NY.GDP.PCAP.CD,GDP per capita (current US$),2022,47057.043229179
GB,United Kingdom,NY.GDP.PCAP.CD,GDP per capita (current US$),2023,49944.4702124201
GB,United Kingdom,NY.GDP.PCAP.CD,GDP per capita (current US$),2024,53246.3676145108
ID,Indonesia,NY.GDP.PCAP.CD,GDP per capita (current US$),2007,1823.21976255073
ID,Indonesia,NY.GDP.PCAP.CD,GDP per capita (current US$),2008,2124.55483920618
ID,Indonesia,NY.GDP.PCAP.CD,GDP per capita (current US$),2009,2218.48541852977
ID,Indonesia,NY.GDP.PCAP.CD,GDP per capita (current US$),2010,3065.68348377765
ID,Indonesia,NY.GDP.PCAP.CD,GDP per capita (current US$),2011,3579.46442466152
ID,Indonesia,NY.GDP.PCAP.CD,GDP per capita (current US$),2012,3632.27254030331
ID,Indonesia,NY.GDP.PCAP.CD,GDP per capita (current US$),2013,3566.60284506078
ID,Indonesia,NY.GDP.PCAP.CD,GDP per capita (current US$),2014,3441.06808464008
ID,Indonesia,NY.GDP.PCAP.CD,GDP per capita (current US$),2015,3288.22269725538
ID,Indonesia,NY.GDP.PCAP.CD,GDP per capita (current US$),2016,3521.46943457574
ID,Indonesia,NY.GDP.PCAP.CD,GDP per capita (current US$),2017,3798.88326174526
ID,Indonesia,NY.GDP.PCAP.CD,GDP per capita (current US$),2018,3860.95353090726
ID,Indonesia,NY.GDP.PCAP.CD,GDP per capita (current US$),2019,4106.94856160358
ID,Indonesia,NY.GDP.PCAP.CD,GDP per capita (current US$),2020,3853.70288774146
ID,Indonesia,NY.GDP.PCAP.CD,GDP per capita (current US$),2021,4287.17313995098
ID,Indonesia,NY.GDP.PCAP.CD,GDP per capita (current US$),2022,4730.83484836107
ID,Indonesia,NY.GDP.PCAP.CD,GDP per capita (current US$),2023,4876.30774512252
ID,Indonesia,NY.GDP.PCAP.CD,GDP per capita (current US$),2024,4925.43048751861
IN,India,NY.GDP.PCAP.CD,GDP per capita (current US$),2007,1021.88707706826
IN,India,NY.GDP.PCAP.CD,GDP per capita (current US$),2008,992.519584923828
IN,India,NY.GDP.PCAP.CD,GDP per capita (current US$),2009,1094.94974598436
IN,India,NY.GDP.PCAP.CD,GDP per capita (current US$),2010,1347.51939071367
IN,India,NY.GDP.PCAP.CD,GDP per capita (current US$),2011,1445.46127486037
IN,India,NY.GDP.PCAP.CD,GDP per capita (current US$),2012,1429.32199520032
IN,India,NY.GDP.PCAP.CD,GDP per capita (current US$),2013,1432.84397512195
IN,India,NY.GDP.PCAP.CD,GDP per capita (current US$),2014,1553.88396075118
IN,India,NY.GDP.PCAP.CD,GDP per capita (current US$),2015,1583.99815907985
IN,India,NY.GDP.PCAP.CD,GDP per capita (current US$),2016,1707.50892912243
IN,India,NY.GDP.PCAP.CD,GDP per capita (current US$),2017,1950.10468280866
IN,India,NY.GDP.PCAP.CD,GDP per capita (current US$),2018,1966.25455171679
IN,India,NY.GDP.PCAP.CD,GDP per capita (current US$),2019,2041.42863698585
IN,India,NY.GDP.PCAP.CD,GDP per capita (current US$),2020,1907.04251637669
IN,India,NY.GDP.PCAP.CD,GDP per capita (current US$),2021,2239.61384367482
IN,India,NY.GDP.PCAP.CD,GDP per capita (current US$),2022,2347.44829434623
IN,India,NY.GDP.PCAP.CD,GDP per capita (current US$),2023,2530.12031278204
IN,India,NY.GDP.PCAP.CD,GDP per capita (current US$),2024,2694.73780859961
IT,Italy,NY.GDP.PCAP.CD,GDP per capita (current US$),2007,37826.1754554823
IT,Italy,NY.GDP.PCAP.CD,GDP per capita (current US$),2008,40828.5795580937
IT,Italy,NY.GDP.PCAP.CD,GDP per capita (current US$),2009,37099.6133958219
IT,Italy,NY.GDP.PCAP.CD,GDP per capita (current US$),2010,35856.8625485539
IT,Italy,NY.GDP.PCAP.CD,GDP per capita (current US$),2011,38432.3742820019
IT,Italy,NY.GDP.PCAP.CD,GDP per capita (current US$),2012,34854.3949441965
IT,Italy,NY.GDP.PCAP.CD,GDP per capita (current US$),2013,35701.6746002376
IT,Italy,NY.GDP.PCAP.CD,GDP per capita (current US$),2014,36028.3494022349
IT,Italy,NY.GDP.PCAP.CD,GDP per capita (current US$),2015,30639.8829751432
IT,Italy,NY.GDP.PCAP.CD,GDP per capita (current US$),2016,31391.5692898108
IT,Italy,NY.GDP.PCAP.CD,GDP per capita (current US$),2017,32844.115660604
IT,Italy,NY.GDP.PCAP.CD,GDP per capita (current US$),2018,34904.1081923834
IT,Italy,NY.GDP.PCAP.CD,GDP per capita (current US$),2019,33812.788724868
IT,Italy,NY.GDP.PCAP.CD,GDP per capita (current US$),2020,32091.4866621366
IT,Italy,NY.GDP.PCAP.CD,GDP per capita (current US$),2021,36852.5425414951
IT,Italy,NY.GDP.PCAP.CD,GDP per capita (current US$),2022,35653.9042103495
IT,Italy,NY.GDP.PCAP.CD,GDP per capita (current US$),2023,39277.0838783918
IT,Italy,NY.GDP.PCAP.CD,GDP per capita (current US$),2024,40385.3413957669
JP,Japan,NY.GDP.PCAP.CD,GDP per capita (current US$),2007,35779.0245416427
JP,Japan,NY.GDP.PCAP.CD,GDP per capita (current US$),2008,39876.3039685725
JP,Japan,NY.GDP.PCAP.CD,GDP per capita (current US$),2009,41308.9968370512
JP,Japan,NY.GDP.PCAP.CD,GDP per capita (current US$),2010,44968.1562349739
JP,Japan,NY.GDP.PCAP.CD,GDP per capita (current US$),2011,48760.0789494211
JP,Japan,NY.GDP.PCAP.CD,GDP per capita (current US$),2012,49145.2804308193
JP,Japan,NY.GDP.PCAP.CD,GDP per capita (current US$),2013,40898.6478964744
JP,Japan,NY.GDP.PCAP.CD,GDP per capita (current US$),2014,38475.3952461838
JP,Japan,NY.GDP.PCAP.CD,GDP per capita (current US$),2015,34960.6393843385
JP,Japan,NY.GDP.PCAP.CD,GDP per capita (current US$),2016,39375.4731620781
JP,Japan,NY.GDP.PCAP.CD,GDP per capita (current US$),2017,38834.0529341227
JP,Japan,NY.GDP.PCAP.CD,GDP per capita (current US$),2018,39751.1330982711
JP,Japan,NY.GDP.PCAP.CD,GDP per capita (current US$),2019,40415.9567649547
JP,Japan,NY.GDP.PCAP.CD,GDP per capita (current US$),2020,40028.7341726762
JP,Japan,NY.GDP.PCAP.CD,GDP per capita (current US$),2021,40094.5599795288
JP,Japan,NY.GDP.PCAP.CD,GDP per capita (current US$),2022,34065.6438962526
JP,Japan,NY.GDP.PCAP.CD,GDP per capita (current US$),2023,33836.1756271617
JP,Japan,NY.GDP.PCAP.CD,GDP per capita (current US$),2024,32487.0778047567
KR,"Korea, Rep.",NY.GDP.PCAP.CD,GDP per capita (current US$),2007,25078.4853957105
KR,"Korea, Rep.",NY.GDP.PCAP.CD,GDP per capita (current US$),2008,22252.3125108061
KR,"Korea, Rep.",NY.GDP.PCAP.CD,GDP per capita (current US$),2009,19937.3029137734
KR,"Korea, Rep.",NY.GDP.PCAP.CD,GDP per capita (current US$),2010,24071.2620526362
KR,"Korea, Rep.",NY.GDP.PCAP.CD,GDP per capita (current US$),2011,26175.2398553363
KR,"Korea, Rep.",NY.GDP.PCAP.CD,GDP per capita (current US$),2012,26600.5477433903
KR,"Korea, Rep.",NY.GDP.PCAP.CD,GDP per capita (current US$),2013,28449.3591104972
KR,"Korea, Rep.",NY.GDP.PCAP.CD,GDP per capita (current US$),2014,30667.0912467447
KR,"Korea, Rep.",NY.GDP.PCAP.CD,GDP per capita (current US$),2015,30171.7906545222
KR,"Korea, Rep.",NY.GDP.PCAP.CD,GDP per capita (current US$),2016,30832.0628072516
KR,"Korea, Rep.",NY.GDP.PCAP.CD,GDP per capita (current US$),2017,33296.9845439195
KR,"Korea, Rep.",NY.GDP.PCAP.CD,GDP per capita (current US$),2018,35363.9508228687
KR,"Korea, Rep.",NY.GDP.PCAP.CD,GDP per capita (current US$),2019,33826.9443301597
KR,"Korea, Rep.",NY.GDP.PCAP.CD,GDP per capita (current US$),2020,33645.7719545073
KR,"Korea, Rep.",NY.GDP.PCAP.CD,GDP per capita (current US$),2021,37518.4635305697
KR,"Korea, Rep.",NY.GDP.PCAP.CD,GDP per capita (current US$),2022,34822.4048404971
KR,"Korea, Rep.",NY.GDP.PCAP.CD,GDP per capita (current US$),2023,35674.095995632
KR,"Korea, Rep.",NY.GDP.PCAP.CD,GDP per capita (current US$),2024,36238.639908315
MX,Mexico,NY.GDP.PCAP.CD,GDP per capita (current US$),2007,10134.3327138119
MX,Mexico,NY.GDP.PCAP.CD,GDP per capita (current US$),2008,10523.7685403244
MX,Mexico,NY.GDP.PCAP.CD,GDP per capita (current US$),2009,8423.56933214711
MX,Mexico,NY.GDP.PCAP.CD,GDP per capita (current US$),2010,9728.80078377082
MX,Mexico,NY.GDP.PCAP.CD,GDP per capita (current US$),2011,10664.4944032313
MX,Mexico,NY.GDP.PCAP.CD,GDP per capita (current US$),2012,10744.1335242686
MX,Mexico,NY.GDP.PCAP.CD,GDP per capita (current US$),2013,11216.8008505428
MX,Mexico,NY.GDP.PCAP.CD,GDP per capita (current US$),2014,11391.3773497683
MX,Mexico,NY.GDP.PCAP.CD,GDP per capita (current US$),2015,10021.2386118827
MX,Mexico,NY.GDP.PCAP.CD,GDP per capita (current US$),2016,9097.92397674769
MX,Mexico,NY.GDP.PCAP.CD,GDP per capita (current US$),2017,9649.27816772402
MX,Mexico,NY.GDP.PCAP.CD,GDP per capita (current US$),2018,10084.7937562021
MX,Mexico,NY.GDP.PCAP.CD,GDP per capita (current US$),2019,10369.5553585271
MX,Mexico,NY.GDP.PCAP.CD,GDP per capita (current US$),2020,8841.27075039868
MX,Mexico,NY.GDP.PCAP.CD,GDP per capita (current US$),2021,10314.0506722115
MX,Mexico,NY.GDP.PCAP.CD,GDP per capita (current US$),2022,11405.7940473759
MX,Mexico,NY.GDP.PCAP.CD,GDP per capita (current US$),2023,13860.9597809326
MX,Mexico,NY.GDP.PCAP.CD,GDP per capita (current US$),2024,14185.7812248529
TR,Turkiye,NY.GDP.PCAP.CD,GDP per capita (current US$),2007,9766.91734545294
TR,Turkiye,NY.GDP.PCAP.CD,GDP per capita (current US$),2008,10913.4079047769
TR,Turkiye,NY.GDP.PCAP.CD,GDP per capita (current US$),2009,9076.92472236977
TR,Turkiye,NY.GDP.PCAP.CD,GDP per capita (current US$),2010,10698.9699409757
TR,Turkiye,NY.GDP.PCAP.CD,GDP per capita (current US$),2011,11373.6355760885
TR,Turkiye,NY.GDP.PCAP.CD,GDP per capita (current US$),2012,11776.7593362033
TR,Turkiye,NY.GDP.PCAP.CD,GDP per capita (current US$),2013,12635.5570016068
TR,Turkiye,NY.GDP.PCAP.CD,GDP per capita (current US$),2014,12209.3862327674
TR,Turkiye,NY.GDP.PCAP.CD,GDP per capita (current US$),2015,11064.6494504662
TR,Turkiye,NY.GDP.PCAP.CD,GDP per capita (current US$),2016,10984.3643169061
TR,Turkiye,NY.GDP.PCAP.CD,GDP per capita (current US$),2017,10756.3877677883
TR,Turkiye,NY.GDP.PCAP.CD,GDP per capita (current US$),2018,9684.11819884721
TR,Turkiye,NY.GDP.PCAP.CD,GDP per capita (current US$),2019,9395.23378001368
TR,Turkiye,NY.GDP.PCAP.CD,GDP per capita (current US$),2020,8798.11791709313
TR,Turkiye,NY.GDP.PCAP.CD,GDP per capita (current US$),2021,9981.76398411336
TR,Turkiye,NY.GDP.PCAP.CD,GDP per capita (current US$),2022,10897.8397861365
TR,Turkiye,NY.GDP.PCAP.CD,GDP per capita (current US$),2023,13375.0947282864
TR,Turkiye,NY.GDP.PCAP.CD,GDP per capita (current US$),2024,15892.7157287241
US,United States,NY.GDP.PCAP.CD,GDP per capita (current US$),2007,48050.2237771135
US,United States,NY.GDP.PCAP.CD,GDP per capita (current US$),2008,48570.0459804586
US,United States,NY.GDP.PCAP.CD,GDP per capita (current US$),2009,47194.9433547336
US,United States,NY.GDP.PCAP.CD,GDP per capita (current US$),2010,48642.6100179312
US,United States,NY.GDP.PCAP.CD,GDP per capita (current US$),2011,50024.868799398
US,United States,NY.GDP.PCAP.CD,GDP per capita (current US$),2012,51708.4011556577
US,United States,NY.GDP.PCAP.CD,GDP per capita (current US$),2013,53179.0127634561
US,United States,NY.GDP.PCAP.CD,GDP per capita (current US$),2014,54973.4207515712
US,United States,NY.GDP.PCAP.CD,GDP per capita (current US$),2015,56572.9188996063
US,United States,NY.GDP.PCAP.CD,GDP per capita (current US$),2016,57638.1018367192
US,United States,NY.GDP.PCAP.CD,GDP per capita (current US$),2017,59635.0984397965
US,United States,NY.GDP.PCAP.CD,GDP per capita (current US$),2018,62499.8744390068
US,United States,NY.GDP.PCAP.CD,GDP per capita (current US$),2019,64746.4506778863
US,United States,NY.GDP.PCAP.CD,GDP per capita (current US$),2020,63515.9491807833
US,United States,NY.GDP.PCAP.CD,GDP per capita (current US$),2021,70205.050916026
US,United States,NY.GDP.PCAP.CD,GDP per capita (current US$),2022,76657.2488844403
US,United States,NY.GDP.PCAP.CD,GDP per capita (current US$),2023,81032.262117545
US,United States,NY.GDP.PCAP.CD,GDP per capita (current US$),2024,84534.0407841548
